Código,Descrição,Fornecedor
11851,LEG CIRRE ESTAMPADO C FAIXA NEON,FABRICACAO
11764,CALCINHA DIVERSAS HANGAR,HANGAR
9901,CALCINHA KIT 2 PCS ROMANTIC POP,POP
9900,CALCINHA KIT 2 PCS COTON POP,POP
9091,CAMISETA MASCULINA PERSONAGENS OVER,OVER SIDE
3154,CALCA WALE DO WEST JEANS FEMENINO.JEZZIAN,JEZZIAN
4999,CALCINHA SEX KISS C/ ESTAMPA,ADELSON
3823,CALCOLA MICROFIBRA RENDA ZE DUDA FISL,ZE DUDA
1529,KIT MEIA FEM C 3 PS,HANGAR
6664,BLUSA M/M VISCO LISA.AGTEX FBSL,AGTEX
3481,CALCINHA MICROFIBRA BASICA HANGAR,HANGAR
3472,SHORT JEANS DIVERSAS ARRASO,ARRASO
3256,SHORT CANELADO ARRASO. FJSL,ARRASO
752,SUTIA C/ BOJO LISO REBLESSED.FIBC,REBLESSED
6850,MULLET LISO FEM.CLAUDINHO FBAR,BCC
2813,BLUSA BASICA PLUS ARRASO .FBAR,ARRASO
785,BLUSA FEM LISA BASICA ALCA P/M/G FINA ARRASO,ARRASO
17446,BLUSA DE OMBRINHO CLAUDINHO. FJSL,BCC
2111,VESTIDO C/ BABADO VISAO,VISAO MODA
4301,BERMUDA MASC NITRIX. MJPR,NITRIX
3401,REGATA PLUS GINASTICA GLOSS,GLOSS MODA
3403,REGATA LONGA GINASTICA GLOSS.FFSL,GLOSS MODA
3463,TAPA BICO SILICONE,HANGAR
18194,CASACO CAEDU PROMOCIONAL .,PROMOCIONAL
17671,JEANS PROMOCIONAL,PROMOCIONAL
2003,CALCA FEM BENGALINE .JEZZIAN,JEZZIAN
3470,KIT 3 PARES MEIAS FEM LISA MESCLADA,HANGAR
2045,REGATA LISA VISCO. AGTEX. FBSL,AGTEX
17683,CALCA LEG COS FRANZIDO C/FITA REF 52873 AEDD,AEDD
483,REGATA FITNESS FURADINHA. NILKAMP FFSL,NILKAMP
926,BERMUDA SUPLEX ESTAMPADA. NILKAMP. FFSL,NILKAMP
1354,CALCINHA FEM LISA SEM COSTURA HANGAR FISL,HANGAR
1441,BERMUDA SUPLEX ESTAMPADA PLUS.NILKAMP .FFSL,NILKAMP
1453,TOP NADADOR S/ COSTURA HM,HANGAR
1553,CIGARRETE PLUS. BLACKOUT. FJPR,BLACKOUT
1560,TOP S/ BOJO FURADINHO,NEEDFEEL
1889,CAMISETA M/M MASC ADULTO LISO MBSL. ECCO SURF MBSL,ECCO SURF
1919,BLUSA FEM GOLA V C/ ESTAMPA SORTIDA GUI,AGTEX
2176,BERMUDA MASC. COLLOR,IDISE
2177,BERMUDA MASCULINA 7763,IDISE
2281,CUECA POLIAMIDA HANGAR MORIAH (SEM TROCA),HANGAR
2301,CUECA POLIAMIDA HM,HANGAR
2370,MACACAO PANTA ALCINHA MULEKA,ANTONIA
2383,KIT CALCINHAS ROBERTA,ROBERTA
2449,CALCINHA SIMPLES RENDA AMORAMA,AMORAMA
2673,CALCA LISA JOGGER MASC JEZZIAN DIRVESAS,JEZZIAN
2769,BABYDOOL DECOTE LIGANETE CONF LINHARES,CONFECÇÃO LINHARES
2773,BERMUDA MASC JOGGER MAX DENIM REF 10651,MAX DENIM
2774,BERMUDA MASC TRADICIONAL REF : 10656,MAX DENIM
2777,SKINNY COS ALTO,MAX DENIM
2780,CALCA MASC SLIM,MAX DENIM
2785,CIGARRET COS ALTO REF: 4806,MAX DENIM
2800,CALCA MASCULINA RETA REF 30013,MINEIRO
2831,BABY LOOK V PLUS LISA AGTEX.FPSL,AGTEX
2964,SHORT JEANS DONA CHICA. FJSL,DONA CHICA
2982,CAMISA FULL PRINT,FEIRA
2984,CALCINHA S/ COSTURA RENDA COS,HANGAR
3001,CALCINHA BOX HANGA,HANGAR
3010,CALCINHA CINTA CONFORT 15 CM REF 102,LAZARO
3031,SHORT DOOL LIGANETE RENDA INAINO,GIOVANE
3147,SAIA JEANS JEZZIAN,JEZZIAN
3169,CALCA LARGA EST AEDD. FCSL,AEDD
3199,CONJUNTO VARIADOS HANGAR,HANGAR
3253,TOP BOJO RENDINHA REF 130 HANGAR,HM
3255,SHORT FEM TACTEL EST ZE DUDA FJSL,ZE DUDA
3299,CAMISA MASC FLORAL .JEZZIAN,JEZZIAN
3354,BERMUDA MASC WONE,WONE
3459,CUECA BOX POLIAMIDA HANGAR,HM
3479,SHORT LISTRADO ADT FAROL .FJSL,FAROL
5018,CALCINHA FEM COTTON STYLETTO,STYLLETO
6134,SUTIA C/ BOJO EST. CLASSICA.FISL,CLASSICA
6737,CALCA JEANS MASC NITRIX,NITRIX
6688,CALCOLA DE COTTON .ZE DUDA,ZE DUDA
3006,CALCINHA COS CONFORT 7 CM REF D 29,LAZARO
3376,BLUSA M/M STONADA C/ PEDRAS HIGH DIVERSAS,HIGH
3142,SHORT RETO JEZZIAN,JEZZIAN
3153,SHORT HOT PANTS JEZZIAN REF 66973,JEZZIAN
1846,SHORTINHO INTIMO (015),CONFECÇÃO LINHARES
3150,SHORT RETO JEZZIAN REF 66771,JEZZIAN
3043,SKINNY COS ALTO PERFECT FIT REF: 4910,MAX DENIM
1866,CALCA SKINNY COLORIDA FEM JEZZIAN DIVERSAS,JEZZIAN
2847,MACAQUINHO JEANS SENSUALLY REF : 35070,SEREIA
3007,SKINNY COS MEDIO MAX DENIM REF 4903,MAX DENIM
1458,TOP C/ BOJO DE RENDA NAS COSTAS,NEEDFEEL
6716,CALCA LEG CLM 008 NILKAMP,NILKAMP
17701,CALCA PANTACOURT EST. BELLA MODA,BELLA MODA
17571,PANO COPA .CAMESA,CAMESA
17706,MASCARA PROTECAO ACRILICO,JOEL
17572,PANO MULTIFLEX CAMESA,CAMESA
17715,MASCARA TECIDO LISO/EST GUILHERME,AGTEX
17717,BLUSA CIGANA VISCOSE C/ZIPE. JOABE FCSL,JOABE
17725,CALCA SUPLEX DE P A G3 NILKAMP,NILKAMP
17734,CALCA ALADIM ARRASO,ARRASO
17740,MACAQUINHO ALADIM ARRASO,ARRASO
2820,CALCINHA SANDRA FIO VINI,VINI
2819,CALCINHA SANDRA VINI,VINI
3046,BERMUDA MASC JOGGER,jogger
3176,MACACAO EST CORDINHA ANNE BLANC,ANNE BLANC
17718,BLUSA DELEGADA JOABE,JOABE
3190,CAMISOLA DOLL LIGANETE EST LILI,LILI
1459,TOP C/ BOJO ALCA FINA HM,HM
17872,CUECA BOXER AD LISA E ESTAMPDA.MISL,MYSTIC
3254,CALCINHA SEM COSTURA EST POLIESTER,HANGAR
3464,ENCHIMENTO SILICONE,H M
2917,CALCINHA 7 CM S COSTURA FIO HANGAR,HANGAR
2816,CALCINHA CINTA 5CM MICROFIBRA SANDRA .VINI FISL,VINI
1413,CALCINHA BOX FEM SEM COSTURA,HM
2778,SKINNY FEM COS ALTO REF : 4805,MAX DENIM
3011,CALCINHA COS PLUS CONFORT 7 CM REF 101 LIDERY.,LIDERY
2178,BERMUDA MASCULINA 7764,IDISE
2196,BERMUDA MASC 7793,IDISE
2806,BERMUDA MASC CASUAL REF 10640,MAX DENIM
2669,CUECA POLIAMIDA ZIBICK,ZIBICK
18844,JEANS PROMOCIONAL,PROMOCIONAL
17963,CALCA LEG PLUS FLANELADA REF :481 ARRASO FPSL,ARRASO
17726,BLUSA LISTRADA PUNHO E BARRA,JACKSNIPE
17992,MIX TANGA MICROFIBRA VINI,VINI
17695,SHORT DIVERSOS PROMOCIONAL,JANDER
17687,CUECA BOX INF POLIAMIDA REF CJ-M HANGAR,HANGAR
17684,CUECA BOX INF FEM POLIAMIDA REF CB-INF132 HANGAR,HANGAR
9725,CALCA INF JEANS FEM 10 AO 14 HAPPY,HAPPY KIDS
17479,CUECA BOX INFANTIL JMJ BETO,CONFECÇÃO LINHARES
4996,KIT MEIA INF MENINA HANGAR,HANGAR
17694,KIT MEIA INF MENINO HANGAR,HANGAR
8457,"BERMUDA JEANS MAS 1,2,3 DUDY BOY",PENDENTE
17853,CALCA MASC JEANS 4 A 8 PIMENTINHA,PIMENTINHA
17746,BLUSA M/M DE AMARRAR. MARCELA. FJSL,MARCELA
9492,"VESTIDO INF 1,2,3 CANELADO",ABRANGE
17971,"PROMOCIONAL SALDO 29,99",FINA ESTAMPA
17970,CALCA FEM JEANS PROMOCIONAL VARIADAS,JANDER
9977,CALCA JEANS INF MASC 1 AO 3 BEMAX,BEMAX
17696,PROMOCIONAL ( SALDAO),JANDER
8211,KIT CALCINHA C/3 INF,MENINA
17997,CALCINHA CONFORTO AD,ENCANTO FEM
17998,CALCOLA DE RENDA AD,ENCANTO FEM
17469,CALCINHA CISSA LISA/EST ADT,ENCANTO FEM
11930,BLUSAS FEM DE CREPE ALCAS FASHION OLUSHA,OULUSHA
17827,CALCA JEANS FEM 10 A 14 HAPPY,HAPPY KIDS
17922,CALCA JOGGER VISCOLYCRA GLOSS,GLOSS MODA
3272,SHORT JEANS JEZZIAN PLUS SIZE,JEZZIAN
17849,CAMISETA MASC 4 A 14 VISUAL RADICAL. MISL,VISUAL RADICAL
9017,CALCA JEANS JUV FEM MIZZU,MIZURY
17716,MASCARA PROTECAO MOVEL ACRILICO LOJA,JOEL
17905,CALCA FEM E MASC ALEX REF: 2050 / 2051 / 1004,ALEX CONFECCOES
11916,CUECA BOX POLIAMIDA HIGO THOR.MIBC,HANGAR
17862,CALCA INF FEM JEANS C/ LAVAGEM SKY E APLICACAO DUDY'S,DUDY
882,BERMUDA COLORS MASC NITRIX,NITRIX
17670,PROMOCIONAL ( SALDAO),FINA ESTAMPA
6467,CALCA JEANS INF JUV MASC,JEZZIAN
4036,CUECA BOX INF POLIAMIDA,HANGAR
6662,CALCA JEANS INF MASC,DUDY
11905,CHINELO INF PVC,VIZZI
11777,CALCINHA DIVERSAS VINI,VINI
17672,PRODUTO PROMOCIONAL,FINA ESTAMPA
17902,CALCA INF COM BABADO NA BARRA. FIPR,DUDY
17826,CALCA JEANS FEM 4 A 8 HAPPY REF 511,HAPPY KIDS
9010,"CALCA JEANS 4,6,8 FEM BLK",BLACKOUT
8042,CAMISA MASC JEANS M/L JEZZIAN,JEZZIAN
8571,CALCINHA DE MICROFIBRA FLEUR,FLEUR
11972,"CAMISA POLO INF MASC 4,6,8",ABRANGE
7577,SHORT JEANS INF JEZZIAN,JEZZIAN
783,"SALDO PROMOCIONAL 11,99 ( SEM TROCA) .",MARCA PADRÃO
3283,TOALHINHA DE ROSTO. BRUTEXTIL. AASF,BRUTEXTIL
17980,CROPPED GOLA ALTA M/M REF :1276 VISCOLISO NILKAMP,NILKAMP
17996,CALCA JEANS FEM 4 AO 8,BLACKOUT
18002,CALCA JEANS FEM 10 AO 16,BLACKOUT
18003,CALCA JEANS FEM 4 AO 8,BLACKOUT
18004,CALCA JEANS JOGUER 10 AO 16. INFANTIL. PR,BLACKOUT
18005,CALCA JEANS FEM 10 AO 16,BLACKOUT
18006,CALCA JEANS FEM 4 AO 10,BLACKOUT
18007,MACAQUINHO JEANS,BLACKOUT
18029,MACAQUINHO JEANS 4 AO 8,BLACKOUT
18019,MACAQUINHO MADAME,BLACKOUT
18030,CALCA JEANS FEM 4 AO 8,BLACKOUT
3282,PANO DE PRATO TECELAGEM,TECELAGEM
8738,BERM JEANS JUV MASC PIMENTINHA,PIMENTINHA
8786,CALCA JUV MASC WONE,WONE
17865,CALCA BEBE FLAYR FEM . IDISE,IDISE
17927,BERMUDA JEANS FEM REF 7763.IDISE,IDISE
9030,JAQUETA JEANS FEM CURTA . FABIO. FESL,VG
181,CALCINHA INF,PENDENTE
3467,TOP RENDADO TIO BETO,BETO
17977,CUECA BOXER LISO/EST. MICROFIBRA.MISL,RODRIGO MINEIRO
17964,BERMUDA CICLISTA JEANS WO REF 4103/4104/4100,WONE
17966,CALCA JEANS FEM WO REF 2151/2152/2155/2126,WONE
17914,BLUSA M/CURTA CACHARREL CANELADO BELLA MODA.FJSL,BELLA MODA
17915,BLUSA M/M TRANSADA CANELADA BELLA MODA,BELLA MODA
20116,PROMOCIONAL,FINA ESTAMPA
17573,FRONHA ESTAMPADA .CAMESA,CAMESA
18042,SUETER GOLA V PROMOCIONAL CAEDU,CAEDU
18043,CALCA FIO 80 PROMOCIONAL CAEDU,CAEDU
20161,BERMUDA MOLETINHO MASC. TRAMMA E COR,TRAMMA E COR
20162,SHORTS JOVEM. BLACKOUTH,BLACKOUT
20163,SHORTS JOVEM. BLACAKOUTH,BLACKOUT
20164,SHORTS JOVEM. BLACKOUTH,BLACKOUT
20165,SHORTS JOVEM. BLACKOUTH,BLACKOUT
20166,SHORTS JOVEM. BLACKOUTH,BLACKOUT
20167,SHORTS PLUSS. BLACKOUTH,BLACKOUT
20168,SHORTS PLUSS. BLACKOUTH,BLACKOUT
20169,SHORTS PLUSS. BLACKOUTH,BLACKOUT
20170,SHORTS PLUSS. BLACKOUTH,BLACKOUT
20171,SHORTS PLUSS. BLACKOUTH,BLACKOUT
20172,CICLISTA JOVEM. BLACKOUTH,BLACKOUT
20173,CICLISTA JOVEM. BLACKOUTH,BLACKOUT
20174,CALCA JEANS PLUS BLACKOUT REF : 71252/71253/72286,BLACKOUT
20176,CALCA JEANS NORMAL BLACKOUT REF: 71189/71190/71290,BLACKOUT
20178,SAIA JEANS. MADAME NOIR,MADAME NOIR
20179,SAIA JEANS. MADAME NOIR,MADAME NOIR
20181,SHORTS JEANS. MADAME NOIR,MADAME NOIR
20182,SHORTS JEANS. MADAME NOIR,MADAME NOIR
20184,SHORTS CURTO JEANS. MADAME NOIR. FJPR,MADAME NOIR
20195,BERMUDA MOLETON. LEASH. MJSL,LEASH
20212,BERMUDA MOLETINHO.,DAISA
20214,BABY DOOL. DIONS. FISL,DIONS
20217,MIX TANGA COTTON. VINI,VINI
20218,MIX CALCOLA COTTON ELZA LISA E ESTAMPADA. VINI. FISL,VINI
20219,SUTIA S/ BOJO LISO VINI .FIPR,VINI
20220,CALCA JEANS FEM. MAX DENIM,MAX DENIM
20222,BERMUDA JEANS PEDAL MAX DENIM,MAX DENIM
20223,"SHORT JEANS FEM, MAX DENIM",MAX DENIM
20224,CALCA JEANS MASC. MAX DENIM,MAX DENIM
20225,BERMUDA JEANS MASC. MAX DENIM,MAX DENIM
20236,BLUSA LISTRADA CANELADO. MENINA MIMOSA,MENINA MIMOSA
20237,BLUSA LISTRADA CANELADA C/ ARGOLA. MENINA MIMOSA,MENINA MIMOSA
20238,BLUSA LISTRADA CANELADA CANELADO DE AMARRAR. MENINA MIMOSA,MENINA MIMOSA
20257,BLUSA MONACO CANELADO. MENINA MIMOSA,MENINA MIMOSA
20261,CALCA JOGGER MOLETINHO. WONE,WONE
20266,SHORT DOOL FEM. KAFA,KAFA
20267,SAMBA CANCAO MASC. KAFA MISL,KAFA
20271,CUECA BOX INFANTIL ESTAMPADA. LYOS,LYOS
20272,CUECA BOX INFANTIL LISA. LYOS,LYOS
20273,SHORT DOOL ALICE LIGANETE,VINI
20274,CAMISOLA AGATHA LIGANETE VINI.FIAR,VINI
20280,SHORT JEANS VARIADO PROMOCIONAL,JANDER
20281,BERMUDA PROMOCIONAL JEANS,JANDER
20327,SHORT VARIADOS PROMOCIONAIS,PROMOCIONAL
20328,MIX BLUSAS ALCA VARIADAS PROMOCIONAIS,PROMOCIONAL
20329,CALCA LINHO VARIADAS PROMOCIONAIS,PROMOCIONAL
20330,MACACOES LINHO VARIADO PROMOCIONAIS,PROMOCIONAL
20331,MACAQUINHO VARIADO PROMOCIONAIS,PROMOCIONAL
20341,SHORT DOLL TIPO CETIM INAINO,LAZARO
20369,MULLET C/ ESTAMPA FRENTE ARRASO.FCSL,ARRASO
20370,CALCA BENGALINE C/ FAIXA LAT.ARASSO,ARRASO
20380,MEIA PERSONAGEM INF. HANGAR,HANGAR
20381,CUECA BOXER INF. KIT 006. HANGAR,HANGAR
20419,CAMISETA PERSONAGEM.LOLITA. FISL,LOLITA
20420,BERMUDA PERSONAGEM. LOLITA,LOLITA
20455,BABY DOOL FEM ALGODAO .DIONS,DIONS
20456,BABY DOOL FEM ALGODAO .DIONS,DIONS
20457,CAMISOLA REGATA MALHA ESTAMP DIONS. FIPR,DIONS
20458,CAMISOLA M\ M MALHA ESTAMPADA.DIONS FIPR,DIONS
20460,CAMISOLA REGATA MALHA ESTAMPA PLUS DIONS.FIPR,DIONS
20484,BERMUDA JEANS PLUS FEM .IDISE. FEPR,IDISE
20485,SAIA JEANS PLUS .IDISE,IDISE
20486,SHORT JEANS PLUS FEM.IDISE,IDISE
20487,CALCA JEANS PLUS FEM .IDISE,IDISE
20489,CALCA JEANS RECORTE FEM .IDISE,IDISE
20490,CALCA JEANS C/ RASGO PERNA.IDISE,IDISE
20491,CALCA JEANS FEM .IDISE,IDISE
20492,CALCA JEANS BARRA DOBRADA .IDISE,IDISE
20493,SHORT JEANS C/ CINTO FEM .IDISE,IDISE
20495,SHORT JEANS C/CINTO E BARRA DESFIADA FEM.IDISE,IDISE
20496,BERMUDA JEANS C/ DEGRAU FEM .IDISE,IDISE
20497,SHORT JEANS C/CINTO FEM.IDISE,IDISE
20498,BERMUDA JEANS BARRA DOBRADA FEM.IDISE,IDISE
20503,CAMISETA TSHIRT M/M .LEASH. MJSL,LEASH
20538,CAMISETA MASC.LEASH,LEASH
20598,SUTIA CROPPED .MI,MI
20599,CONJUNTO RENDA C/ BOJO.MI,MI
20600,CONJUNTO S/ BOJO .MI,MI
17569,TRAVESSEIRO MICRO COTTON VACUO .CAMESA,CAMESA
20633,FRONHA LISA . CAMESA,CAMESA
20648,"SHORT JEANS ,ROYACK. FEPR",ROYACK
20649,SHORT JEANS .ROYACK,ROYACK
20650,SHORT JEANS .ROYACK,ROYACK
20652,SHORT JEANS.ROYACK. FEPR,ROYACK
20653,SHORT JEANS .ROYACK,ROYACK
20654,SHORT JEANS CURTO .ROYACK. FEPR,ROYACK
20656,BERMUDA PLUS .ROYACK,ROYACK
20657,BERMUDA JEANS .ROYACK,ROYACK
20683,CAMISETA M/M HELANCA COM SILK .ECCO SURF,ECCO SURF
20728,"ROUPAS PROMOCIONAL DE 5,99 ( SEM TROCA )",PROMOCIONAL
20729,"ROUPAS VARIADAS PROMOCIONAL 7,99",PROMOCIONAL
20730,"CAMISA MIX MASC PROMOCIONAL MASC 9,99",PROMOCIONAL
20734,REGATA BAICA .VISUAL RADICAL. INFANTIL SL,VISUAL RADICAL
20772,CAMISETA TSHIRT FULL COQUEIROS .MINI MUNDO,MINI MUNDO
20782,CAMISETA REGLAN LEAO .MINI MUNDO,MINI MUNDO
20877,BERMUDA SARJA LISTRADA.PIMETINHA,PIMENTINHA
20878,BERMUDA SARJA EST ANCORA .PIMENTINHA,PIMENTINHA
20950,CAMISETA C/ BOLSO.PLURAL KIDS,PLURAL KIDS
20955,CAMISETA JEANS FULL PRINT .PLURAL KIDS,PLURAL KIDS
20961,CALCINHA CINTA AD29 CONFORT.DISTRI RIO,DISTRI RIO
20962,CALCINHA CONFORT AD31.DISTRI RIO,DISTRI RIO
20963,CALCINHA COTTON LISA AD58.DISTRI RIO. FISL,DISTRI RIO
20964,CALCINHA MICROFIBRA AD 202.DISTRI RIO,DISTRI RIO
20965,CAMISETA M/M PLUS SIZE .LEASH. MPSL,LEASH
20968,TOP VIS NEON AD 266.LIDERY,LIDERY
20975,BERMUDA COM CADARCO .SEA SURF,SEA SURF
20987,CALCA JEANS CIGARETE .JEZZIAN. FJSL,JEZZIAN
20994,SHORT MOM CLOCHARD CINTURA ALTA .,JEZZIAN
20995,CALCA SKINNY JEANS FEMININA .JEZZIAN,JEZZIAN
20996,CALCA JEANS CIGARRETE PLUS .JEZZIAN,JEZZIAN
20997,CALCA MOM JEANS CLARO FEM.JEZZIAN,JEZZIAN
20998,CALCA JEANS CIGARRETE PLUS.JEZZIAN.FEPR,JEZZIAN
21000,CALCA CIGARRETE C/NERVURA 175156/177868.JEZZIAN,JEZZIAN
21001,CALCA CIGARRETE PRETA RASGO JOELHO .JEZZIAN,JEZZIAN
21002,CALCA FLARI JEANS C/ NERVURA .JEZZIAN,JEZZIAN
21003,CALCA SARJA MASC .JEZZAN,JEZZIAN
21004,BERMUDA JEANS MASC .JEZZIAN,JEZZIAN
21006,CALCA JEANS MASC .JEZZIAN,JEZZIAN
21007,BERMUDA JEANS MASC .JEZZIAN,JEZZIAN
21008,CALCA JEANS MASC.JEZZIAN. MEPR,JEZZIAN
21009,BERMUDA SARJA ALFAIATARIA C/CINTO PRETO.JEZZIAN. MJPR,JEZZIAN
21010,BERMUDA SARJA ALF COM CINTO ESTAMPADO MASC .JEZZIN,JEZZIAN
21011,BERMUDA SARJA ALF C/CINTO ESTAMPADO MASC .JEZZIAN,JEZZIAN
21012,BERMUDA SARJA COM CINTO ESTAMPADO MASC.JEZZIAN.MCPR,JEZZIAN
21013,BERMUDA SARJA ALFA COM CINTO ESTAMPADO MASC.JEZZIAN,JEZZIAN
21020,SHORT C/ BOLSO CELULAR MAIS FITNESS E2.FFPR,MAIS FITNESS
21021,SHORT SAIA C/TULE LATERAIS .MAIS FITNESS.FFPR,MAIS FITNESS
21024,TOP LYCRA PLUS MAIS FITNES P2. FIPR,MAIS FITNESS
21025,CALCA RECORTE TULE .MAIS FITNESS /LUZIA ROSA LEAO,MAIS FITNESS
21027,TOP TIRAS .MAIS FITNESS.FFPR,MAIS FITNESS
21028,SHORT RECORTE .MAIS FITNESS/LUIZA ROSA LEAO.,MAIS FITNESS
21030,SHORT METALIZADO .MAIS FITNESS/,MAIS FITNESS
21034,TOP TULE COSTAS .MAIS FITNESS,MAIS FITNESS
21037,TOP C/TIRAS FTE .MAIS FITNESS,MAIS FITNESS
21040,TOP FRANZIDO .MAIS FITNESS,MAIS FITNESS
21042,CALCA METALIZADA MAIS FITNESS C2.FFPR,MAIS FITNESS
21044,TOP METALIZADO MAIS FITNESS C4.FFPR,MAIS FITNESS
21046,BLUSA DRY .MAIS FITNESS,MAIS FITNESS
21048,SHORT POLIAMIDA LISA .MAIS FITNESS FFPR,MAIS FITNESS
21050,TOP POLIAMIDA TRANP MAIS FITNESS E4.FFPR,MAIS FITNESS
2771,SHORT INTIMO SENHORA REF:015. STYLLETO. FISL,STYLLETO
21057,SAIA PROMOCIONAL,PROMOCIONAL
2817,CONJUNTO ANGEL VINI,VINI
21065,CALCINHA CONFORT VUS FINO .ENCANTO,ENCANTO FEM
21066,TANGA LISA .ENCANTO. ENCANTO,ENCANTO FEM
21067,TANGAO FRANZIDA .ENCANTO,ENCANTO FEM
21086,TOP LUNA ESTAMPADO FITNESS.NILKAMP. FFPR,NILKAMP
21087,TOP LUNA LISO .NILKAMP,NILKAMP
21093,PROMOCIONAL INF VARIADAS,PROMOCIONAL
21111,BERMUDA MOL COM RECORTE P/M/G MASC.GOOD BLESS,GOOD BLESS
21251,TANGA SANDUICHE/ REFILADEIRA LISA E EST REF :01/03.STYLLETO. FLSL,STYLLETO
21253,TANGAO VUS LISO E ESTAMPADO .STYLLETO. FLSL,STYLLETO
21254,TANGAO BORNEO LISO /ESTAMPADO.STYLETO,STYLLETO
21256,TANGA BILU ESTAMPADA E LISA .STYLETTO FISL,STYLLETO
21257,CUECA BOXER POLIESTER MASC.STYLETTO,STYLLETO
21258,CUECA BOXER ADULTO .STYLETTO,STYLLETO
21259,CALCA CIGARRETE 178604/175993.JEZZIAN,JEZZIAN
21263,CUECA BOXER LISA /ESTAMPADA .LINHARES ( BETO),CONFECÇÃO LINHARES
21297,SHORT JEANS COM BAIXA E BARRA DOBRADA .JEZZIAN,JEZZIAN
21298,SHORT COLOR JOGGUER .JEZZIAN,JEZZIAN
21299,BERMUDA JEANS FEM .JEZZIAN,JEZZIAN
21300,BERMUDA JEANS FEM .JEZZIAN,JEZZIAN
21304,BERMUDA JEANS COM BARRA DOBRADA MASC .JEZZIAN,JEZZIAN
21306,BERMUDA JOGGUER MASC.JEZZIAN,JEZZIAN
21307,CALCA JEANS LAVAGEM ESPONJADA .JEZZIAN. MJPR,JEZZIAN
21308,CALCA JEANS COM X TAG MA LATERAL .JEZZIAN,JEZZIAN
21309,CALCA JOGGUER .JEZZIAN,JEZZIAN
21310,CALCA JOGGUER .JEZZIAN,JEZZIAN
21311,CALCA JEANS COM CINTO JEANS PLUS .JEZZIAN,JEZZIAN
21312,BERMUDA JEANS PLUS MASC.JEZZIAN,JEZZIAN
21334,CALCA JEANS INF .PIMENTINHA,PIMENTINHA
21335,CALCA JEANS INF.PIMENTINHA,PIMENTINHA
21336,CALCA COLOR INF PIMENTINHA IO4PR,PIMENTINHA
21337,CALCA COLOR INF.PIMENTINHA IO4PR,PIMENTINHA
21338,CALCA COLOR INF .PIMENTINHA IO4PR,PIMENTINHA
21339,CALCA JEANS FEM CARGO .IDISE,IDISE
21342,CALCA JEANS PLUS FEM SIZE .IDISE,IDISE
21343,SALOPETE JEANS PLUS SIZE FEM .IDISE. FEPR,IDISE
21349,CALCINHA COS ELASTICO ESTAMPADO C25 .BETO,BETO
21350,CUECA BOXER ESTAMPADO B-02 IN .BETO,BETO
21365,CALCA JEANS COM BOLSOS FTI.BLK,BLK
21366,CALCA JEANS COM NERVURA .BLK,BLK
21377,CALCA JEANS JOGGUER JUVENIL FJPR,BLK
21418,CALCA JOGGUER FEM JUNIOR,JUNIOR
21421,BERMUDA INTIMA SEGUNDA PELE C/ RENDA M/G/GG.MI,MI
21422,CAMISOLA ESTAMPADA ALCA FINA M/G.MI,MI
21429,BERMUDA SARJA LISTRADA MASC MI.MCPR,MI
21457,SHORT FITNESS FEM .MAIS FITNESS,MAIS FITNESS
21481,CALCINHA INFANTIL .AMOR DE MAE,AMOR DE MÃE
21483,SHORT LADY FITNESS NILKAMP. FFSL,NILKAMP
21582,BLUSA FEM COM BOTAO AMARRACAO JD8863.JACKSNIPE,JACKSNIPE
21583,SHORT FEM CHOCHARD FAIXA DK010.JACKSNIPE,JACKSNIPE
21585,SHORT LINHO LISTRADO C/FAIXA JS 8869.JACKSNIPE,JACKSNIPE
21586,CAMISA FEM LISTRADA LINHO JS8819.JACKSNIPE,JACKSNIPE
21587,CAMISA FEM BOTAO ESTAMPADA JS8821.JACKSNIPE,JACKSNIPE
21588,CAMISA FEM ESTAMPADA PLUS AM3104/3024//2183/3104/3043/3063.JACKSNIPE,JACKSNIPE
21602,TOP LINGIRIE COM RENDA .LOUCA PAIXAO,LOUCA PAIXÃO
21609,CONJUNTO SOUTIEN FEM +2 CALCINHAS 8032.LOUCA PAIXAO,LOUCA PAIXÃO
21613,BERMUDA DRY SILK SPORTS MASC .FLAVIO MFSL,HB RIO
21616,CONJUNTO LINGIRIE FEM 29198.LILI,LILI
21622,CONJUNTO LINGIRIE FEM 29196.LILI,LILI
21623,CONJUNTO LINGIRIE FEM 238.LILI,LILI
21624,CONJUNTO HMC 5 LINGIRIE FEM .LILI,LILI
21626,CONJUNTO LINGIRIE COM RENDA .LILI,LILI
21628,CALCINHA CINTA AD HM SC15S.HANGAR,HANGAR
21630,CONJUNTO LINGIRIE AD F21.LILI,LILI
21637,CONJUNTO LINGIRIE PLUS AD REF:012 (NEEDFEEL).LILI,LILI
21638,CONJUNTO LISO COM RENDA AD REF:15133.LILI,LILI
21643,CALCINHA CINTA REF:SC20S.HANGAR,HANGAR
21678,BERMUDA PEDAL JEANS FEM REF 5041.DECIZAO,DECIZÃO
21679,BERMUDA PEDAL JEANS FEM REF:2161.DECIZAO,DECIZÃO
21680,BERMUDA PEDAL JEANS FEM RE:2160.DECIZAO,DECIZÃO
21681,SHORT JEANS C/BOTOES FORRADO REF:1658.DECIZAO,DECIZÃO
21682,SHORT JEANS BARRA DOBRADA PUIDO REF:1608.DECIZAO,DECIZÃO
21683,SHORT JEANS BAILARINA REF:1647.DECIZAO,DECIZÃO
21684,SHORT JEANS COS E BARRA DESFIADO REF:1659.DECIZAO,DECIZÃO
21685,SAIA JEANS COM PUIDO REF:7197.DECIZAO,DECIZÃO
21686,SAIA JEANS C/ FAIXA E PUIDO REF:7179.DECIZAO,DECIZÃO
21728,FOREO P/ LIMPEZA FACIAL. IMPORTADO BRAS. AATR,IMPORTADO (BRÁS )
21748,BLUSA M/M GOLA PLUS REF:8030 .JIN DG,JIN DG
21751,BLUSA M/M ESTAMPADA BOTOES REF:8051 .JIN DG,JIN DG
21755,BLUSA M/M ESTAMPADA C/ BOLSO PLUS REF:7852.JIN DG,JIN DG
21791,SHORT BARRA VIRADA MADAME REF:32729. BLACKOUT,BLACKOUT
21792,SHORT JEANS PLUS REF:42401.BLACKOUT,BLACKOUT
21793,SHORT JEANS PLUS REF:42402 JEANS CLARO.BLACKOUT,BLACKOUT
21794,SHORT JEANS PLUS C/ BOLSO REF:42406.BLACKAOUT,BLACKOUT
21795,SHORT PEDAL JOVEM REF:50219.BLACKOUT,BLACKOUT
21796,CONJUNTO C/ RENDA CROPPED E CALCINHA.CAMALU,CAMALÚ
21797,CONJUNTO C/RENDA TOP E CALCINHA .CAMALU,CAMALÚ
21798,CALCINHA C/RENDA .CAMADU,CAMALÚ
21805,SHORT VISCOLYCRA AD .ARRASO. FBSL,ARRASO
21809,TOP COTTON NADADOR .RG (FLAVIO),RG
21810,CONJUNTO INTIMO INFANTIL. RG .FA4SL,RG
21824,CALCA 1215/2 DESTROY MASCULINA .WONE,WONE
21831,CALCA FEMININA 2156/1 AMACIADA.WONE,WONE
21837,TOP RENDA .LILI,LILI
21838,CALCINHA RENDA .LILI,LILI
21839,CONJUNTO RENDA / LISO .LILI,LILI
21855,CAMISETA MEIA MANGA INF PERSONAGEM FULL PRINT IN4SL .ECCO SURF,ECCO SURF
21864,CALCA MONTARIA IMPORTADA .NILKAMP,NILKAMP
21869,CALCA CAPRI BOLSO LISA GLOSS MODA,GLOSS MODA
21979,SHORT FEM CLOCHARD BY JEANS .WONE,WONE
21980,SHORT FEM BARRA DOBRADA BY JEANS .WONE,WONE
"2,20E+04",BERMUDA RASGADA BY JEANS .WONE,WONE
"2,20E+12",Cueca Box Lisa e Estampada,RODRIGO MINEIRO
"2,20E+12",Cueca Box Lisa e Estampada,RODRIGO MINEIRO
"2,20E+12",Cueca Box Lisa e Estampada,RODRIGO MINEIRO
"2,20E+12",Cueca Box Lisa e Estampada,RODRIGO MINEIRO
"2,20E+12",Cueca Box Lisa e Estampada,RODRIGO MINEIRO
"2,20E+12",Cueca Box Lisa e Estampada,RODRIGO MINEIRO
"2,20E+12",Cueca Box Lisa e Estampada,RODRIGO MINEIRO
"2,20E+12",Cueca Box Lisa e Estampada,RODRIGO MINEIRO
"2,20E+12",Cueca Box Lisa e Estampada,RODRIGO MINEIRO
"2,20E+12",Cueca Box Lisa e Estampada,RODRIGO MINEIRO
"2,20E+12",Cueca Box Lisa e Estampada,RODRIGO MINEIRO
"2,20E+12",Cueca Box Lisa e Estampada,RODRIGO MINEIRO
"2,20E+12",Cueca Box Lisa e Estampada,RODRIGO MINEIRO
"2,20E+12",Cueca Box Lisa e Estampada,RODRIGO MINEIRO
"2,20E+12",Cueca Box Lisa e Estampada,RODRIGO MINEIRO
"2,20E+12",Cueca Box Lisa e Estampada,RODRIGO MINEIRO
"2,20E+12",Cueca Box Lisa e Estampada,RODRIGO MINEIRO
"2,20E+12",Cueca Box Lisa e Estampada,RODRIGO MINEIRO
"2,20E+12",Cueca Box Lisa e Estampada,RODRIGO MINEIRO
"2,20E+12",Cueca Box Lisa e Estampada,RODRIGO MINEIRO
"2,20E+12",Cueca Box Lisa e Estampada,RODRIGO MINEIRO
"2,20E+12",Cueca Box Lisa e Estampada,RODRIGO MINEIRO
"2,20E+12",Cueca Box Lisa e Estampada,RODRIGO MINEIRO
"2,20E+12",Cueca Box Lisa e Estampada,RODRIGO MINEIRO
"2,20E+12",Cueca Box Lisa e Estampada,RODRIGO MINEIRO
"2,20E+12",Cueca Box Lisa e Estampada,RODRIGO MINEIRO
"2,20E+12",Cueca Box Lisa e Estampada,RODRIGO MINEIRO
"2,20E+12",Cueca Box Lisa e Estampada,RODRIGO MINEIRO
"2,20E+12",Cueca Box Lisa e Estampada,RODRIGO MINEIRO
"2,20E+12",Cueca Box Lisa e Estampada,RODRIGO MINEIRO
"2,20E+12",Cueca Box Lisa e Estampada,RODRIGO MINEIRO
"2,20E+12",Cueca Box Lisa e Estampada,RODRIGO MINEIRO
"2,20E+12",Cueca Box Lisa e Estampada,RODRIGO MINEIRO
"2,20E+12",Cueca Box Lisa e Estampada,RODRIGO MINEIRO
"2,20E+12",Cueca Box Lisa e Estampada,RODRIGO MINEIRO
"2,20E+12",Cueca Box Lisa e Estampada,RODRIGO MINEIRO
"2,20E+12",Cueca Box Lisa e Estampada,RODRIGO MINEIRO
"2,20E+12",Cueca Box Lisa e Estampada,RODRIGO MINEIRO
"2,20E+12",Cueca Box Lisa e Estampada,RODRIGO MINEIRO
"2,20E+12",Cueca Box Lisa e Estampada,RODRIGO MINEIRO
"2,20E+12",Cueca Box Lisa e Estampada,RODRIGO MINEIRO
"2,20E+12",Cueca Box Lisa e Estampada,RODRIGO MINEIRO
"2,20E+12",Cueca Box Lisa e Estampada,RODRIGO MINEIRO
"2,20E+12",Cueca Box Lisa e Estampada,RODRIGO MINEIRO
"2,23E+04",CUECA BOX POLIAMIDA REF:1201.HAD BRAZIL MISL,HAD DO BRAZIL
"2,23E+04",KIT MEIA MASC LISA. HAD BRAZIL. AASF,HAD DO BRAZIL
"2,23E+04",KIT MEIA INF ESTAMPADA.HAD BRAZIL,HAD DO BRAZIL
"2,23E+04",KIT MEIA FEM ESTAMPADA.HAD BRAZIL,HAD DO BRAZIL
"2,24E+04",LENCO CETIM ESTAMPA VARIADAS. IMPORTADA. FABIANA. AASF,FABIANO
"2,24E+04",BLUSA M/M GOLA V CANELADA .FAROL,FAROL
"2,24E+04",CALCOLA REBECA / BARBARA/ CLARICE MIX MICROFIBRA .VINI FISL,VINI
"2,24E+04",VESTIDO M/M BOTOES .TOPISSIMA,TOPISSIMA
"2,24E+04",CALCA JEANS FEM PROMOCIONAL 3 POR R$ 100,WONE
"2,24E+04",SHORT DOLL ROMANTE RENDA REF:198 M .DELA SPIGA FISL,DELA SPIGA
22419,CAMISOLA C/ RENDA ROMANTIQUE.LINDA BELLA.FIAR,LINDA BELLA
22421,SHORT DOOL LIGANTE EST JANA VINI.FIAR,VINI
22433,BLUSA XADREZ C/ BOTOES. JIN DG. FJSL,JIN DG
22469,"MERCADORIA PROMOCIONAL 3 POR 60,00.",MARCA PADRÃO
22482,CUECA BOX LISA E ESTAMPADA PLUS REF :312.STYLLETO,STYLLETO
22484,CALCINHA CC-5M POLIAMIDA .HANGAR,HANGAR
22507,CAMISETA M/M BASICA PENTEADA .ECCO SURF,ECCO SURF
22587,BOLSA . ROBSON SAO PAULO,ROBSON SÃO PAULO
22607,CALCA ESTAMPADA C/ BOLSO VISCOSE .IMPORTADO BRAS FCPR,IMPORTADO (BRÁS )
22620,SUTIA COM RENDA .TOQUE SECRETO .FIPR,TOQUE SECRETO
22621,SUTIA COM RENDA .TOQUE SECRETO .FIPR,TOQUE SECRETO
22622,SUTIA COM RENDA .TOQUE SECRETO .FIPR,TOQUE SECRETO
22623,SUTIA COM RENDA .TOQUE SECRETO .FIPR,TOQUE SECRETO
22624,SUTIA COM RENDA TOQUE SECRETO .FIPR,TOQUE SECRETO
22625,SUTIA COM RENDA TOQUE SECRETO.FIPR,TOQUE SECRETO
22626,SUTIA COM RENDA TOQUE SECRETO .FIPR,TOQUE SECRETO
22634,TANGA POPULAR DE MICROFIBRA .ZE DUDA FISL,ZE DUDA
22647,BLUSA FEM MULLET DRY M/M NILKAMP FFSL,NILKAMP
22648,CAMISETA MASCULINA C /SILK OXIGENIO.NILKAMP MCSL,NILKAMP
22651,CAMISA POLO LISA DK . MCSL,DUKY
22652,BERMUDA MASC BRIN 36 A 46FEL .MCPR,FEL
22653,CAMISETA MASC BASICA .DUKY .MJMS,DUKY
22665,BERMUDA VIES AO REDOR PLUS GOOD BLESS MJSL,GOOD BLESS
22668,SHORT FEM INFATIL MOLETOM LISO 4 A 8.GOOD BLESS,GOOD BLESS
22676,CALCA VISCOSE CENOURA LISA AME-SE FCPR,AME -SE
22677,CALCA VISCOSE CENOURA ESTAMPADA AME-SE .FCPR,AME -SE
22682,TANGAO ANA EM RENDA STYLLETO .FIPR,STYLLETO
22683,CUECA BOX LISTRADA STYLLETO .MIPR,STYLLETO
22684,CUECA CICLISTA STYLLETO MIPR,STYLLETO
22685,CALCINHA INFATIL MICROFIBRA STYLLETO .FA4SL,STYLLETO
22688,CUECA FEMININA MICROFIBRA .FIPR,STYLLETO
22689,SAMBA CANCAO MICROFIBRA STYLLETO MIPR,STYLLETO
22692,BABY DOLL MALHA ALCA FINA .DIONS FIPR,DIONS
22693,BABY DOLL MALHA REGATA SHORT LISO.DIONS FIPR,DIONS
22694,BABY DOLL MALHA REGATA SHORT ESTAMP.DIONS FIPR,DIONS
22695,BABY DOLL MALHA M/M MALHA ESTAMP.DIONS .FIPR,DIONS
22696,LEGGING C/TULE LISA .MAIS FITNESS.FFPR,MAIS FITNESS
22697,BERMUDA PLUS SIZE FEM MAIS FITNESS P2. FFPR,MAIS FITNESS
22698,CALCA LEGGING FEM PLUS .MAIS FITNESS FFPR,MAIS FITNESS
22699,CALCA LYCRA LISA .MAIS FITNESS .FFPR,MAIS FITNESS
22701,BERMUDA LISA FEM .MAIS FITNESS .FFPR,MAIS FITNESS
22702,BERMUDA C /TULE FEM.MAIS FITNESS.FFPR,MAIS FITNESS
22703,TOP FEM .MAIS FITNESS FFPR,MAIS FITNESS
22704,TOP FEM .DETALHE DECOTE.MAIS FITNESS FFPR,MAIS FITNESS
22715,TOP 3D FEM DETALHE NA FRENTE .MAIS FITNESS FFPR,MAIS FITNESS
22719,CAMISOLA M/M MALHA ESTAMPADA PLUS DIONS FIPR,DIONS
22720,BABY DOLL MALHA REGATA PLUS DIONS .FIPR,DIONS
22721,BABY DOLL MALHA M/M PLUS DIONS.PIPR,DIONS
22722,PIJAMA MASC SHORT M/M MALHA DIONS .MIPR,DIONS
22723,PIJAMA INFANTIL ALCA FINA DIONS A4PR,DIONS
22724,PIJAMA INFANTIL REGATA DIONS A4PR,DIONS
22725,PIJAMA INFANTIL M/M DIONS .A4PR,DIONS
22726,PIJAMA INFANTIL REGATA DIONS. O4PR,DIONS
22727,PIJAMA INFANTIL M\M 04PR.DIONS. O4PR,DIONS
22728,CALCA BRANCA BRIN C/ELASTANO IDISE JEANS .FEPR,IDISE
22729,CALCA MOM COLOR DESTROY IDISE.FPR,IDISE
22730,CALCA WIDE LEG COLOR BARRA DESFIADA IDISE FEPR,IDISE
22731,COLETE CROPPED COLOR BRIN IDISE.FIPR,IDISE
22733,BERMUDA S/BAINHA DESTROY IDISE.FEPR,IDISE
22734,SHORT BRIN COLOR COIS ALTO S/BAINHA IDISE.FEPR,IDISE
22735,SHORT JEANS C/BOTOES DESTROY BARRA DESFIADA IDISE FEPR,IDISE
22736,SHORT BRIN COLOR BARRA DESFIADA IDISE.FEPR,IDISE
22737,SHORT BRIN COLOR BARRA VIRADA IDISE.FIPR,IDISE
22738,SHORT JEANS BARRA DESFIADA DESTROY.FEPR,IDISE
22739,JARDINEIRA BRIN COLOR CURTA BARRA DESFIADA IDISE.JPR,IDISE
22740,MACAQUINHO JEANS BRIN COLOR CURTA BARRA DESFIADA IDISE.FEPR,IDISE
22741,JARDINEIRA JEANS BARRA DESFIADA IDISE.FEPR,IDISE
22742,MACAQUINHO JEANS ALCA AMARRADA IDISE.FEPR,IDISE
22743,SAIA JEANS TRI COLOR BARRA DESFIADA IDISE.FEPR,IDISE
22744,SHORT JEANS PLUS DESTROY IDISE. FPPR,IDISE
22745,SHORT JEANS PLUS C/ CINTO IDISE .FEPR,IDISE
22746,SHORT JEANS PLUS DESTROY BARRA VIRADA IDISE. FEPR,IDISE
22753,CALCA JEANS MASC DESTROY ESCURA IDISE. MEPR,IDISE
22758,CAMISETA M/M PLUS MASC DESAYNER.MPPR,DESAYNER
22759,CAMISETA PLUS M/M MASC DESAYNER. MPPR,DESAYNER
22760,CAMISETA M/M PLUS MASC DESAYNER.MPPR,DESAYNER
22761,CAMISETA M/M PLUS MASC DESAYNER.MPPR,DESAYNER
22762,CONJUNTO S/BOJO REFORCADO VERSALLY .FIPR,VERSALLY
22763,CONJUNTO SUTIA ANA JULIA VERSALLY .FIPR,VERSALLY
22764,CONJUNTO SUTIA DRAPEADO VERSALLY.FIPR,VERSALLY
22765,CONJUNTO CROPPED VERSALLY .FIPR,VERSALLY
22766,BABY DOLL CROPPED C/RENDA VERSALLY .FIPR,VERSALLY
22767,BABY DOLL LISO FEM VERSALLY.FIPR,VERSALLY
22768,BABY DOLL CROPPED C/RENDA DUPLA VERSALLY. FIPR,VERSALLY
22769,CAMISOLA LISA RENDA VERSALLY.FIPR,VERSALLY
22770,CAMISOLA TULE RENDA FEM VERSALLY .FIPR,VERSALLY
22771,CAMISOLA LISA GOLA V FEM VERSALLY.FIPR,VERSALLY
22775,TOP FEM C/ BOJO CORES .SEA SURF.FJSL,SEA SURF
22778,CALCA LEGGING FLANELADA PLUS GLOSS FPSL,GLOSS MODA
22781,SHORT DOLL LIGANETE ESTAMPADO LINHARES .FISL,CONFECÇÃO LINHARES
22785,MACAQUINHO MANGA LONGA CYNDHEL.FJPR,FLORATTA
22786,CALCA PANTALONA ESTAMPADA CYNDHELL.FJPR,FLORATTA
22794,CHAMISE PRINCESA ESTAMPADO ANTONIA .FCSL,ANTONIA
22795,CHAMISE TRADICIONAL LISA E EST ANTONIA .FCSL,ANTONIA
22800,VESTIDO ALCA MID C/BOTOES ANTONIA .FJSL,ANTONIA
22806,BLUSA MEIA MANGA SUEDE. AGTEX.FCSL,AGTEX
22826,SHORT MOLETIN FEM MORENA FLOR .FJSL,MORENA FLOR
22828,BERMUDA MOLETINHO LISTRADA MASC SEMINAS.MJSL,CARIOCA SOUL
22832,BLUSA ESTAMPA ESCRITA MANGA BUFANTE.MC JU FCPR,MC JU
22835,VESTIDO M/M VISCOLYCRA C/FENDA MC JU.FJPR,MC JU
22838,BLUSA MEIA MANGA C/ CAPUZ MC JU. FJPR,MC JU
22841,BLUSA M/M C/OLERLOCK MC .FJPR,MC JU
22844,BLUSA BOTOES CANELADA MC JU .FCPR,MC JU
22847,CAMISETA M/M CROPPED DUAS CORES MC JU.FCPR,MC JU
22849,"SHORT MOL LISO NEON SOFT MC JU,FJPR",MC JU
22853,SHORT MOL C/BOLSO PLUS MC JU.FJPR,MC JU
22857,CROPPED POA C/ AMARRACAO E MANQUINHA MC.FJPR,MC JU
22858,SAIA ENVELOPE POA BABADO MC .FCPR,MC JU
22859,SHORT CINTO AMARRACAO POA MC JU .FCPR,MC JU
22870,BLUSA CIGANINHA FEM MODA CARIOCA .FJPR,MODA CARIOCA
22882,MACAQUINHO INF A4 SUBLIMADO MINHA FLOR .IA4PR,MINHA FLOR
22884,BERMUDA FIT TRES LISTRAS LIDERY J2 FFPR,LIDERY
22885,BLUSA POLIAMIDA COM RENDA ALCA FINA PLUS. SEA SURF. FPPR,SEA SURF
22886,TOP SUPLEX DECOTE V LIDERY L2 FFPR,LIDERY
22887,CALCA MONTARIA BOLSO LISA LIDERY L1 FFPR,LIDERY
22888,TOP FITNESS COM TELA LIDERY.FFPR,LIDERY
22889,CALCA SUPLEX COM LISTRA LIDERY C1 FFPR,LIDERY
22890,BLUSA M/M ESTAMPADA DE FLOCAGEM PERSONAGEM. AGTEX FJSL,AGTEX
22891,BERMUDA SUPLEX COM LISTRA TRANSVERSAL LIDERY C2 FFPR,LIDERY
22892,BLUSA M/M ESTAMPADA C/CORACAO DE PEROLA.AGTEX.FCSL,AGTEX
22893,TOP NADADOR TRES LISTRAS COM TELA LIDERY C3 FFPR,LIDERY
22894,CONJUNTO INF A4 BLUSA E JARDINEIRA C/SILK,MINHA FLOR
22895,BERMUDA COM BOLSO LATERAL LIDERY K2 FFPR,LIDERY
22896,CJ INFANTIL A4 BLUSA M/M MALHA E MOL NEON MINHA FLOR.IA4PR,MINHA FLOR
22897,TOP REGATA FURO NAS COSTA LIDERY K3 FFPR,LIDERY
22898,CALCA SUPLEX DUAS CORES LIDERY K1 FFPR,LIDERY
22899,CJ INFANTIL A4 BLUSA MALHA SUBLIMADO MINHA FLOR .IA4PR,MINHA FLOR
22900,BERMUDA COM LISTRA NEON LIDERY G2 FFPR,LIDERY
22901,TOP SUPLEX LISTRA NEON. LIDERY. FFPR,LIDERY
22902,CALCA LISTRA LATERAL . LIDERY. FFPR,LIDERY
22903,SHORT LISTRA TRANSVERSAL NEON LIDERY I2 FFPR,LIDERY
22904,BERMUDA LISTRA LATERAL NEON LIDERY E2 FFPR,LIDERY
22905,TOP SUPLEX ALCA DUPLA FAIXA NEON LIDERY E3 FFPR,LIDERY
22906,CALCA SUPLEX BARRA NEON LIDERY E1 FFPR,LIDERY
22907,SHORT COM LISTRA DE TELA NEON TRANSV LIDERY D4 FFPR,LIDERY
22908,BERMUDA COM BOLSO LATERAL NEON LIDERY D2 FFPR,LIDERY
22910,TOP TELA NEON LIDERY D3 FFPR,LIDERY
22911,CALCA BARRAS TRANSVERSAIS TELA NEON LIDERY D1 FFPR,LIDERY
22912,CROPPED MANGA LONGA NEON CORTE LATERAL LIDERY FFPR,LIDERY
22916,CROPPED M/L MOLETON SEM COSTURA. AGTEX. FJAR,AGTEX
22932,CALCINHA CINTA CONFORT 20CM. LIDERY. FIBC,LIDERY
22933,CALCINHA CINTA CONFORT 10 CM .LIDERY .FISL,LIDERY
22937,CALCINHA COS ALTO. LIDERY. FIBC,LIDERY
22941,CALCINHA ROMANTIQUE CONFORT LISA . LIDERY. FIBC,LIDERY
"2,29E+04",CALCINHAS COS 10CM. LIDERY. FIBC,LIDERY
"2,27E+12",CALCOLA C RENDA TRASEIRA PLUS DELA SPIGA FIPR,DELA SPIGA
22945,CALCOLA COM RENDA FRONTAL DELA SPIGA FIPR,DELA SPIGA
22946,CALCINHA COIS DE RENDA DELA SPIGA FIPR,DELA SPIGA
22947,CALCOLA COM RENDA LATERAL DELA SPIGA FIPR,DELA SPIGA
22948,SUTIA RENDA SEM BOJO DELA SPIGA FIPR,DELA SPIGA
22949,SUTIA SEM BOJO C/RENDA AMAMENTACAO DELA SPIGA FIPR,DELA SPIGA
22950,SUTIA SEM BOJO C/RENDA DELA SPIGA FIPR,DELA SPIGA
22951,SUTIA SEM BOJO C/RENDA DELA SPIGA FIPR,DELA SPIGA
22952,SUTIA SEM BOJO C/RENDA DELA SPIGA FIPR,DELA SPIGA
22953,BODY COM BOJO E TULE DELA SPIGA FIPR,DELA SPIGA
22954,BODY SEM BOJO M/M REDADO DELA SPIGA FIPR,DELA SPIGA
22955,CROPPED DE TULE COM RENDA NA BARRA DELA SPIGA FIPR,DELA SPIGA
22956,CONJ. SHORT LIGANETE E RENDA C/TOP RENDADO DELA SPIGA FIPR,DELA SPIGA
22958,CONJ CALCINHA RENDA E TULE C/SUTIA BOJO DELA SPIGA FIPR,DELA SPIGA
22959,CONJ INTIMO COM RENDA DELA SPIGA FIPR,DELA SPIGA
22960,CONJ INTIMO RENDADO DELA SPIGA FIPR,DELA SPIGA
22961,CONJ INTIMO C/RENDA E MICROFIBRA DELA SPIGA FIPR,DELA SPIGA
22962,CALCA JEANS COM PERNA DOBRADA E RASGO. ROYACK. FEPR,ROYACK
"2,30E+04",CALCA JEANS DESTROY VOM BARRA DOBRADA E CINTO DE AMARRAR. ROYACK. FEPR,ROYACK
22965,CALCA JEANS DESTROY AZUL COM BARRA DOBRADA. ROYACK. FEPR,ROYACK
22967,SHORT JEANS CLARO DESTROY BARRA DESFIADA. ROYACK. FEPR,ROYACK
"2,30E+04",CAMISOLA ROMANTIQUE LISA RENDA DELA SPIGA FISL,DELA SPIGA
22969,BODY C/BOJO LISO COM RENDA FIPR,DELA SPIGA
22970,SHORT JEANS DESTROY SEM COSTURA E CINTO DE AMARRAR. ROYACK. FEPR,ROYACK
22971,BODY M/M COM RENDA DELA SPIGA FIPR,DELA SPIGA
22972,BODY SEM BOJO RENDADO PLUS DELA SPIGA FIPR,DELA SPIGA
22973,SHORT JEANS DESTROY E CADARCO. ROYACK. FEPR,ROYACK
22975,SHORT JEANS ESCURO COM LEVES DESTROY. ROYACK. FEPR,ROYACK
22976,BODY SEM BOJO RENDADO PLUS DELA SPIGA FIPR,DELA SPIGA
22977,CAMISOLA ROMANTIQUE C/ RENDA LATERAL PLUS DELA SPIGA FIPR,DELA SPIGA
22979,SHORT SUPLEX COM BOLSO LATERAL DE TELA DELA SPIGA FFSL,DELA SPIGA
22980,SHORT SUPLEX ESTAMP/LISO DELA SPIGA FFPR,DELA SPIGA
22981,FAIXA DE CABELO DIVERSOS P/ MAKE. FEIRAO DA MAQUIAGEM AASF,FEIRÃO DA MAQUIAGEM
22982,SHORT DOOL ROMANTIQUE LISO PLUS DELA SPIGA FIPR,DELA SPIGA
22983,TOP SUPLEX NADADOR TRANCADO DELA SPIGA FFPR,DELA SPIGA
22984,TOP SUPLEX COM TELA DELA SPIGA FFPR,DELA SPIGA
22985,TOP SUPLEX DECOTE VAZADO FRENTE COR LISA DELA SPIGA FFPR,DELA SPIGA
22986,TOP SUPLEX TRACADO DELA SPIGA FFPR,DELA SPIGA
22987,TOP SUPLEX COM LINHA COLORIDA DELA SPIGA FFSL,DELA SPIGA
22988,BERMUDA JEANS MASCULINA GRADE C/3 INFANTIL MIPR,DUDY
22989,BERMUDA COLORIDA MASCULINA MIPR,DUDY
22991,CALCA PRETA INFANTIL MASCULINA MIPR,DUDY
22992,CALCA COLORIDA INFANTIL MASCULINA MIPR,DUDY
22993,CALCA JOGGER MASCULINA MIPR,DUDY
22994,CALCA JEANS MASCULINA MIPR,DUDY
22995,CALCA JOGGER MILITAR MASCULINA MIPR,DUDY
23003,BERMUDA ALFAIATARIA MASCULINA JEZZIAN MCPR,JEZZIAN
23010,CONJUNTO EM MEIA MALHA FITA REGIDA E MOLETOM CARECA. BOCHECHINHA.MIPR,BOCHECHINHA
23012,CALCA JEANS AMACIADA VARIADAS JEZZIAN .FESL,JEZZIAN
23013,CALCA JEANS FEM BASICA VARIADOS JEZZIAN .FESL,JEZZIAN
23015,CAMISETA M/M ESTAMPADA C/ AMARRACAO FRONTAL ARCO IRIS FJPR,ARCO ÍRIS
23019,JOGO DE CARTAS UNO. IMPORTADO BRAS. AASF,IMPORTADO (BRÁS )
23020,CABO USB TIPO C INOVA AAT,INOVA
23021,CABO USB TURBO IOS/TIPO C LAU.RA. IMPORTADO BRAS. AASF,IMPORTADO (BRÁS )
23022,CABO USB TIPO MICRO INOVA AAT,IMPORTADO (BRÁS )
23025,NECESSAIRE C/ PAETE ZIPER DOURADO. IMPORTADO BRAS. AASF,IMPORTADO (BRÁS )
23029,CHAVEIRO POMPOM COLORIDO SIMONE AAT,SIMONE
23030,NECESSAIRE GRANDE. IMPORTADO BRAS. AASF,IMPORTADO (BRÁS )
23031,NECESSAIRE MEDIA. SIMONE. AAT,SIMONE
23032,CHAVEIRO BORRIFADOR ALCOOL SIMONE AAT,SIMONE
23033,CHAVEIRO ESPELHO DECORADO SIMONE AAT,SIMONE
23034,CHAVEIRO ALCOOL GEL. SIMONE. AASF,SIMONE
23035,NECESSAIRE TRANSP. C/ EST PEQUENA. IMPORTADO BRAS. ATT,IMPORTADO (BRÁS )
23036,NECESSAIRE PEQUENA. IMPORTADO BRAS. AAT,IMPORTADO (BRÁS )
23037,PORTA CARTAO ESTAMPADO. SIMONE. AASF,SIMONE
23038,PORTA CHAVES ESTAMPADO SIMONE AAT,SIMONE
23039,NECESSAIRE GRANDE C/ TRANSP NO CENTRO E ALCA LATERAL. IMPORTADO BRAS . AAT,IMPORTADO (BRÁS )
23040,KIT UNHA CORUJA. SIMONE. AASF,SIMONE
23041,NECESSAIRE GRANDE C/ DIVISORIA. IMPORTADO BRAS. AASF,IMPORTADO (BRÁS )
23042,CHAVEIRO URSINHO SIMONE AAT,SIMONE
23043,NECESSAIRE MASCULINA SIMONE AAT,SIMONE
23044,NECESSAIRE COM ZIPER LARGO LIS/ EST. IMPORTADO BRAS. AASF,IMPORTADO (BRÁS )
23045,NECESSAIRE MASCULINA LISTRADA. SIMONE. AASF,SIMONE
23046,NECESSAIRE MASCULINA LISA SIMONE AAT,SIMONE
23047,NECESSAIRE MASCULINA PRETA COURO. SIMONE. AASF,SIMONE
23048,NECESSAIRE FEMININA COROA SIMONE AAT,SIMONE
23052,BOLSA BAG C/ ALCA LARGA. JULIANA. AASF,JULIANA
23053,CARTEIRA DE MAO TIPO COURO IMPORT BRAS AAT,IMPORTADO (BRÁS )
23054,POCHETE SPORT IMPORTADO BRAS AAT,IMPORTADO (BRÁS )
23055,CARTEIRA DE MAO TEXTURIZADA.JULIANA. AASF,JULIANA
23056,POCHETE COM 3 DIVISORIA. JULIANA. ATT,JULIANA
23057,BOLSA BAG SANFONADA. JULIANA. AASF,JULIANA
23058,CAMISOLA ABERTA FRONTAL LISA LOUCA PAIXAO FIPR,LOUCA PAIXÃO
23059,CONJUNTO LOVE RENDA LOUCA PAIXAO FIPR,LOUCA PAIXÃO
23060,CAMISOLA ABERTA FRENTE LOUCA PAIXAO FIPR,LOUCA PAIXÃO
23062,CALCOLA C/RENDA TRASEIRA PLUS DELLA SPIGA.FIPR,DELA SPIGA
23066,MEIA INFANTIL C/ PELUCIA MASC. HANGAR. AO1,HANGAR
23067,MEIA INFANTIL C/ PELUCIA FEM. HANGAR. AA1,HANGAR
23068,MEIA SAPATILHA INF MASCULINO HANGAR AO1TR,HANGAR
23069,MEIA SAPATILHA INF FEMININO HANGAR AA1TR,HANGAR
23074,TOP INF. POLIAMIDA. HANGAR. AA1,HANGAR
23075,PREGADEIRA C/ BRILHO GRANDE IMPORT BRAS AATR,IMPORTADO (BRÁS )
23076,PRENDEDOR C/ BRILHO PEQUENA. HANGAR. AAT,IMPORTADO (BRÁS )
23077,CHIQUINHA DE POMPOM IMPORT BRAS AATR,IMPORTADO (BRÁS )
23078,PRENDEDOR GRANDE CASCO DE TARTARUGA IMPORT BRAS AATR,IMPORTADO (BRÁS )
23079,ELASTICO DE CABELO LACO IMPORT BRAS AATR,IMPORTADO (BRÁS )
23080,PRENDEDOR PEQUENO CASCO TARTARUGA IMPORT BRAS AATR,IMPORTADO (BRÁS )
23081,PRENDEDOR COLORIDO PEQUENO TIME BIJU. IMPORTADO BRAS. AATR,IMPORTADO (BRÁS )
23082,PRENDEDOR MEDIO CASCO TARTARUGA IMPORT BRAS AATR,IMPORTADO (BRÁS )
23083,TIC TAC COLORIDO BORBOLETA. IMPORTADO BRAS. AASF,IMPORTADO (BRÁS )
23084,ELASTICO SILICONE FEIRAO DA MAQUIAGEM AASF,FEIRÃO DA MAQUIAGEM
23085,PRENDEDOR COLORIDO MINI. IMPORTADO BRAS. AATR,IMPORTADO (BRÁS )
23086,XUXINHAS DE CABELO MEIA. FEIRAO DA MAQUIAGEM. AASF,FEIRÃO DA MAQUIAGEM
23087,TOP NADADOR S/ COSTURA HANGAR FISL,HANGAR
23088,TOP TOMARA Q CAIA S/ COSTURA HANGAR.FISL,HANGAR
23089,PRENDEDOR COLORIDO MEDIO IMPORT BRAS AATR,IMPORTADO (BRÁS )
23090,ESPONJA APLICADORA. FEIRAO DA MAQUIAGEM. AASF,FEIRÃO DA MAQUIAGEM
23092,FIDGET TOYS COLORIDOS. IMPORTADO BRAS. AATR,IMPORTADO (BRÁS )
23097,VESTIDO LONGO ALCA LISO PLUS GLOSS MODA .FCSL,GLOSS MODA
23099,BLUSA COTTON FEM INFANTIL IA4PR,BOCHECHINHA
23100,BLUSA ALCA COTTON LISA FEM INF IA4PR,BOCHECHINHA
23101,VESTIDO M/M MALHA FEM INF BOCHECHINHA IA4PR,BOCHECHINHA
23102,BLUSA ALCA COTTON EST FEM INF BOCHECHINHA IA4SL,BOCHECHINHA
23103,VESTIDO COTTON EST FEM INF BOCHECHINHA IA4PR,BOCHECHINHA
23104,VESTIDO MALHA FEM IF BOCHECHINHA IA4PR,BOCHECHINHA
23106,MACAQUINHO ALCA EST FEM IF BOCHECHINHA IA4PR,BOCHECHINHA
23107,VESTIDO EM SUPLEX ESTAMP FEM INF BOCHECHINHA IA4PR,BOCHECHINHA
23110,SHORT C/ BOLSO LISO INF FEM BOCHECHINHA IA4MS,BOCHECHINHA
23112,CALCA LEGGING MONTARIA FEM INF BOCHECHINHA IA4PR,BOCHECHINHA
23113,BLUSA VISCOSE BOTOES VISAO FCSL,VISAO MODA
23114,CALCA LEGGING CANELADA C/ ELASTICO. IMPORTADO BRAS. FJSL.,IMPORTADO (BRÁS )
23115,COLETE JEANS C/ BOTOES FEM IMPORT BRAS FESL,IMPORTADO (BRÁS )
23116,CALCA LEGGING METALIZADA MAIS FITNESS.FFSL,MAIS FITNESS
23118,CROPPED MANGA LONGA C/ AMARRACAO .CYNDHELL FJSL,FLORATTA
23119,VESTIDO LONGO LACO LISO/EST ANTONIA FCPR,ANTONIA
23122,VESTIDO TRANSPASSADO LONGO ANTONIA FCPR,ANTONIA
23125,MACACAO ALCA PANTACOURT ANTONIA FJPR,ANTONIA
23127,VESTIDO ALCA 5 BOTOES EST JOABE FPPR,JOABE
23128,SPINER C/ LUZ COLORIDA. IMPORTADO. AAT,IMPORTADO (BRÁS )
23129,RAINBOW BALL. IMPORTADO. AAT,IMPORTADO (BRÁS )
23130,CHAVEIRO PUSH BUBBLE FIDGET PEQUENO. IMPORTADO. AASF,IMPORTADO (BRÁS )
23131,CHAVEIRO AMENDOIM FIDGET. AAT,IMPORTADO (BRÁS )
23132,ORBIT FIDGET. IMPORTADO. AAT,IMPORTADO (BRÁS )
23133,FIDGET COLORIDO GEOMETRICO. IMPORTADO. AASF,IMPORTADO (BRÁS )
23134,ADESIVO P/ CELULAR. IMPORTADO. AAT,IMPORTADO (BRÁS )
23135,CHAVEIRO PUSH BUBBLE FIDGET. IMPORTADO. AASF,IMPORTADO (BRÁS )
23136,IQ BALL FIDGET. IMPORTADO. AAT,IMPORTADO (BRÁS )
23137,BONECO DE APERTAR FIDGET. IMPORTADO. AAT,IMPORTADO (BRÁS )
23138,CHAVEIRO POLVO DO HUMOR. IMPORTADO. AASF,IMPORTADO (BRÁS )
23139,FIDGET BONECO NINJA. IMPORTADO. AASF,IMPORTADO (BRÁS )
23140,CAPA PARA CELULAR FIDGET. 6P/7P/8P IMPORTADO. ATT,IMPORTADO (BRÁS )
23141,CAPA PARA CELULAR FIDGET 11. IMPORTADO. ATT,IMPORTADO (BRÁS )
23142,CAPA PARA CELULAR FIDGET. 11 PRO. IMPORTADO. AAT,IMPORTADO (BRÁS )
23143,CAPA PARA CELULAR FIDGET XS MAX. IMPORTADO. ATT,IMPORTADO (BRÁS )
23144,CAPA PARA CELULAR FIDGET. 6/7/8 NORMAL IMPORTADO. AAT,IMPORTADO (BRÁS )
23145,CAPA PARA CELULAR FIDGET. X/XS. IMPORTADO. AAT,IMPORTADO (BRÁS )
23146,CAPA PARA CELULAR FIDGET. XR. IMPORTADO. AAT,IMPORTADO (BRÁS )
23147,CAPA PARA CELULAR. FIDGET. 11 PRO MAX. IMPORTADO. AAT,IMPORTADO (BRÁS )
23148,CAPA PARA CELULAR FIDGET. 12 PRO (6.1),IMPORTADO (BRÁS )
23149,XUXINHA COLOR C/ ENFEITE IMPORT BRAS AASF,IMPORTADO (BRÁS )
23152,CAMISETA PERSONAGEM MASC SIDWAY. MJPR,SIDWAY
23153,CAMISETA MASC PERSONAGEM SIDWAY.MJPR,SIDWAY
23154,CAMISA PERSONAGEM FEM SIDWAY.FJPR,SIDWAY
23155,CAMISA PERSONAGEM FEM SIDWAY.FJPR,SIDWAY
23157,CAMISA PERSONAGEM SIDWAY. FJPR,SIDWAY
23158,CAMISA PERSONAGEM SIDWAY. FJPR,SIDWAY
23160,CAMISA PERSONAGEM SIDWAY. FJPR,SIDWAY
23162,CAMISA PERSONAGEM SIDWAY. FJPR,SIDWAY
23163,CAMISA PERSONAGEM SIDWAY. FJPR,SIDWAY
23166,CAMISA PERSONAGEM SIDWAY. FJPR,SIDWAY
23167,CAMISA PERSONAGEM SIDWAY. FJPR,SIDWAY
23168,CAMISETA PERSONAGEM MASC SIDWAY.MJPR,SIDWAY
23169,CAMISETA PERSONAGEM MASC SIDWAY.MJPR,SIDWAY
23170,CAMISETA PERSONAGEM MASC SIDWAY.MJPR,SIDWAY
23171,CAMISETA PERSONAGEM MASC SIDWAY.MJPR,SIDWAY
23172,CAMISETA PERSONAGEM MASC SIDWAY.MJPR,SIDWAY
23173,CAMISETA PERSONAGEM MASC SIDWAY.MJPR,SIDWAY
23175,CAMISETA PERSONAGEM MASC SIDWAY.MJPR,SIDWAY
23176,CAMISETA PERSONAGEM MASC SIDWAY.MJPR,SIDWAY
23177,CAMISETA PERSONAGEM MASC SIDWAY.MJPR,SIDWAY
23178,CAMISETA PERSONAGEM MASC SIDWAY.MJPR,SIDWAY
23180,CAMISETA PERSONAGEM MASC SIDWAY.MJPR,SIDWAY
23181,CAMISETA PERSONAGEM MASC SIDWAY.MJPR,SIDWAY
23182,CAMISETA PERSONAGEM MASC SIDWAY.MJPR,SIDWAY
23183,CAMISETA PERSONAGEM MASC SIDWAY.MJPR,SIDWAY
23184,CAMISETA PERSONAGEM MASC SIDWAY.MJPR,SIDWAY
23185,BABY DOLL MULHER SIDWAY FIPR,SIDWAY
23186,BABY DOLL FEMININO AD SIDWAY FIPR,SIDWAY
23187,BABY DOLL FEMININO AD SIDWAY FIPR,SIDWAY
23188,BABY DOLL MULHER SIDWAY FIPR,SIDWAY
23191,SAMBA CANCAO LISTRADO FAROL MISL,FAROL
23193,PIJAMA M/M FEM FAROL FISL,FAROL
23194,BLUSA MULLET LISA ARRASO FCSL,ARRASO
23195,BLUSA MULLET MANGA C/ PALA FRENTE CURTA ARRASO FCSL,ARRASO
23196,CAMISETA M/MM AD MASC GOLA V ARRASO MJSL,ARRASO
23198,POLVO DO HUMOR GRANDE PELUCIA. IMPORTADO BRAS. AASF,IMPORTADO (BRÁS )
23206,BERMUDA JEANS MASC ANTIKA MJPR,ANTIKA
23207,CALCA JEANS ANTIKA MJPR,ANTIKA
23208,CALCA JEANS ANTIKA MJPR,ANTIKA
23209,CALCA JEANS ANTIKA MJPR,ANTIKA
23212,BLUSA M/M GOLA V VISCOLYCRA FEM ARRASO FJSL,ARRASO
23213,SHORT VELUDO LOVE AGTEX FJSL,AGTEX
23214,SOBRE LEG LISA PLUS. AGTEX. FPSL,AGTEX
23215,SOBRE LEG PERSO PLUS. AGTEX. FPSL,AGTEX
23216,PROMOCIONAL ( SALDAO),PROMOCIONAL
23219,SHORT FEM INFANTIL 4A 8 NEON.GOOD BLESS IA4SL,GOOD BLESS
23220,SHORT MASC 4 A 8 INAFANTIL GOOD BLESS.IMSL,GOOD BLESS
23221,CAMISETA MASC BASICA SHOP SUL.MCSL,SHOP SUL
23224,BLUSA M/M CANELADA ALEGAM FCSL,ALEGAM
23226,CROPPED M/M VISCOLYCRA BASICO ALEGAM FJSL,ALEGAM
23227,CUECA ADULTO MARCAS AM TEXTIL MISL,AM TEXTIL
23228,CONJUNTO TOP CK AM TEXTIL FIPR,AM TEXTIL
23229,CALCINHA REBATIDA LISA AM TEXTIL FISL,AM TEXTIL
23230,SUTIA SEM BOJO AM TEXTIL FIPR,AM TEXTIL
23231,BABY DOOL PLUS LIVIA. AMORE MIO. FIPR,AMORE MIO
23232,CALCINHA COS LISTRA LATERAL AM TEXTIL FISL,AM TEXTIL
23233,CALCINHA COS LISTRDO VIVIAN AM TEXTIL FISL,AM TEXTIL
23234,BABY DOOL PLUS MARIA. AMORE MIO. FIPR,AMORE MIO
23235,BABY DOOL PLUS DENISE. AMORE MIO. FIPR,AMORE MIO
23236,CAMISOLA FLORAL COM RENDA PLUS. AMORE MIO. FIPR,AMORE MIO
23237,CAMISOLA ALCA FINA PLUS. AMORE MIO. FIPR,LAZARO
23238,BABY DOOL LIVIA. AMORE MIO. FIPR,AMORE MIO
23239,CALCINHA REBATIDA EST AM TEXTIL FISL,AM TEXTIL
23240,BABY DOOL MARIA. AMORE MIO. FIPR,AMORE MIO
23241,CALCINHA REBATIDA LIST AM TEXTIL FISL,AM TEXTIL
23243,CALCA CAPRI MOLETINHO PLUS MC JU FPPR,MC JU
23244,BABY DOOL C/ RENDA DENISE. AMORE MIO. FIPR,AMORE MIO
23245,BLUSA M/L PLUS MC JU FPPR,MC JU
23246,CAMISOLA C/ RENDA E LACO AMORE MIO. FIPR,AMORE MIO
23247,SAIA C/ RISCA PLUS MC JU FPPR,MC JU
23248,CAMISOLA. AMORE MIO. FIPR,LAZARO
23249,BLUSA M/M PLUS VISCOLYCRA MC JU FPPR,MC JU
23250,SHORT EST MALHA DANY PLUS MC JU FPPR,MC JU
23251,SHORT DOLL ROMANTIQUE C/ RENDA. DELA SPIGA. FIPR,DELA SPIGA
23252,SHORT DOOL ROMANTIQUE LISO. DELA SPIGA. FIPR,DELA SPIGA
23255,BLUSA M/M COTTON INF FEM NINANDO IA4PR,NINANDO
23256,SHORT MOLETIN C/ VIES FEM INF NINANDO IA4PR,NINANDO
23257,SHORT MOLETIN C/ LISTRAS LATERAL FEM INF NINANDO IA4PR,NINANDO
23258,BLUSA M/M COM LISTRAS NINANDO IA4PR,NINANDO
23259,SHORT SAIA MOLETIN GLOW FEM INF NINANDO IA4PR,NINANDO
23260,BLUSA MANGA BABADO FEM INF NINANDO IA4PR,NINANDO
23261,BLUSA M/M VISCOLYCRA FEM INF NINANDO IA4PR,NINANDO
23262,BLUSA M/M COTTON LISA NINANDO IA4PR,NINANDO
23263,BODY C/ RENDA V FRONTAL. DELA SPIGA. FIPR,DELA SPIGA
23264,VESTIDO LISTRADO ALCA LONGA NINANDO IA4PR,NINANDO
23265,REGATA COTTON LISC BASICA NINANDO IA4PR,NINANDO
23266,SHORT SAIA BABADO VISCOLYCRA NINANDO IA4PR,NINANDO
23267,BODY C/ DETALHE EM RENDA. DELA SPIGA. FIPR,DELA SPIGA
23268,CONJUNTO SHORT SAIA E BLUSA NINANDO IA4PR,NINANDO
23269,MACAQUINHO MALHA EST NINANDO IA4PR,NINANDO
23270,VESTIDO REGATA MOLETINHO C/ CAPUZ NINANDO IA4PR,NINANDO
23271,CONJ SAIA MOLETIN BLUSA NINANDO IA4PR,NINANDO
23272,VESTIDO MOLETIN M/M NINANDO IA4PR,NINANDO
23273,ELASTICO DE CABELO C/ PEDRINHAS. IMPORTADO BRAS. AASF,IMPORTADO (BRÁS )
23274,ELASTICO DE CABELO. IMPORTADO BRAS. AATR,IMPORTADO (BRÁS )
23275,CALCA LEGGING C FAIXAS LATERAIS LIDERY F1 FFPR,LIDERY
23276,TOP PLUS COM DECOTE. LIDERY. L4 FFPR,LIDERY
23277,BERMUDA COM FAIXAS LATERAIS LIDERY F2 FFPR,LIDERY
23278,TOP COM FAIXAS LATERAIS LIDERY F3 FFPR,LIDERY
23279,CALCA C/ FAIXA NA BARRA E TRANSP. LIDERY H1 FFPR,LIDERY
23280,BERMUDA C/ FAIXA E TRANSPARENCIA LIDERY H1 FFPR,LIDERY
23281,TOP C/ TRANSPARENCIA E FAIXA LATERAL LIDERY H3 FFPR,LIDERY
23282,BERMUDA C/ BOLSO LATERAL E TRANSP. LIDERY I1 FFPR,LIDERY
23283,TOP C/ TRANSPARENCIA FRONTAL LIDERY I3 FFPR,LIDERY
23284,CALCA C/ LISTRA NO BOLSO LIDERY J1 FFPR,LIDERY
23285,TOP C/ LISTRAS LATERAIS LIDERY J3 FFPR,LIDERY
23286,CALCA C/ TRANSPARENCIA NA BARRA LIDERY A1 FFPR,LIDERY
23287,BERMUDA C/ BOLSO TRANSP LIDERY A2 FFPR,LIDERY
23288,TOP C/ DETALHE FRONTAL LIDERY A3 FFPR,LIDERY
23289,CALCA COM LISTRA LATERAL LIDERY B1 FFPR,LIDERY
23290,BERMUDA C/ LISTRA LATERAL LIDERY B2 FFPR,LIDERY
23291,TOP C/ LISTRA LATERAL LIDERY B3 FFPR,LIDERY
23292,TIARA GATINHO PEROLA FEIRAO DA MAQUIAGEM AASF,FEIRÃO DA MAQUIAGEM
23293,TOUCA DE CETIM FEIRAO DA MAQUIAGEM AASF,FEIRÃO DA MAQUIAGEM
23294,GLOSS LABIAL MORANGUINHO. FEIRAO DA MAQUIAGEM. AASF,FEIRÃO DA MAQUIAGEM
23295,KIT ESPONJA C/ PINCEL FEIRAO DA MAQUIAGEM AASF,FEIRÃO DA MAQUIAGEM
23296,BATOM LIQUIDO MATTE DALLA. FEIRAO DA MAQUIAGEM. AASF,FEIRÃO DA MAQUIAGEM
23297,UNHA POSTICA BRANCA FEIRAO DA MAQUIAGEM AASF,FEIRÃO DA MAQUIAGEM
23298,TOUCA 2 PECAS COLOR FEIRAO DA MODA AASF,FEIRÃO DA MAQUIAGEM
23299,TIC TAC COLORIDO FEIRAO DA MAQUIAGEM AASF,FEIRÃO DA MAQUIAGEM
23300,LIXA LAVAVEL 100/180. FEIRAO DA MAQUIAGEM. AASF,FEIRÃO DA MAQUIAGEM
23301,TIARA ARAME FEIRAO DA MODA AASF,FEIRÃO DA MAQUIAGEM
23303,LENCO DEMAQUILANTE VARIADOS. FEIRAO DA MAQUIAGEM. AASF,FEIRÃO DA MAQUIAGEM
23304,ESPONJA BALEIA FEIRAO DA MAQUIAGEM AASF,FEIRÃO DA MAQUIAGEM
23305,PRENDEDOR GRANDE FEIRAO DA MAQUIAGEM AASF,FEIRÃO DA MAQUIAGEM
23306,BATOM 24HRS. FEIRAO DA MAQUIAGEM. AASF,FEIRÃO DA MAQUIAGEM
23307,COLA P/ UNHAS FEIRAO DA MAQUIAGEM AASF,FEIRÃO DA MAQUIAGEM
23308,KIT 5 MECHAS COLORIDAS FEIRAO DA MAQUIAGEM AASF,FEIRÃO DA MAQUIAGEM
23309,COLA P/ CILIOS FEIRAO DA MAQUIAGEM AASF,FEIRÃO DA MAQUIAGEM
23310,XUXINHA PEROLA. FEIRAO DA MAQUIAGEM. AASF,FEIRÃO DA MAQUIAGEM
23311,CURVADOR DE CILIOS FEIRAO DA MAQUIAGEM AASF,FEIRÃO DA MAQUIAGEM
23312,XUXINHA DE CABELO FEIRAO DA MAQUIAGEM AASF,FEIRÃO DA MAQUIAGEM
23313,CANETA SEREIA BRILHANTE. FEIRAO DA MAQUIAGEM. AASF,FEIRÃO DA MAQUIAGEM
23314,TAPA PEITO. FEIRAO DA MAQUIAGEM. AASF,FEIRÃO DA MAQUIAGEM
23315,KIT ESCOVA/ LACO. FEIRAO DA MAQUIAGEM. AASF,FEIRÃO DA MAQUIAGEM
23316,ESPATULA 2 EM 1. FEIRAO DA MAQUIAGEM. AASF,FEIRÃO DA MAQUIAGEM
23317,KIT MASSAGEADOR/ LACO. FEIRAO DA MAQUIAGEM. AASF,FEIRÃO DA MAQUIAGEM
23318,PINCEL SEREIA. FEIRAO DA MAQUIAGEM. AASF,FEIRÃO DA MAQUIAGEM
23319,KIT 5 PINCEIS. FEIRAO DA MAQUIAGEM. AASF,FEIRÃO DA MAQUIAGEM
23320,KIT 8 PINCEIS C/ ESPONJA. FEIRAO DA MAQUIAGEM. AASF,FEIRÃO DA MAQUIAGEM
23321,PRODUTO PROMOCIONAL,PROMOCIONAL
23322,"PROMOCIONAL SALDAO 14,99",PROMOCIONAL
23323,"PROMOCIONAL SALDAO 7,99",PROMOCIONAL
23324,"PROMOCIONAL SALDAO 2,99",PROMOCIONAL
23325,PRODUTO PROMOCIONAL,PROMOCIONAL
23326,SHORT MOLETIM PLUS. MORENA FLOR. FPSL,MORENA FLOR
23327,CHINELO FEMININO ANCORA .AATR,ANCORA
23328,CHINELO MASC ANCORA AATR,ANCORA
23331,CAMISETA BART NO PROBLEM SVK MJPR,SVK
23332,CAMISETA HOMER CARAS SVK MJPR,SVK
23335,CAMISETA BART CARAS SVK MJPR,SVK
23337,CHINELO INF FEM ANCORA AATR,ANCORA
23338,CHINELO INF MASC ANCORA AATR,ANCORA
23339,CHINELO JUVENIL ANCORA AATR,ANCORA
23340,SHORT VISCOLYCRA PLUS IRODRIGUES FPSL,IRODRIGUES
23341,SHORT MOLETINHO C/ VIES TRAMA E COR FJSL,TRAMMA E COR
23347,CONJ MOLETINHO MASC MINHA FLOR IO4PR,MINHA FLOR
23348,CONJ REGATA MOLETINHO MASC MINHA FLOR IO4PR,MINHA FLOR
23351,SHORT MOLETIN BARRA DOBRADA GOOD BLESS FJSL,GOOD BLESS
23352,SHORT JEANS C/ BOTOES IDISE FEPR,IDISE
23353,SHORT JEANS BOLSO VAZADO IDISE FEPR,IDISE
23354,SHORT JEANS DESTROYED IDISE FEPR,IDISE
23355,SHORT JEANS C/ CINTO IDISE FEPR,IDISE
23356,SHORT JEANS DUO IDISE FEPR,IDISE
23358,SHORT JEANS C/ EST FULL PRINT IDISE FEPR,IDISE
23359,CALCA BRANCA MASC ELASTANO IDISE .MEPR,IDISE
23360,VESTIDO LONGO TRICOLINE. POKOTINHA. IA4 A 10,POKOTINHA
23361,SHORT JEANS COS DUPLO IDISE FEPR,IDISE
23362,CALCA JOGGER FEM COLOR IDISE.FEPR,IDISE
23363,JARDINEIRA LONGA IDISE FEPR,IDISE
23364,JARDINEIRA CURTA IDISE FEPR,IDISE
23365,JARDINEIRA CURTA IDISE FEPR,IDISE
23366,VESTIDO EM OLIMPIA ALCA FINA. POKOTINHA IA4 A 10,POKOTINHA
23367,CALCA JEANS JOGGER C/ BOLSO VAZADO IDISE FEPR,IDISE
23368,SHORT C/ BOLSO DESTROYED PLUS IDISE FPPR,IDISE
23372,VESTIDO EM ZIBELINE ESTAM FLORAL. POKOTINHA. IA4PR,POKOTINHA
23373,JARDINEIRA PLUS CURTA IDISE FPPR,IDISE
23374,CALCA JEANS PLUS IDISE FPPR,IDISE
23375,CALCA FEM WIDE LEG DESTROI IDISE .FEPR,IDISE
23376,CROPPED M/M OMBRINHO. POKOTINHA. IA4PR,POKOTINHA
23378,CALCA FEM MOM C/SILK IDISE.FEPR,IDISE
23382,CALCA FEM MOM DESTROY IDISE.FEPR,IDISE
23383,SHORT JEANS VAZADO MADORA.FEPR,IDISE
23384,SHORT FEM JEANS C/ CINTO MADORA IDISE .FEPR,IDISE
23385,BLUSA BOX C/ LATERAL REDE POKOTINHA .,POKOTINHA
23386,MACAQUINHO PANTACOURT POKOTINHA.IA4PR,POKOTINHA
23388,CONJUNTO BLUSA C/ BABADO POKOTINHA .IA4PR,POKOTINHA
23389,CONJUNTO C/BLUSA CHIFON POKOTINHA .IA4PR,POKOTINHA
23398,T-SHIRT MALHA POKOTINHA.IO4PR,POKOTINHA
23399,BERMUDA MOLETINHO ESTONADA POKOTINHA.IO4PR,POKOTINHA
23400,REGATA C /CASPUZ MOLETINHO POKOTINHA.IO4PR,POKOTINHA
23403,CONJUNTO C/POLO POKOTINHA .IO4PR,POKOTINHA
23406,BABY LOOK FEM LISA HB RIO .FFSL,HB RIO
23407,SHORT COLOR C/BOLSO MADAME NOIR.FEPR,MADAME NOIR
23408,SHORT JEANS COS ELASTICO MADAME NOIR.FEPR,MADAME NOIR
23409,SHORT JEANS C/CINTO MADAME NOIR .FEPR,MADAME NOIR
23410,SHORT JEANS COS E BOTOES MADAME NOIR.FEPR,MADAME NOIR
23411,VESTIDO ALCA ELASTICO JEANS MADAME NOIR.FEPR,MADAME NOIR
23412,JARDINEIRA JEANS ZIPER MADAME NOIR .FEPR,MADAME NOIR
23413,MACAQUINHO COLOR JEANS MADAME NOIR .FEPR,MADAME NOIR
23414,JARDINEIRA JEANS COLOR MADAME NOIR .FEPR,MADAME NOIR
23415,MACAQUINHO JEANS C/BOTOES MADAME NOIR .FEPR,MADAME NOIR
23416,SHORT MOLETINHO PLUS .FPSL,IRODRIGUES
23417,SHORT DE MOLETIN EST IRODRIGUES FJSL,IRODRIGUES
23418,CROPPED JULIETE CURTO M/ BUFANTE. FJPR,FLORATTA
23419,ESPONJINHA BLENDER FEIRAO DA MAQUIAGEM AASF,FEIRÃO DA MAQUIAGEM
23420,ESCOVA DE CABELO FEIRAO DA MAQUIAGEM AASF,FEIRÃO DA MAQUIAGEM
23421,BORRIFADOR FEIRAO DA MAQUIAGEM AASF,FEIRÃO DA MAQUIAGEM
23422,MACACAO PANTALONA RODADO ALCA FINA. FLORATTA. FJPR,FLORATTA
23423,MACACAO ESTAM PANT ALCA FINA. FLORATTA. FJPR,FLORATTA
23424,ADESIVO DE UNHA FEIRAO DA MAQUIAGEM AASF,FEIRÃO DA MAQUIAGEM
23428,VESTIDO DE TUBINHO LONGO C/ FENDA FLORATTA FJPR,FLORATTA
23429,VESTIDO MIDI C/ BABADO ALCA FLORATTA FJPR,FLORATTA
23430,VESTIDO CURTO C/ BABADO FLORATTA FJPR,FLORATTA
23432,GRAMPO DE CABELO FEIRAO DA MAQUIAGEM AASF,FEIRÃO DA MAQUIAGEM
23434,PRENDEDOR COLORIDO DIVERSOS FEIRAO DA MAQUIAGEM AASF,FEIRÃO DA MAQUIAGEM
23435,VESTIDO ALCA LASCADO NA BARRA ANTONIA FJPR,ANTONIA
23441,MACACAO MANGA ABERTA LONGO ANTONIA FCPR,ANTONIA
23445,CROPPED PERSONAGEM DE MALHA M/M. AGTEX. FJSL,AGTEX
23454,SHORT BENGALINE CINTO AMARRACAO AGTEX FJPR,AGTEX
23455,SHORT BENGALINE FIVELA EST AGTEX FJPR,AGTEX
23460,SHORT SAIA BENGALINE BOTOES AGTEX FCPR,AGTEX
23461,SAIA LONGA BENGALINE BOTOES/ CINTO AGTEX FCPR,AGTEX
23462,BLUSA MORCEGO LISA VISCOSE AGTEX FCPR,AGTEX
23463,REGATA FIT ARRASTAO FEM AGTEX FFPR,AGTEX
11204,PO FACIAL VEGANO. FEIRAO DA MAQUIAGEM. AASF,FEIRÃO DA MAQUIAGEM
23474,CILIOS POSTICOS 6D C/3. FEIRAO DA MAQUIAGEM. AASF,FEIRÃO DA MAQUIAGEM
23475,LACO BICO DE PATO. FEIRAO DA MAQUIAGEM. AASF,FEIRÃO DA MAQUIAGEM
23476,PO COMPACTO EFEITO MATTE FEIRAO DA MAQUIAGEM AASF,FEIRÃO DA MAQUIAGEM
23477,CILIOS POSTICOS 1PAR FEIRAO DA MAQUIAGEM AASF,FEIRÃO DA MAQUIAGEM
23478,PINCEL SEREIA C/ 5. FEIRAO DA MAQUIAGEM. AASF,FEIRÃO DA MAQUIAGEM
23479,MASCARA FACIAL PEPINO FEIRAO DA MAQUIAGEM AASF,FEIRÃO DA MAQUIAGEM
23480,BLUSH ILUMINADOR FEIRAO DA MAQUIAGEM AASF,FEIRÃO DA MAQUIAGEM
23481,LACINHO PEQUENO. FEIRAO DA MAQUIAGEM. AASF,FEIRÃO DA MAQUIAGEM
23482,BRILHO LABIAL FRUTINHAS FEIRAO DA MAQUIAGEM AASF,FEIRÃO DA MAQUIAGEM
23483,BRILHO LABIAL GLITTER FEIRAO DA MAQUIAGEM AASF,FEIRÃO DA MAQUIAGEM
23484,TIARA INFANTIL. FEIRAO DA MAQUIAGEM. AASF,FEIRÃO DA MAQUIAGEM
23485,HIDRATANTE FACIAL VITAMINA C E COLAGENO FEIRAO DA MAQUIAGEM AASF,FEIRÃO DA MAQUIAGEM
23486,DELINEADOR LIQUIDO FENZZA FEIRAO DA MAQUIAGEM AASF,FEIRÃO DA MAQUIAGEM
23487,CREME FACIAL ROSA MOSQUETA FEIRAO DA MAQUIAGEM AASF,FEIRÃO DA MAQUIAGEM
23488,TIARA PEROLA PRATA. FEIRAO DA MAQUIAGEM. AASF,FEIRÃO DA MAQUIAGEM
23489,BATOM AMACIA E PROTEGE FEIRAO DA MAQUIAGEM AASF,FEIRÃO DA MAQUIAGEM
23490,KIT PINCEL SEREIA C/ 4 FEIRAO DA MAQUIAGEM AASF,FEIRÃO DA MAQUIAGEM
23491,TIARA PEROLA DOURADA. FEIRAO DA MAQUIAGEM. AASF,FEIRÃO DA MAQUIAGEM
23492,PAQUIMETRO 8CM FEIRAO DA MAQUIAGEM AASF,FEIRÃO DA MAQUIAGEM
23493,NECESSAIRE TRANSP. G FEIRAO DA MAQUIAGEM AASF,FEIRÃO DA MAQUIAGEM
23494,NECESSAIRE PAETE FEIRAO DA MAQUIAGEM AASF,FEIRÃO DA MAQUIAGEM
23495,DELINEADOR TANGO FEIRAO DA MAQUIAGEM AASF,FEIRÃO DA MAQUIAGEM
23496,AGUA MICELAR BANHO DE GATO FEIRAO DA MAQUIAGEM AASF,FEIRÃO DA MAQUIAGEM
23497,AGUA TERMAL BANHO DE GATO FEIRAO DA MAQUIAGEM AASF,FEIRÃO DA MAQUIAGEM
23498,DEMAQUILANTE BANHO DE GATO FEIRAO DA MAQUIAGEM AASF,FEIRÃO DA MAQUIAGEM
23500,ALICATE DE UNHA FEIRAO DA MAQUIAGEM AASF,FEIRÃO DA MAQUIAGEM
23501,MASCARA FACIAL TOTAL OURO FEIRAO DA MAQUIAGEM AASF,FEIRÃO DA MAQUIAGEM
23502,TONICO FACIAL FENZZA FEIRAO DA MAQUIAGEM AASF,FEIRÃO DA MAQUIAGEM
23503,ILUMINADOR BY GARBIN FEIRAO DA MAQUIAGEM AASF,FEIRÃO DA MAQUIAGEM
23504,PINCA DE SOBRANCELHA FEIRAO DA MAQUIAGEM AASF,FEIRÃO DA MAQUIAGEM
23505,MANTEIGA DE CACAU. FEIRAO DA MAQUIAGEM AASF,FEIRÃO DA MAQUIAGEM
23506,PO COMPACTO FENZZA FEIRAO DA MAQUIAGEM AASF,FEIRÃO DA MAQUIAGEM
23523,SHORT JEANS PLUS FEM FILL FORTE.FPPR,FILL FORTE
23524,MACAQUINHO JEANS PLUS FEM FILL FORTE FPPR,FILL FORTE
23525,MACAQUINHO JEANS PLUS FEM FILL FORTE.FPPR,FILL FORTE
23526,VESTIDO JEANS LONGO QUARTA GERACAO.FEPR,QUARTA GERAÇÃO
23527,VESTIDO JEANS LONGO BOTOES QUARTA GERACAO .FEPR,QUARTA GERAÇÃO
23528,VESTIDO JEANS LONGO BABADO QUARTA GERACAO.FEPR,QUARTA GERAÇÃO
23529,MACAQUINHO JEANS ALCA QUARTA GERACAO.FEPR,QUARTA GERAÇÃO
23531,MACAQUINHO JEANS ZIPER QUARTA GERACAO.FEPR,QUARTA GERAÇÃO
23533,SHORT JEANS COMBATE QUARTA GERACAO.FEPR,QUARTA GERAÇÃO
23534,SHORT COLOR COMBATE QUARTA GERACAO.FEPR,QUARTA GERAÇÃO
23535,CALCA JEANS WIDE LEG DECIZAO.FEPR,DECIZÃO
23536,CALCA JEANS SKINY COS SUPER ALTO DECIZAO .FEPR,DECIZÃO
23537,CALCA JEANS C/PREGAS LAVAGEM CLARA DECIZAO.FEPR,DECIZÃO
23538,CALCA JEANS FEM DECIZAO .FEPR,DECIZÃO
23539,CALCA WIDE LEG C/COS DESFIADO DECIZAO .FEPR,DECIZÃO
23540,SHORT JEANS C/CINTO FIVELA DECIZAO .FEPR,DECIZÃO
23541,SHORT DESTROYED C/VAZADO FRONTAL DECIZAO.FEPR,DECIZÃO
23542,SHORT DESTROYED C/CINTO DECIZAO .FEPR,DECIZÃO
23543,SHORT C/DETALHE VAZADO LATERAL DECIZAO.FEPR,DECIZÃO
23544,SHORT C/DETALHE LATERAL DECIZAO.FEPR,DECIZÃO
23546,SHORT DESTROYED DECIZAO .FEPR,DECIZÃO
23547,SHORT C/CINTO ENCAPADO DECIZAO.FEPR,DECIZÃO
23548,SHORT JEANS FEM DECIZAO .FEPR,DECIZÃO
23549,SAIA MID INFANTIL C/ BABADO. FOR GIRL. IA4PR,FOR GIRL
23550,SHORT JEANS FEM DECIZAO.PEPR,DECIZÃO
23551,SAIA JEANS C/BOTOES DECIZAO.FEPR,DECIZÃO
23552,SHORT COLOR C/AMARRACAO DECIZAO .FEPR,DECIZÃO
23553,SHORT COLOR C/CINTO DECIZAO.FEPR,DECIZÃO
23554,SHORT COLOR BARRA VIRADA DECIZAO.PEPR,DECIZÃO
23555,CROPPED C/ALCA JEANS COLOR DECIZAO .FEPR,DECIZÃO
23556,CROPPED C/BOTOES DECIZAO.FEPR,DECIZÃO
23557,CROPPED C/ZIPER COLOR DECIZAO .FEPR,DECIZÃO
23559,MACAQUINHO C/ZIPER NA COSTA DECIZAO.FEPR,DECIZÃO
23560,MACAQUINHO C/ZIPER NA FRENTE DECIZAO.FEPR,DECIZÃO
23561,JARDINEIRA LONGA PANTACOURT DECIZAO.FEPR,DECIZÃO
23563,MACAQUINHO ABERTO LATERAL DECIZAO FEPR,DECIZÃO
23565,BLUSA INFANTIL M/M C/ ALCA DE AMARRAR. FOR GIRL. IA4PR,FOR GIRL
23566,VESTIDO INFANTIL M/ BUFANTE C/ BABADO. FOR GIRL. IA4PR,FOR GIRL
23567,SHORT MOLETINHO FOR GIRL IA4PR,FOR GIRL
23568,SHORT MOLETINHO BARRA ARRASTAO FOR GIRL IA4PR,FOR GIRL
23569,VESTIDO LONGO C/ ALCA E BABADO. FOR GIRL. IA4PR,FOR GIRL
23571,CROPPED INF CIGANINHA C/ ALCA DE AMARRAR. FOR GIRL. IA4PR,FOR GIRL
23572,SHORT MOLETINHO C/ BOLSO ARRASTAO FOR GIRL IA4PR,FOR GIRL
23573,SHORT MOLETINHO ARRASTAO NEON FOR GIRL IA4PR,FOR GIRL
23574,VESTIDO INFANTIL ESTAM M/M. FOR GIRL. IA4PR,FOR GIRL
23575,VESTIDO LONGO INFAN ALCA FINA. FOR GIRL. IA4PR,FOR GIRL
23576,MACACAO PANTACOURT CANELADO FOR GIRL IA4PR,FOR GIRL
23577,SALOPETE C/ CAMISETA M/M FOR GIRL IA4PR,FOR GIRL
23578,CROPPED ESTAM INFANTIL ALCA FINA. FOR GIRL. IA4PR,FOR GIRL
23580,PIJAMA MASCULINO HEY KIDS IO4PR,HEY KIDS
23581,SAIA LONGA INFAN ESTAMP. FOR GIRL. IA4PR,FOR GIRL
23582,PIJAMA FEMININO HEY KIDS IA4PR,HEY KIDS
23583,CONJUNTO MOLETINHO NEON. FOR GIRL. IA4PR,FOR GIRL
23584,CONJUNTO MOLETINHO C/ CADARCO E CAPUZ. FOR GIRL. IA4PR,FOR GIRL
23585,CONJUNTO SHORT CALCA E BLUSA C/ AMARRACAO. FOR GIRL. IA4PR,FOR GIRL
23586,VESTIDO M/M C/ SILK MOLETINHO FOR GIRL IA4PR,FOR GIRL
23587,VESTIDO M/M C/ SILK TOTAL MOLETINHO FOR GIRL IA4PR,FOR GIRL
23591,VESTIDO INFAN M/M MOLETINHO. FOR GIRL. IA4PR,FOR GIRL
23592,VESTIDO PRINCESA FOR GIRL IA4PR,FOR GIRL
23593,CROPPED MANGA ARRASTAO ELASTICO CINTURA FOR GIRL IA4R,FOR GIRL
23594,VESTIDO CANELADO ALCA C/ BLUSA ARRASTAO. FOR GIRL. IA4PR,FOR GIRL
23597,BLUSA RIBANA CANELADA CORACAO PAETE FOR GIRL IA4PR,FOR GIRL
23601,CORSARIO DE COTTON DELLA SPIGA.FFAR,DELA SPIGA
23602,CALCINHA COM VIES DELLA SPIGA .FIBC,DELA SPIGA
23603,BLUSA M/M BABADO PLUS JOABE.FPAR,JOABE
23605,SHORT TACTEL INF MARE ALTA .IA4BC,MARÉ ALTA
23606,CALCA C/ FAIXA COLOR LATERAL LIDERY M1 FFPR,LIDERY
23607,SHORT C/ FAIXA COLOR LATERAL LIDERY M2 FFPR,LIDERY
23608,TOP C/ ALCA E BARRA COLOR LIDERY M3 FFPR,LIDERY
23609,MACAQUINHO EST LISTRAS LATERAIS LIDERY FFPR,LIDERY
23610,MACAQUINHO LISO 3 LISTRAS LATERAIS LIDERY FFPR,LIDERY
23611,CAMISOLA C/ RENDA ROMANTIQUE DELLA SPIGA FIPR,DELA SPIGA
23612,BLUSA DE ALCA C/ DECOTE V PLUS. JOABE. FCPR,JOABE
23613,BLUSA ESTAMPADA M/M PLUS. JOABE. FPPR,JOABE
23616,BLUSA M/M ESTAMPADA GOLA V 3 BOTOES. JOABE. FCPR,JOABE
23617,CALCA ESTAM. PANTALONA PLUS. JOABE. FPPR,JOABE
23620,BLUSA LISA C/ELASTICO COLISSE AGTEX.FCAR,AGTEX
23628,SHORT VISCOLYCRA PLUS. ARRASO. FPPR,ARRASO
23629,SHORT VISCOLYCRA C/ FAIXA LAT E FRONT PLUS. ARRASO. FPPR,ARRASO
23630,BLUSA M/M VISCOLYCRA 3 LISTRA GOLA V. ARRASO. FCPR,ARRASO
23631,BLUSA M/M VISCOLYCRA 2 LISTRAS PLUS. ARRASO. FPPR,ARRASO
23632,SHORT VISCOLYCRA C/ FAIXA LAT E CADARCO PLUS. ARRASO. FPPR,ARRASO
23636,SHORT SAIA BENGALINE PLUS. ARRASO. FPPR,ARRASO
23643,CROPPED C/ ALCA LISO MC JU FJPR,MC JU
23646,SHORT ESTAMPADO C/ LASTEX CINTURA MC JU FJPR,MC JU
23647,BLUSA COLISSE LATERAL MC JU FJPR,MC JU
23651,VESTIDO VISCOSE M/M LISO MC JU FCPR,MC JU
23652,BLUSA FRANZIDO LATERAL MC JU FJPR,MC JU
23655,SHORT MOLETOM C/ LISTRA LATERAL MC JU FJPR,MC JU
23656,CROPPED BICOLOR MC JU FJPR,MC JU
23660,CHINELO INF IPANEMA BABY FEM/MASC CAMESA,CAMESA
23661,CHINELO INF IPANEMA HOMEM ARANHA CAMESA,CAMESA
23662,CHINELO INF IPANEMA AVENGERS CAMESA,CAMESA
23663,CHINELO INF POLLY E MAX CAMESA,CAMESA
23664,CHINELO INF IPANEMA BARBIE STY CAMESA,CAMESA
23665,CHINELO AD FEM IPANEMA GLITTER CAMESA,CAMESA
23666,CHINELO AD FEM IPANEMA CLASSICA CAMESA,CAMESA
23667,CHINELO AD FEM IPANEMA 3 FAIXAS FIVELA CAMESA,CAMESA
23668,CHINELO FEM AD C/ SALTO GRENDHA CAMESA,CAMESA
23669,CHINELO AD FEM ZIG CAMESA,CAMESA
23670,CHINELO AD FEM CLIP C/ FIVELA CAMESA,CAMESA
23671,CHINELO FEM AD ELLA 2 FAIXAS CAMESA,CAMESA
23672,CHINELO AD FEM IPANEMA ESTAMPADA CAMESA,CAMESA
23673,CHINELO AD MASC IPANEMA CLASSICA CAMESA,CAMESA
23674,CHINELO AD MASC IPANEMA ANATOMICA CAMESA,CAMESA
23675,CHINELO MASC AD RIDER R1 CAMESA,CAMESA
23676,CHINELO AD MASC RIDER STREET SLIDE CAMESA,CAMESA
23677,CHINELO MASC AD RIDER STREET OLE CAMESA,CAMESA
23678,CHINELO INF IPANEMA CLASSICO CAMESA,CAMESA
23689,CROPPED BENGALINE ZIPER FRONTAL AGTEX FJSL,AGTEX
23692,CROPPED NEOPREME AMARRACAO FRONTAL ALCA AGTEX FJPR,AGTEX
23696,VESTIDO MORCEGO ESTAMPADO. AGTEX. FJSL,AGTEX
23697,SHORT NEOPREME C/ CINTO AGTEX FJPR,AGTEX
23698,MACAQUINHO M/M CIGANINHA LISO. AGTEX. FJPR,AGTEX
23699,SHORT BENGALINE BOTOES E CINTO AGTEX FJPR,AGTEX
23703,SHORT BENGALINE ELASTICO AGTEX FJSL,AGTEX
23705,SHORT NEOPREME CINTO FIVELA AGTEX FJPR,AGTEX
23711,VESTIDO M/M ESTAMP CIGANA PLUS. AGTEX. FPPR,AGTEX
23713,BLUSA MANGA MORCEGO PLUS. AGTEX. FPPR,AGTEX
23715,CROPPED ARRASTAO ZIPER FRONTAL AGTEX FJPR,AGTEX
23720,CROPPED TRICOT MANGA BABADO AGTEX FJPR,AGTEX
23732,BERMUDA TELA PERNA MAIS FITNESS E .FFPR,MAIS FITNESS
23735,SHORT METALIZADO MAIS FITNESS B1 .FFPR,MAIS FITNESS
23736,TOP NADADOR TELA METALIZADO MAIS FITNESS B3 .FFPR,MAIS FITNESS
23737,TOP C/BOJO TIRAS METALIZADO MAIS FITNESS B4.FFPR,MAIS FITNESS
23738,SHORT POLIAMIDA MAIS FITNESS D1 .FFPR,MAIS FITNESS
23739,BERMUDA POLIAMIDA MAIS FITNESS D1.FFPR,MAIS FITNESS
23740,CALCA POLIAMIDA MAIS FITNESS D3.FFPR,MAIS FITNESS
23741,TOP C/TIRA COSTAS MAIS FITNESS D4.FFPR,MAIS FITNESS
23742,TOP POLIAMIDA ALCA LARGA MAIS FITNESS D5 .FFPR,MAIS FITNESS
23743,BERMUDA MENTALIZADA MAIS FITNESS C3.FFPR,MAIS FITNESS
23744,SHORT SAIA POLIAMIDA MAIS FITNESS A2.FFPR,MAIS FITNESS
23745,TOP C/ZIPER MAIS FITNESS A3.FFPR,MAIS FITNESS
23746,TOP POLIAMIDA TRASPASSADO MAIS FITNESS A4.FFPR,MAIS FITNESS
23747,BERMUDA POLIAMIDA PLUSS MAIS FITNESS P1.FFPR,MAIS FITNESS
23748,CALCA PLUS POLIAMIDA MAIS FITNESS P1.FFPR,MAIS FITNESS
23749,TOP PLUS POLIAMIDA MAIS FITNESS P1. FFPR,MAIS FITNESS
23750,TOP PLUS NADADOR POLIAMIDA MAIS FITNESS P1.FFPR,MAIS FITNESS
23751,CALCA PLUS MENTALIZADA MAIS FITNESS P2.FFPR,MAIS FITNESS
23752,SHORT METALIZADO MAIS FITNESS C1.FFPR,MAIS FITNESS
23753,REGATA FLAMENGO MASC ARI.MJAR,ARI
23759,PO TRANSLUCIDO PHOTO PLAYBOY FEIRAO DA MAQUIAGEM ASSF,FEIRÃO DA MAQUIAGEM
23760,SABONETE DEMAQUILANTE MAKE UP FEIRAO DA MAQUIAGEM ASSF,FEIRÃO DA MAQUIAGEM
23761,SABONETE DEMAQUILANTE MAKE OUT FEIRAO DA MAQUIAGEM ASSF,FEIRÃO DA MAQUIAGEM
23762,SOMBRA PARA SOBRANCELHAS C/4 FEIRAO DA MAQUIAGEM ASSF,FEIRÃO DA MAQUIAGEM
23763,BASE LIQUIDA MATTE OIL FREE MAX LOVE FEIRAO DA MAQUIAGEM ASSF,FEIRÃO DA MAQUIAGEM
23764,REMOVEDOR DE ESMALTE FEIRAO DA MAQUIAGEM ASSF,FEIRÃO DA MAQUIAGEM
23765,REMOVEDOR DE ESMALTE ROXO FEIRAO DA MAQUIAGEM ASSF,FEIRÃO DA MAQUIAGEM
23766,REMOVEDOR DE ESMALTE VERDE FEIRAO DA MAQUIAGEM ASSF,FEIRÃO DA MAQUIAGEM
23767,BLUSH ANY COLOR FEIRAO DA MAQUIAGEM ASSF,FEIRÃO DA MAQUIAGEM
23768,GLOSS TURMA GELADINHO FEIRAO DA MAQUIAGEM ASSF,FEIRÃO DA MAQUIAGEM
23769,ARGILA VARIADAS BEAUTY FEIRAO DA MAQUIAGEM ASSF,FEIRÃO DA MAQUIAGEM
23770,AGUA MICELAR 300ML FEIRAO DA MAQUIAGEM ASSF,FEIRÃO DA MAQUIAGEM
23771,LAPIS PRETO DAPOP FEIRAO DA MAQUIAGEM ASSF,FEIRÃO DA MAQUIAGEM
23772,LAPIS NUDE DAPOP FEIRAO DA MAQUIAGEM ASSF,FEIRÃO DA MAQUIAGEM
23773,MASCARA FACIAL BLACK FEIRAO DA MAQUIAGEM ASSF,FEIRÃO DA MAQUIAGEM
23774,SABONETE ROSA MOSQUETA FEIRAO DA MAQUIAGEM ASSF,FEIRÃO DA MAQUIAGEM
23775,REMOVEDOR DE ESMALTE FEIRAO DA MAQUIAGEM ASSF,FEIRÃO DA MAQUIAGEM
23779,SHORT COS COLORIDO PLUS RLYLLER MODAS .FJAR,RLYLER MODAS
23782,CROPPED M/M BUFANTE ELASTICO ANNE BLANC FJPR,ANNE BLANC
23783,BLUSA M/M RENDA NA BARRA ANNE BLANC FJPR,ANNE BLANC
23790,SUTIA C/BOJO LISO NINA .VINI FIPR,VINI
23793,SANDALIA RAST C/ RABICHO.MIKALCE.AATR,MIKALCE
23794,SANDALIA RAST S/ RABICHO. MIKALCE. AATR,MIKALCE
23795,CHINELO FEMININO VARIADOS. MIKALCE. AATR,MIKALCE
23796,CHINELO MASCULINO VARIADOS. MIKALCE. AATR,MIKALCE
23797,CHINELAO MIKALCE VARIADOS. MIKALCE. AATR,MIKALCE
23808,SAIA LONGA C/ BABADO.FLORATTA. FJPR,FLORATTA
23811,MACACAO JOGGER C/ BABADINHO. FLORATTA.FJPR,FLORATTA
23812,VESTIDO M/M LONGO ELASTEX C/ ALCA DE AMARR. FLORATTA. FJPR,FLORATTA
23813,MACAQUINHO M/M ELASTEX C/ ALCA FINA. FLORATTA.FJSL,FLORATTA
23822,BLUSA VISCO M/M C/ BABADO. GLOSS. FCSL,GLOSS MODA
23824,CALCA CAPRI C/ AMARRACAO. GLOSS.FCSL,GLOSS MODA
23826,BLUSA VISCOSE C/ AMARRACAO BELLA MODA.FCAR,BELLA MODA
23827,PINCA DE ALOGAMENTO FEIRAO DA MAQUIAGEM .AASF,FEIRÃO DA MAQUIAGEM
23828,POTE DE CILIOS TUFINHO FEIRAO DA MAQUIAGEM .AASF,FEIRÃO DA MAQUIAGEM
23829,CILIOS POSTICOS FIO A FIO FEIRAO DA MAQUIAGEM .AASF,FEIRÃO DA MAQUIAGEM
23830,KIT HIGIENE 4 ITENS FEIRAO DA MAQUIAGEM .AASF,FEIRÃO DA MAQUIAGEM
23831,MASCARA FACIAL PEEL OFF TOTAL BLACK FEIRAO DA MAQUIAGEM .AASF,FEIRÃO DA MAQUIAGEM
23832,MASCARA FACIAL DE LIMPEZA TOTAL OURO SACHE FEIRAO DA MAQUIAGEM,FEIRÃO DA MAQUIAGEM
23833,MASCARA FACIAL PEEL OFF DETOX MAX LOVE FEIRAO DA MAQUIAGEM .AASF,FEIRÃO DA MAQUIAGEM
23834,REGATA FENDA LATERAL ALEGAM LISA .FFAR,ALEGAM
23835,REGATA FEM FITNES CORTE NA LATERAL ALEGAM .FFAR,ALEGAM
23836,CALLCINHA CINTA FIO. AM TEXTIL.FISL,AM TEXTIL
23837,CALCINHA FIO NORMAL.AM TEXTIL.FISL,AM TEXTIL
23838,BABY DOOLL DE RENDA.AM TEXTIL.FISL,AM TEXTIL
23842,SHORT MANU CANELADO C/ AMARRACAO. NILKAMP.FJAR,NILKAMP
23848,SAIA ESTAM C/ BABADO E AMARRACAO. NILKAMP. FCPR,NILKAMP
23849,MACAQUINHO CRISTAL ESTAM C/ AMARRACAO. NILKAMP. FCAR,NILKAMP
23850,CONJ CALCINHA E SUTIA RENDA. DELLA SPIGA. FIPR,DELA SPIGA
23852,CONJUNTO CALCINHA E SUTIA. DELLA SPIGA.FIPR,DELA SPIGA
23853,CONJUNTO RENDA CALCINHA. DELLA SPIGA. FIPR,DELA SPIGA
23854,CONJUNTO CALCINHA E SUTIA. DELLA SPIGA.FIPR,DELA SPIGA
23855,CONJUNTO CALCINHA. DELLA SPIGA. FIPR,DELA SPIGA
23856,CONJUNTO SUTIA CALCINHA. DELLA SPIGA. FIPR,DELA SPIGA
23857,CONJUNTO CALCINHA NEON DELLA SPIGA. FIPR,DELA SPIGA
23858,BODY ARRASTAO. DELLA SPIGA. FIPR,DELA SPIGA
23859,CONJUNTO CALCINHA. DELLA SPIGA,DELA SPIGA
23860,REGATA CORTE COSTAS ALEGAM .FFPR,ALEGAM
23861,REGATA ANO NOVO ALEGAM .FJAR,ALEGAM
23862,BLUSA ALCA ANO NOVO ALEGAM .FJAR,ALEGAM
23863,REGATA NADADOR ANO NOVO ALEGAM .FJPR,ALEGAM
23865,CROPPED VISCOLYCRA BABADO ALEGAM .FJAR,ALEGAM
23867,SUTIA AMAMENTACAO.DELA SPIGA.FISL,DELA SPIGA
23868,BABY DOOL COM RENDA DELLA SPIGA .FIPR,DELA SPIGA
23869,TOP COM RENDA DELLA SPIGA.FIPR,DELA SPIGA
23870,TOP RENDA DELLA SPIGA .FIPR,DELA SPIGA
23871,CONJUNTO CALCINHA E SUTIA RENDA .DELA SPIGA.FIPR,DELA SPIGA
23872,CONJUNTO CALCINHA E SUTIA.DELA SPIGA.FIPR,DELA SPIGA
23873,BODY ELASTICO,DELA SPIGA
23874,BODY C/DUAS ARGOLAS.DELA SPIGA.FIPR,DELA SPIGA
23875,BODY TOMARA QUE CAIA C/TULE.DELA SPIGA.FIAR,DELA SPIGA
23876,BODY C/ALCA TRANSPASSADA.DELA SPIGA .FFIAR,DELA SPIGA
23877,SUTIA COSTAS CILICONE. OFICINA DA MODA.FIPR,OFICINA DA MODA
23881,BODY ELEGANCE.VINI.FIPR,VINI
23882,BODY JULIETE.VINI.FIPR,VINI
23883,CALCINHA CINTA C/RENDA.VINI.FIPR,VINI
23885,CALCINHA RAFAELA.VINI.FIPR,VINI
23886,SUTIA PLUS SIZE MILA.VINI.FIPR,VINI
23887,SUTIA SABRINA PLUS .VINI.FIPR,VINI
23888,CALCINHA PLUS SABRINA .VINI.FIPR,VINI
23890,CALCINHA ELZA LISA/ESTAMPADO.VINI.FISL,VINI
23891,CALCA PANTALONA LISA.FLORATTA.FJAR,FLORATTA
23893,CONJUNTO C/RENDA TIFANY VINI . FIPR,VINI
23895,BLUSA ALCA BABADO ANTONIA .FJAR,ANTONIA
23899,VESTIDO LONGO ALCA BABADO. ANTONIA. FJPR,ANTONIA
23901,MACAQUINHO ALCA BABADO ANTONIA .FJPR,ANTONIA
23903,MACAQUINHO M/M COLISSE BUSTO ANTONIA .FJPR,ANTONIA
23904,VESTIDO MID ALCA BABADO ANTONIA .FCPR,ANTONIA
23907,BERMUDA JEANS MASC HBRIO.MJAR,HB RIO
23910,PRESILHA 1 FILA STRASS. FEIRAO DA MAQUIAGEM. AASF,FEIRÃO DA MAQUIAGEM
23911,PULSEIRA DE CELULAR VARIADAS. FEIRAO DA MAQUIAGEM. AASF,FEIRÃO DA MAQUIAGEM
23912,LACO C/ PEROLA. FEIRAO DA MAQUIAGEM. AASF,FEIRÃO DA MAQUIAGEM
23913,LACO C/ BOLINHA E PEROLA. FEIRAO DA MAQUIAGEM. AASF,FEIRÃO DA MAQUIAGEM
23914,ESPONJA FOREO. FEIRAO DA MAQUIAGEM. AASF,FEIRÃO DA MAQUIAGEM
23915,TIARA ACRILICO SIMPLES . FEIRAO DA MAQUIAGEM. AASF,FEIRÃO DA MAQUIAGEM
23916,TIARA PEROLA C/ 8 BOLAS. FEIRAO DA MAQUIAGEM. AASF,FEIRÃO DA MAQUIAGEM
23917,CHAVEIRO PORTA CARTAO. FEIRAO DA MAQUIAGEM. AASF,FEIRÃO DA MAQUIAGEM
23918,ANEL INFANTIL CORACAO. FEIRAO DA MAQUIAGEM. AASF,FEIRÃO DA MAQUIAGEM
23920,ELASTICO TUBINHO SILI. FEIRAO DA MAQUIAGEM. AASF,FEIRÃO DA MAQUIAGEM
23921,CILIOS POSTICOS 5D 1 PAR. FEIRAO DA MAQUIAGEM. AASF,FEIRÃO DA MAQUIAGEM
23923,KIT 5 ESPONJAS MINI.FEIRAO DA MAQUIAGEM. AASF,FEIRÃO DA MAQUIAGEM
23924,SUTIA ADESIVO PUSH UP. FEIRAO DA MAQUIAGEM. AASF,FEIRÃO DA MAQUIAGEM
23925,MOLDE DE SOBRANCELHAS. FEIRAO DA MAQUIAGEM. AASF,FEIRÃO DA MAQUIAGEM
23949,SHORT VISCOSE ESTAMP C/ AMARRACAO. FJSL,BELLA MODA
23955,CONJ. SHORT DOLL M/M INF CUPCAKE. DIONS. A4PR,DIONS
23956,CONJ. SHORT DOLL M/M ADULTO CUPCAKE. DIONS. FIPR,DIONS
23957,CONJ. PIJAMA M/M 04 GUITARRA. DIONS. O4PR,DIONS
23958,CONJ SHORT DOLL REGATA DONUTS. DIONS. FIPR,DIONS
23960,CONJ. SHORT DOLL REGATA A4 UNICORNIO. DIONS. A4PR,DIONS
23962,SUTIA C/BOJO RENDA.AM TEXTIL.FIPR,AM TEXTIL
23963,SUTIA C/BOJO RENDA.AM TEXTIL.FIPR,AM TEXTIL
23969,CROPPED M/M ESTAMPADA FLOCAGEM. AGTEX. FJSL,AGTEX
23974,BERMUDA MOLETON LISA CAEDU .MJAR,CAEDU
23975,CALCA PLUS SUEDE ROSE.CAEDU.FJSL,CAEDU
23978,VESTIDO LONGO PLUS.AGTEX.FCSL,AGTEX
23984,XUXINHA PEROLA PEQUENA/PINGENTE. FEIRAO DA MAQUIAGEM. AASF,FEIRÃO DA MAQUIAGEM
23985,BANDANAS VARIADAS. FEIRAO DA MAQUIAGEM.AASF,FEIRÃO DA MAQUIAGEM
23986,PRESILHA PEROLA LOSANGO/RETAN. FEIRAO DA MAQUIAGEM.AASF,FEIRÃO DA MAQUIAGEM
23988,MACACAO ESTAM ALCA/AMARRACAO. AGTEX. FPPR,AGTEX
23989,BLUSA VISCOSE ALCA ARRASO .FCAR,ARRASO
23992,SHORT FEM MOLETINHO C/ AMARRACAO. SHOP SUL. FJSL,SHOP SUL
23995,BLUSA ONCA MEIA MANGA AGTEX.FJAR,AGTEX
23998,BABY LOOK LISTRADA GOLA V AGTEX.FJAR,AGTEX
24003,ESCOVA POLVO P/ CACHOS. GABRIEL KAMP. AASF,GABRIEL CAMP
24004,KIT MANICURE.FEIRAO DA MAQUIAGEM. AASF,FEIRÃO DA MAQUIAGEM
24005,ESPONJA ESFOLIANTE COELHO. FEIRAO DA MAQUIAGEM. AASF,FEIRÃO DA MAQUIAGEM
24006,PRENDEDOR DE PANO. FEIRAO DA MAQUIAGEM.AASF,FEIRÃO DA MAQUIAGEM
24007,PULSEIRA DE PULSO C/ PINGENTE. FEIRAO DA MAQUIAGEM.AASF,FEIRÃO DA MAQUIAGEM
24008,LACINHOS VARIADOS. FEIRAO DA MAQUIAGEM.AASF,FEIRÃO DA MAQUIAGEM
24009,UNHA POSTICA INFANTIL. FEIRAO DA MAQUIAGEM.AASF,FEIRÃO DA MAQUIAGEM
24010,LENCO DE BOLSA LATINHA. FEIRAO DA MAQUIAGEM.AASF,FEIRÃO DA MAQUIAGEM
24012,LEQUE ABANADOR. FEIRAO DA MAQUIAGEM.AASF,FEIRÃO DA MAQUIAGEM
24013,BOLSA PORTA MOEDA. FEIRAO DA MAQUIAGEM.AASF,FEIRÃO DA MAQUIAGEM
24014,PRESILHA C/ 3 FILA STRASS. FEIRAO DA MAQUIAGEM.AASF,FEIRÃO DA MAQUIAGEM
24015,ESCOVA FACIAL. FEIRAO DA MAQUIAGEM.AASF,FEIRÃO DA MAQUIAGEM
24016,TIARA PEROLA LUXO. FEIRAO DA MAQUIAGEM.AASF,FEIRÃO DA MAQUIAGEM
24017,ESPONJA SIMPLES.. FEIRAO DA MAQUIAGEM.AASF,FEIRÃO DA MAQUIAGEM
24018,XUXINHA BOLINHA PEQUENA. FEIRAO DA MAQUIAGEM. AASF,FEIRÃO DA MAQUIAGEM
24019,TIARAS VARIADAS. FEIRAO DA MAQUIAGEM. AASF,FEIRÃO DA MAQUIAGEM
24020,PRESILHA C/ 4 FILA STRASS. FEIRAO DA MAQUIAGEM.AASF,FEIRÃO DA MAQUIAGEM
24021,BLUSA M/M MANGA ESTAMPADA AME-SE .FCAR,AME -SE
24031,CALCINHA INFANTIL ESTAMPADA BIA CONFECCOES.IA3MS,BIA CONFECÇÕES
24061,CONJUNTO COM RENDA VERSALLY.FIPR,VERSALLY
24062,CONJUNTO RENDA C/LACO VERSALLY .FIPR,VERSALLY
24092,BODY INF FEM BOCHECHINHA .IA4PR,BOCHECHINHA
24111,TOALHINHA DE ROSTO. FEIRAO DA MAQUIAGEM. AASL,FEIRÃO DA MAQUIAGEM
24112,ESTOJO ESCOLAR TRANSPARENTE.FEIRAO DA MAQUIAGEM.AASL,FEIRÃO DA MAQUIAGEM
24113,TESOURA INFANTIL. FEIRAO DA MAQUIAGEM.AASL,FEIRÃO DA MAQUIAGEM
24115,CANETA HIDRACOLOR 12 CORES.FEIRAO DA MAQUIAGEM.AASF,FEIRÃO DA MAQUIAGEM
24116,CANETA HIDRACOLOR 24 CORES. FEIRAO DA MAQUIAGEM.AASF,FEIRÃO DA MAQUIAGEM
24117,KIT LAPIS C/ BORRACHA. FEIRAO DA MAQUIAGEM.AASF,FEIRÃO DA MAQUIAGEM
24118,COLA C/ GLITTER. FEIRAO DA MAQUIAGEM.AASF,FEIRÃO DA MAQUIAGEM
24119,ESPUMINHA AXE. FEIRAO DA MAQUIAGEM.AASF,FEIRÃO DA MAQUIAGEM
24120,PORTA ALCOOL EM GEL. FEIRAO DA MAQUIAGEM.AASF,FEIRÃO DA MAQUIAGEM
24121,FACE JEWELS. FEIRAO DA MAQUIAGEM. AASF,FEIRÃO DA MAQUIAGEM
24123,SQUEEZE ESTAMPADA. FEIRAO DA MAQUIAGEM. AASF,FEIRÃO DA MAQUIAGEM
24124,ESTOJO ESTAMPADO. FEIRAO DA MAQUIAGEM.AASF,FEIRÃO DA MAQUIAGEM
"2,41E+04",BAG PORTA MOEDAS MOPS. FINA ESTAMPA. AASF,FINA ESTAMPA
"2,41E+04",POCHETES COLOR MOPS. FINA ESTAMPA. AASF,FINA ESTAMPA
"2,41E+04",PURPURINA COLOR MOPS. FINA ESTAMPA. AASF,FINA ESTAMPA
"2,41E+04",POST IT MOPS. FINA ESTAMPA. AASF,FINA ESTAMPA
"2,41E+04",MARCADOR P/ PAG MOPS. FINA ESTAMPA. AASF,FINA ESTAMPA
"2,41E+04",ARCOS INFANTIS VARIADOS MOPS. FINA ESTAMPA. AASF,FINA ESTAMPA
"2,41E+04",XUXINHAS COLORIDAS MOPS. FINA ESTAMPA. AASF,FINA ESTAMPA
"2,41E+04",PORTA CARTAO MOPS. FINA ESTAMPA. AASF,FINA ESTAMPA
"2,41E+04",COPO NEON 500ML MADU. FINA ESTAMPA. AASF,FINA ESTAMPA
"2,41E+04",TIARA C/ PENAS MADU. FINA ESTAMPA. AASF,FINA ESTAMPA
"2,41E+04",MASCARAS CARNAVAL VARIADAS MADU. FINA ESTAMPA. AASF,FINA ESTAMPA
"2,42E+04",BLUSA M/MANGA TRICOLOR. ALEGAM. FCSL,ALEGAM
"2,42E+04",CROPPED M/M C/ AMARRACAO FRONTAL. ALEGAM. FJSL,ALEGAM
"2,42E+04",CALCA JEANS JOGGUER. VAGALUME. IO4PR,VAGALUME
"2,42E+04",CALCA C/ AMARRACAO BARRA DOBRADA. VAGALUME. IA4PR,VAGALUME
"2,42E+04",CALCA JOGGUER COLOR. VAGALUME. IA4PR,VAGALUME
"2,42E+04",CALCA JEANS C/ CINTO. VAGALUME. IO4PR,VAGALUME
"2,42E+04",CALCA JEANS C/ CINTO DESTROYED. IO4PR,VAGALUME
"2,42E+04",CAMISETA MASC M/L LISA LEASH .MCPR,LEASH
"2,42E+04",CAMISETA M/L C/ CAPUZ MASC LEASH .MJPR,LEASH
"2,42E+04",CAMISETA M/M LISA LEASH.MBPR,LEASH
"2,42E+04",CAMISETA MASC MALHA PENTEADA LISA.LEASH.MBMS,LEASH
"2,42E+04",FIXADOR DE MAKE TOQUE SECO. FEIRAO DA MAQUIAGEM. AASF,FEIRÃO DA MAQUIAGEM
"2,42E+04",PRIMER KYRAV PRE MAKE. FEIRAO DA MAQUIAGEM. AASF,FEIRÃO DA MAQUIAGEM
"2,42E+04",MASCARAS FACIAIS PEEL OFF P VARIADAS. FEIRAO DA MAQUIAGEM. AASF,FEIRÃO DA MAQUIAGEM
"2,42E+04",BLUSA ESCOLAR HELANGA SAQUINHO .IA4AR,SAQUINHO
"2,42E+04",CAMISETA M/M COM SILK LEASH .MJPR,LEASH
"2,42E+04",CAMISETA M/M GOLA REDONDA MASC LEASH.MBPR,LEASH
"2,42E+04",CALCA JOGGUER MOLETINHO. VAGALUME KIDS. IO4PR,VAGALUME
"2,42E+04",SAIA MID C/ BABADO.ART LIMA.FJSL,ART LIMA
"2,42E+04",VESTIDO ALCA FINA LISO. AGTEX. FJPR,AGTEX
"2,42E+04",REGATA DRY FEMININA. ALEGAM. FFSL,ALEGAM
"2,42E+04",BLUSA M/ MANGA ESTAM PLUS. AME SE. FPPR,AME -SE
"2,42E+04",BLUSA M/ MANGA LISA PLUS.AME SE. FPPR,AME -SE
"2,42E+04",CALCA CENOURA LISA PLUS. AME SE. FPPR,AME -SE
"2,42E+04",CALCA CENOURA ESTAMPADA PLUS. AME SE. FPPR,AME -SE
"2,42E+04",VESTIDO M/ MANGA ESTAMP PLUS. AME SE. FPPR,AME -SE
"2,42E+04",VESTIDO M/ MANGA LISO PLUS. AME SE. FPPR,AME -SE
"2,42E+04",VESTIDO M/M BASICO ESTAMPADO. AME SE. FCPR,AME -SE
"2,42E+04",BLUSA M/M BASICA LISA. AME-SE.FCPR,AME -SE
"2,42E+04",BLUSA M/M BASICA ESTAMPADA. AME SE. FCPR,AME -SE
"2,42E+04",VESTIDO M/ LONGA ELAS ESTAMPADO. AME SE. FCPR,AME -SE
"2,42E+04",CALCA PANTALONA ESTAMPADA. AME SE. FCPR,AME -SE
"2,42E+04",CALCA PANTALONA LISA. AME SE. FCPR,AME -SE
"2,42E+04",BLUSA M/ MANGA SUEDE. AME SE. FCSL,AME -SE
"2,43E+04",MULLET M/M C/ DIAMANTE. JRA. FBSL,JRA MARCELO
"2,43E+04",REGATA DIAMANTE LISA. JRA. FCSL,JRA MARCELO
"2,43E+04",BLUSA SOBRE LEG M/M C/ FENDA. JRA. FBSL,JRA MARCELO
"2,43E+04",REGATA ESTAMPA C/ DIZERES. JRA. FJSL,JRA MARCELO
"2,43E+04",MULLET ESTAMPA C/ DIZERES. JRA. FCSL,JRA MARCELO
"2,43E+04",CROPPED JEANS M/M C/ BOTOES E BOLSO. IDISE. FEPR,IDISE
"2,43E+04",CROPPED JEANS DESFIADO NA BARRA C/ BOTOES. IDISE. FEPR,IDISE
"2,43E+04",SHORT SUEDE C/ AMARRACAO. NILKAMP. FCSL,NILKAMP
"2,43E+04",REGATA ROBERTA NEW. NILKAMP. FJSL,NILKAMP
"2,43E+04",SHORT LADY NEW. NILKAMP. FJSL,NILKAMP
"2,43E+04",CALCA JEANS C/ ELASTANO. IDISE. FEPR,IDISE
24302,SHORT JEANS COLOR C/CADARCO FILL FORTE .FEPR,FILL FORTE
24303,SHORT JEANS C/ CINTO BARRA DOBRADA. QUARTA GERACAO.FEPR,QUARTA GERAÇÃO
24310,SHORT ESTAMPA FLOR DECIZAO JEANS .FEPR,DECIZÃO
24311,SHORT JEANS C/ CINTO DECIZAO JEANS .FEPR,DECIZÃO
24312,SHORT JEANS BARRA DESFIADA DECIZAO .FEPR,DECIZÃO
24314,SHORT JEANS FEM DECIZAO JEANS .FEPR,DECIZÃO
24315,SHORT JEANS C/BOTOES DECIZAO.FEPR,DECIZÃO
24343,CALCA LEGGING ESTAMPADA INF NINANDO.IA4PR,NINANDO
24359,CALCA JEANS C/ BARRA DOBRADA. FEPR,IDISE
24366,CALCA JEANS MON C/ CINTO. IDISE. FEPR,IDISE
24370,JAQUETA MASC JEANS COLOR. IDISE. MEPR,IDISE
24373,SHORT INTIMO SENHORA DELA SPIGA .FIPR,DELA SPIGA
24374,CAMISOLA C/ RENDA RASGO LATERAL DELLA SPIGA.FIPR,DELA SPIGA
24375,BABY DOLL LISO BRUNO BELEZAURO .FIAR,BRUNO BELEZAURO
24378,BABY DOOL M/M SUEDE AMORE MIO .FIPR,AMORE MIO
24379,BABY DOLL TOP RENDA AMORE MIO .FIPR,AMORE MIO
24380,CALCA C/ 2 FILETES LATERAL LIDERY FFPR,LIDERY
24381,CALCA BICOLOR LIDERY .FFPR,LIDERY
24382,SHORT FITNESS C/ TELA LIDERY .FFPR,LIDERY
24383,TOP C/ RENDA FITNESS FRONTAL LIDERY.FFPR,LIDERY
24384,TOP FITNESS FILETE DUPLO LATERAL LIDERY.FFPR,LIDERY
24385,BLUSA FITNESS C/ TELA LIDERY .FFPR,LIDERY
24386,CALCA FITNESS PLUSS C/ DOIS FILETE LATERAL LIDERY.FFPR,LIDERY
24387,SHORT FITNESS PLUS LIDERY.FFPR,LIDERY
24388,TOP FITNESS PLUS LIDERY.FFPR,LIDERY
24389,BERMUDA C/ ESTAM E TELA LATERAL. MAIS FITNESS. FPPR,MAIS FITNESS
24390,CALCA BICOLOR C/ FAIXA FRONTAL PLUS. MAIS FITNESS. FPPR,MAIS FITNESS
24391,TOP ALCA FINA LISO. MAIS FITNESS. FFPR,MAIS FITNESS
24392,CALCA C/ FAIXA E TELA LATERAL. MAIS FITNESS. FJPR,MAIS FITNESS
24393,BERMUDA C/ METALIZADO E TELA. MAIS FITNESS. FFPR,MAIS FITNESS
24394,TOP ALCA FINA TELADO. MAIS FITNESS. FFPR,MAIS FITNESS
24395,SHORT METALIZADO C/ FAIXA FRONTAL.FFPR,MAIS FITNESS
24396,CALCA METALIZADA C/ FAIXA FRONTAL. MAIS FITNESS.FFPR,MAIS FITNESS
24397,BERMUDA COM TELA LATERAL. MAIS FITNESS. FFPR,MAIS FITNESS
24398,CROPPED C/ BOJO ELASTICO NA BARRA. MAIS FITNESS. FFPR,MAIS FITNESS
24399,CALCA COM TELADO NA PERNA. MAIS FITNESS. FFPR,MAIS FITNESS
24400,CALCA COM TULE NA PERNA. MAIS FITNESS. FFPR,MAIS FITNESS
24401,CROPPED C/ BOJO E DECOTE. MAIS FITNESS. FFPR,MAIS FITNESS
24402,BERMUDA C/ 2 FAIXAS LATERAIS. FFPR,MAIS FITNESS
24404,SHORT HELANCA MASC. MJAR,JOAO DO NORTE
24407,TOP C/ BOJO ALCA CRUZADA NAS COSTAS. MAIS FITNESS. FFPR,MAIS FITNESS
24408,BERMUDA COM FAIXA FRONTAL. MAIS FITNESS. FFPR,MAIS FITNESS
24409,TOP COM BOJO NADADOR. MAIS FITNESS. FFPR,MAIS FITNESS
24410,KITC/ 06 XUXINHA ELASTICO DUDU.AASF,DUDU
24411,BERMUDA C/ MET E FILETE LATERAL. MAIS FITNESS. FFPR,MAIS FITNESS
24412,TOP C/ BOJO MET C/ CALCA LARGA. MAIS FITNESS.FFPR,MAIS FITNESS
24413,CALCA METALIZADA C/ FILETE LATERAL. MAIS FITNESS. FFPR,MAIS FITNESS
24414,PAR DE XUXINHA MINI INF DUDU .AACSF,DUDU
24415,XUXINHA SANFONADA COLORIDA DUDU.AASF,DUDU
24416,PRENDEDOR MEDIO /MINI DUDU.AASF,DUDU
24417,PRENDEDOR GRANDE COLORIDO DUDU .AASF,DUDU
24418,XUXINHA SCRUNCHIE DUDU.AASF,DUDU
24419,CHAVEIRO PANTUFA DUDU.AASF,DUDU
24420,CORDAO MICANGA GRANDE DUDU .AASF,DUDU
24421,CORDAO MICANGA PEQUENO DUDU .AASF,DUDU
24423,PRENDEDOR VARIADOS DUDU .AASF,DUDU
24425,CARTEIRA MASCULINA DUDU.AASF,DUDU
24426,CORDAO CORRENTE GROSSA DUDU.AASF,DUDU
24427,ELASTICO NO TUBINHO DUDU .AASF,DUDU
24428,CARTEIRA FEM DUDU .AASF,DUDU
24429,BANDANA ESTAMPADA DUDU .AASF,DUDU
24430,XUXINHA COELHO UN DUDU .AASF,DUDU
24431,KIT C/3 INFANTIL DUDU.AASF,DUDU
24432,KIT INFANTIL VARIADOS DUDU.AASF,DUDU
24452,CROPPED M/M BOLSO FAKE. SIDWAY. FJPR,SIDWAY
24453,CROPPED M/M POWER C/ ELAS BARRA. SIDWAY. FJPR,SIDWAY
24454,CROPPED M/M LOLA BUNNY. SIDWAY. FJPR,SIDWAY
24455,CROPPED M/M TRICOLOR. SIDWAY. FJPR,SIDWAY
24456,CROPPED M/M TRICOLOR. SIDWAY. FJPR,SIDWAY
24457,BLUSA M/M WONDER WOMAN. SIDWAY. FJPR,SIDWAY
24458,BLUSA M/M MYSTERY. SIDWAY. FJPR,SIDWAY
24459,BLUSA M/M PINKY BRAIN. SIDWAY. FJPR,SIDWAY
24460,CROPPED M/M PERSONAGENS. SIDWAY.FJPR,SIDWAY
24468,CAMISETA M/M SUPER MAN. SIDWAY. MJPR,SIDWAY
24469,CAMISETA M/M CARTOON SUPER MAN. SIDWAY. MJPR,SIDWAY
24471,CAMISETA M/M C/ BOLSO JOHNNY BRAVO. SIDWAY. MJPR,SIDWAY
24472,CAMISETA M/M T.S OF DUMBLEDORE. SIDWAY. MJPR,SIDWAY
24473,CAMISETA M/M COLECAO BATMAN. SIDWAY. MJPR,SIDWAY
24475,CAMISETA M/M COLECAO BATMAN. SIDWAY. MJPR,SIDWAY
24476,CAMISETA M/M COLECAO BATMAN. SIDWAY. MJPR,SIDWAY
24477,BLUSA MEIA MANGA INF BIBI.IA4AR,BIBI
24478,CAMISETA MEIA MANGA INF MASC BIB.IO4PR,BIBI
24481,CASACO C/CAPUZ MASC BOLSO E ZIPER BIJU .MJPR,BIJU
24486,SUTIA C/ BOJO NINA ESTAMPADO VINI.FIAR,VINI
24487,SUTIA AMAMENTACAO C/RENDA VINI.FIPR,VINI
24496,CONJ. CALCA / TOP / BLUSA. AGTEX.FJPR,AGTEX
24500,CALCA C/ BOTOES E BOLSO.AGTEX. FCPR,AGTEX
24516,BOLSA LATERAL TIRA COLO. JOABE. AASF,JOABE
24517,BERMUDA SUPLEX SUELEN LISA PLUS. NILKAMP. FPSL,NILKAMP
24518,CHAMISE XADREZ C/ BOTOES.ABUSADA. FCSL,SCHUMACHER
24521,VESTIDO C/FAIXA E BABADO IRODRIGUES.FJAR,IRODRIGUES
24524,LEGGING INF PUNHO NA BARRA TOP KIDS.IA4AR,TOP KIDS
24525,BLUSA MEIA MANGA C/BABADO PLUS IRODRIGUES.FPAR,IRODRIGUES
24531,TOUCA DE CETIM DUDU. AASF,DUDU
24536,VESTIDO MIDI C/ FENDA. BELLA MODA. FJSL,BELLA MODA
24543,UNHAS POSTICAS AUTOCOLANTES. AASF,FEIRÃO DA MAQUIAGEM
24544,KIT PINCEIS HENGRUN 8 PCS. AASF,FEIRÃO DA MAQUIAGEM
24545,PINCA METAL DOURADA. FEIRAO DA MAQUIAGEM. AASF,FEIRÃO DA MAQUIAGEM
24546,TESOURA PONTA FINA. FEIRAO DA MAQUIAGEM. AASF,FEIRÃO DA MAQUIAGEM
24547,TIARA NO RIBANA. FEIRAO DA MAQUIAGEM. AASF,FEIRÃO DA MAQUIAGEM
24548,TIARA TRANCA. FEIRAO DA MAQUIAGEM. AASF,FEIRÃO DA MAQUIAGEM
24549,PRENDEDOR BICO DE PATO. FEIRAO DA MAQUIAGEM.AASF,FEIRÃO DA MAQUIAGEM
24550,NECESSAIRE LOVE P. FEIRAO DA MAQUIAGEM. AASF,FEIRÃO DA MAQUIAGEM
24551,NECESSAIRE LOVE M. FEIRAO DA MAQUIAGEM. AASF,FEIRÃO DA MAQUIAGEM
24552,PULSEIRA MODELO PANDORA. FEIRAO DA MAQUIAGEM. AASF,FEIRÃO DA MAQUIAGEM
24553,TOUCA NERO LISA. FEIRAO DA MAQUIAGEM. AASF,FEIRÃO DA MAQUIAGEM
24555,XUXINHA LENCO SEDA. FEIRAO DA MAQUIAGEM. AASF,FEIRÃO DA MAQUIAGEM
24556,PENTE DE CABELO. FEIRAO DA MAQUIAGEM. AASF,FEIRÃO DA MAQUIAGEM
24557,CARTELA TICTAC CORES VARIADAS. FEIRAO DA MAQUIAGEM. AASF,FEIRÃO DA MAQUIAGEM
24558,LIP BALM HIDRANTE. FEIRAO DA MAQUIAGEM. AASF,FEIRÃO DA MAQUIAGEM
24559,ESFOLIANTE LABIAL. FEIRAO DA MAQUIAGEM. AASF,FEIRÃO DA MAQUIAGEM
24560,LIP BALM CANDY VIVAI. FEIRAO DE MAQUIAGEM. AASF,FEIRÃO DA MAQUIAGEM
24561,CHAVEIRO DE EMOJIS. FEIRAO DA MAQUIAGEM. AASF,FEIRÃO DA MAQUIAGEM
24562,KIT OLHAR PERFEITO. FEIRAO DA MAQUIAGEM. AASF,FEIRÃO DA MAQUIAGEM
24563,CAMISETA M/M DRY FEM ARRASO .FFAR,ARRASO
24564,REGATA SOBRE LEG DRY ARRASO.FFAR,ARRASO
24566,CAMISETA M/M VISCOLYCRA FEM ARRASO.FFAR,ARRASO
24590,BERMUDA SEGUNDA PELE C/ RENDA. VINI. FIPR,VINI
24591,CALCOLA COS C/ RENDA. VINI. FISL,VINI
24593,SUTIA COM BOJO E RENDA PLUS. VINI. FIPR,VINI
24594,TOP ALCA FINA DE COTTON ESTAM. VINI. FIPR,VINI
24595,SUTIA TOP RENDADO C/BOJO ALCA LARGA.VINI.FIPR,VINI
2459,TOP CONFORT TOMARA QUE CAIA. VINI. FIPR,VINI
24600,SUTIA TOMARA QUE CAIA C/ BOJO. VINI. FIPR,VINI
24602,CONJUNTO SUTIA C/ CALCINHA C/ RENDA. VINI. FIPR,VINI
24603,CONJ CALCINHA/SUTIA SEM BOJO. VINI. FIPR,VINI
24604,CONJ CALCINHA/SUTIA CANELADO C/ RENDA. VINI. FIPR,VINI
24605,CALCINHA ESTAM KIT C/2. VINI. FIPR,VINI
24606,BODY TIFFANY C/ RENDA ALCA REGULAVEL. VINI. FIPR,VINI
24607,CONJ CALCINHA/SUTIA C/ RENDA CANELADO. VINI. FIPR,VINI
24608,CONJ CALCINHA/SUTIA CANELADO. VINI. FIPR,VINI
24609,CONJ CALCINHA/SUTIA CANELADO C/ ELASTICO. VINI. FIPR,VINI
24613,PINCA DOURADA FANG ZI. FEIRAO DA MAQUIAGEM. AASF,FEIRÃO DA MAQUIAGEM
24614,MINI TESOURA PONTA FINA. FEIRAO DA MAQUIAGEM. AASF,FEIRÃO DA MAQUIAGEM
24615,CONJUNTO C/RENDA SARA FLALU.FIPR,FLALU
24616,CAMISOLA COM RENDA LORENA FLALU.FIPR,FLALU
24617,CAMISOLA C/ RENDA BRENDA FLALU.FIPR,FLALU
24618,CAMISOLA C/RENDA PAULIENE .FIPR,FLALU
24619,SHORT DOOL COM RENDA SABRINA .FIPR,FLALU
24620,SHORT DOOL COM RENDA SELENA FLALU.FIPR,FLALU
24621,SUTIA COM RENDA FLAU.FIBC,FLALU
24622,SUTIA COM RENDA FLALU.FIBC,FLALU
24623,SUTIA C RENDA FLALU .FIBC,FLALU
24624,SUTIA C/RENDA FLALU.FIBC,FLALU
24625,SUTIA C/RENDA FLALU.FIBC,FLALU
24626,SUTIA C/RENDA BRUNA FLALU.FIBC,FLALU
24627,CONJUNTO LEANDRA FLALU.FIPR,FLALU
24628,CONJUNTO ALESSANDRA BICOLOR C/PLUS FLALU,FLALU
24629,CONJUNTO JOANA C/RENDA PLUS FLALU.FIPR,FLALU
24630,CONJUNTO GISELY C/RENDA FLALU .FIPR,FLALU
24632,GUARDA CHUVA ESTAMP. FEIRAO DA MAQUIAGEM. AASF,FEIRÃO DA MAQUIAGEM
24633,CAPA DE CHUVA DESCARTAVEL. FEIRAO DA MAQUIAGEM. AASF,FEIRÃO DA MAQUIAGEM
24634,GUARDA CHUVA LISO. FEIRAO DA MAQUIAGEM. AASF,FEIRÃO DA MAQUIAGEM
24635,GUARDA CHUVA BENGALA. FEIRAO DA MAQUIAGEM. AASF,FEIRÃO DA MAQUIAGEM
24644,CALCA MONTARIA FEM JACA JOABE.FCMS,JOABE
24646,CALCA VISCOSE LISA FEM ART LIMA.FCAR,ART LIMA
24648,MACAQUINHO MANGA MORCEGO E LASTEX ANTONIA.FJAR,ANTONIA
24656,BLUSA PLUS M/M C/ ELASTICO. JOABE. FCPR,JOABE
24659,BLUSA SUEDE ALCA FINA REGULAVEL. JOABE. FJSL,JOABE
24660,BLUSA GOLA BOTOES PLUS. JOABE. FCPR,JOABE
24663,CARTEIRA ENVELOPE PORTA CARTOES. FEIRAO DA MAQUIAGEM. AASF,FEIRÃO DA MAQUIAGEM
24669,MACACAO PANTALONA C/ MANGA BUFANTE. FLORATTA. FCPR,FLORATTA
24670,VESTIDO M/ COM BABADO MID E DECOTE. FLORATTA. FCPR,FLORATTA
24672,NECESSAIRE P. FEIRAO DA MAQUIAGEM. AASF,FEIRÃO DA MAQUIAGEM
24673,NECESSAIRE M. FEIRAO DA MAQUIAGEM. AASF,FEIRÃO DA MAQUIAGEM
24674,NECESSAIRE G. FEIRAO DA MAQUIAGEM. AASF,FEIRÃO DA MAQUIAGEM
24675,NECESSAIRE BEAUTY LIFE. FEIRAO DA MAQUIAGEM. AASF,FEIRÃO DA MAQUIAGEM
24680,PENTE SIMPLES COLORIDO. FEIRAO DA MAQUIAGEM. AASF,FEIRÃO DA MAQUIAGEM
24681,BABY LOOK BASICA. DUKY. FCMS,DUKY
24682,CAMISETA GOLA REDONDA MASC BASICA. DUKY. MJMS,DUKY
24683,"BERMUDA FIT COM DETALHES EM ONCA, MAIS FITNESS. FFPR",MAIS FITNESS
24684,TOP ALCA FINA C/ BOJO ONCA. MAIS FITNESS. FFPR,MAIS FITNESS
24686,TOP ALCA ELASTICO LARGA C/ ZIPER. MAIS FITNESS. FFPR,MAIS FITNESS
24687,SHORT C/ ESTAM DE ONCA NA BARRA. MAIS FITNESS. FFPR,MAIS FITNESS
24689,SHORT LEVANTA BUMBUM. MAIS FITNESS. FFPR,MAIS FITNESS
24690,TOP NADADOR C/ FRIZO FRONTAL. MAIS FITNESS. FFPR,MAIS FITNESS
24691,CALCA LEVANTA BUMBUM. MAIS FITNESS. FFPR,MAIS FITNESS
24692,SHORT SAIA METALIZADO. MAIS FITNESS. FFPR,MAIS FITNESS
24693,BERMUDA C/ CADARCO E FILETE LATERAL. MAIS FITNESS. FFPR,MAIS FITNESS
24694,TOP C/ BOJO E DECOTE. MAIS FITNESS. FFPR,MAIS FITNESS
24695,MACACAO ALCA FINA C/ DETALHES. MAIS FITNESS. FFPR,MAIS FITNESS
24696,BERMUDA METALIZADA. MAIS FITNESS. FFPR,MAIS FITNESS
24698,CALCA FIT C/ DETALHES DE ONCA. MAIS FITNESS. FFPR,MAIS FITNESS
24699,CALCA C/ ESTAMPA DE ONCA. MAIS FITNESS. FFPR,MAIS FITNESS
24702,CALCA PANTALONA C/BOLSO VOLARE.FCPR,VOLARE
24707,VESTIDO PLUS LISO GOLA V AME-SE .FPAR,AME -SE
24712,BLUSA M/M GOLA V ESTAMP PLUS AME-SE.FPAR,AME -SE
24714,BLUSA M/M GOLA V LISA PLUS AME-SE.FPAR,AME -SE
24715,REGATA ALCA LARGA PLUS ESTAMPADA AME-SE.FCAR,AME -SE
24717,REGATA ALCA LARGA PLUS LISA AME-SE.FPAR,AME -SE
24727,SAIA BABADO LISA AME-SE.FCAR,AME -SE
24734,VESTIDO ALCA LARGA BASICO ESTAMPADO AME-SE.FCAR,AME -SE
24735,BERMUDA MOLETIM C/ BOLSO E AMARRACAO. POKOTINHA. IO4PR,POKOTINHA
24739,VESTIDO M/M BASICO LISO AME-SE.FCAR,AME -SE
24759,CALCA LEGGUING PELUCIADA PMG GLOSS .FJAR,GLOSS MODA
24760,CALCA PANTALONA C/ FENDA. VISAO. FCSL,VISAO MODA
24761,CALCA CAPRI ESTAMP C/ AMARRACAO. VISAO. FCSL,VISAO MODA
24762,VESTIDO CIGANA C/ M LARGA ESTAMP. VISAO. FCSL,VISAO MODA
24798,REGATA CANELADA GOLA ALTA. SINGLE STAR. FCSL,SINGLE STAR
24806,CONJ SUTIA S/ BOJO/ CALCINHA RENDADO. VERSALLY. FIPR,VERSALLY
24807,CONJ SUTIA C/ BOJO/CALCINHA RENDADO. VERSALLY. FIPR,VERSALLY
24808,CONJ RENDADO CALCINHA E SUTIA C/ BOJO. VERSALLY. FIPR,VERSALLY
24809,CONJ RENDADO CALCINHA E SUTIA C/ BOJO. VERSALLY. FIPR,VERSALLY
24810,CONJ RENDADO SUTIA E CALCINHA COS ALTO. VERSALLY. FIPR,VERSALLY
24811,CONJ CALCINHA E SUTIA RENDADO. VERSALLY. FIPR,VERSALLY
24812,CONJ SUTIA E CALCINHA C/ BOJO E LACO. VERSALLY. FIPR,VERSALLY
24813,CONJ BABY DOLL RENDADO. VERSALLY. FIPR,VERSALLY
24814,CAMISOLA LISA RENDADA. VERSALLY. FIPR,VERSALLY
24815,CONJ BABY DOLL COM RENDA NO BUSTO. VERSALLY. FIPR,VERSALLY
24816,CONJ CALCINHA C/ RENDA E SUTIA TOMARA QUE CAIA. GLAMOUR. FIPR,GLAMOUR
24817,CONJ RENDADO CALCINHA E SUTIA. GLAMOUR. FIPR,GLAMOUR
24818,CONJ CALCINHA E SUTIA S/ BOJO RENDADO. GLAMOUR. FIPR,GLAMOUR
24819,CONJ SUTIA C/ BOJO E CALCINHA RENDADA. GLAMOUR. FIPR,GLAMOUR
24820,CONJ CALCINHA C/ RENDA E SUTIA C/ BOJO. GLAMOUR. FIPR,GLAMOUR
24821,CONJ CALCINHA E SUTIA C/ RENDA FRONTAL. GLAMOUR. FIPR,GLAMOUR
24822,CONJ SUTIA E CALCINHA C/ RENDA . GLAMOUR. FIPR,GLAMOUR
24823,CONJ RENDADO CALCINHA E SUTIA C/ BOJO. GLAMOUR. FIPR,GLAMOUR
24829,BERMUDA SUPLEX INF C/ AMARRACAO. ACANTO. IO4SL,ACANTO
24830,BLUSA ALCA FINA DUPLA C/ BOJO. SEA SURF,SEA SURF
24835,VESTUARIOS DIVERSOS,FINA ESTAMPA
24836,CAMISETA M/M BASICA MASC LEASH.MBPR,LEASH
24839,CALCA PANTALONA LISA. MC JU. FCPR,MC JU
24840,CAMISETA M/M MASC BACK LEASH.MJPR,LEASH
24841,CAMISETA M/M ABOUT LEASH.MJPR,LEASH
24842,BLUSA M/M CANELADA GOLA ALTA. MC JU. FCPR,MC JU
24843,BLUSA M/M C/ FRANZIDO GOLA ALTA. MC JU. FCPR,MC JU
24849,BLUSA M/ LONGA LISA GOLA ALTA. MC JU. FCPR,MC JU
24852,CARDIGA LISO. MC JU. FCPR,MC JU
24855,CAMISA M/M COM TAZ MASC SIDWAY.MJPR,SIDWAY
24862,BABY LOOK C/AMARRACAO FEM SIDWAY.FJPR,SIDWAY
24863,BLUSA M/M BUFANTE C/ FRANZIDO NO BUSTO PLUS. MC JU. FPPR,MC JU
24864,BABY LOOK FEM PERSONAGEM SIDWAY.FJPR,SIDWAY
24866,BLUSA FEM PERSONAGEM SIDWAY .FJPR,SIDWAY
24869,BABY LOOK SUPER PODEROSA SIDWAY.FJPR,SIDWAY
24879,BABY LOOK C/ PERSONAGEM SIDWAY.FJPR,SIDWAY
24887,CALCA JEANS FEM CLARA ROYACK.FEPR,ROYACK
24892,SHORT JEANS COM CADARCO,ROYACK
24894,SHORT JEANS COM BARRA DOBRADA,ROYACK
24896,SAIA JEANS SEM COSTURA .ROYACK.FJPR,ROYACK
24911,REGATA MASC BACK IN TIME.LEASH.MJPR,LEASH
24920,CAMISETA M/M MOTORCYCLE .LEASH.MJPR,LEASH
24921,CAMISETA M/M COQUEIRO.LEASH.MJPR,LEASH
24922,CAMISETA M/M EPIC.LEASH.MJPR,LEASH
24923,CAMISETA M/M MOTORCLUB.LEASH.MJPR,LEASH
24925,CAMISETA MEIA MANGA .LEASH.MJPR,LEASH
24926,CAMISETA MEIA MANGA PATHS.LEASH.MJPR,LEASH
24927,CAMISETA MASC M/M OPALASS.LEASH.MJPR,LEASH
24928,CAMISETA M/M LISA COM BOLSO.LEASH.MCPR,LEASH
24929,CAMISETA MASC M/M FUTURE.LEASH.MJPR,LEASH
24930,CAMISETA M/M ICONIC .LEASH.MJPR,LEASH
24931,CAMISETA MASC PLUS.LEASH.MJPR,LEASH
24932,CAMISETA MASC PLUS OPALA.LEASH.MPPR,LEASH
24933,CAMISETA MASC PLUS ABOUT .LEASH.MPPR,LEASH
24934,CAMISETA M/M MASC GOLPEL.LEASH.MJPR,LEASH
24935,CAMISETA MASC M/M GOLPEL .LEASH.MJPR,LEASH
24938,CAMISETA MASC M/M ESTONADA JOURNEY .LEASH.MJPR,LEASH
24939,CAMISETA MASC M/M ESTONADA .LEASH.MJPR,LEASH
24940,CAMISETA MEIA MANGA MASC ESTONADA .LEASH.MJPR,LEASH
24941,CAMISETA MEIA MANGA MASC ESTONADA.LEASH.MJPR,LEASH
24942,CAMISETA MEIA MANGA FEM DAYDREAMING .LEASH.FJPR,LEASH
24944,CAMISETA FEM M/M CALIFORNIA .FJPR,LEASH
24945,VESTIDO ALCA FINA C/ LASTEX. ANTONIA. FCPR,ANTONIA
24956,BERMUDA JEANS DESFIADA NA BARRA .MADOAN .FEPR,MADOAN
24976,CALCA JOGGER DE LINHO. JOABE. FJPR,JOABE
24977,VESTIDO CANELADO GOLA ALTA .JOABE.FCPR,JOABE
24984,CALCA MOLETIM.GLOSS.FJPR,GLOSS MODA
24985,VESTIDO ALCA LONGO PLUS .GLOSS.FPPR,GLOSS MODA
24986,CALCA JOGGER VISCOLYCRA GLOSS.FJPR,GLOSS MODA
24988,SAIA MOLETINHO FENDA.GLOSS.FJPR,GLOSS MODA
24989,BLUSA SP BICOLOR .GLOSS.FJPR,GLOSS MODA
24993,VESTIDO GOLA ALTA .GLOSS.FC,GLOSS MODA
24994,VESTIDO MANGA LONGA .GLOSS.FJAR,GLOSS MODA
24995,REGATA LONGA FITNESS.GLOSS.FJPR,GLOSS MODA
24996,REGATA MASC FITNESS.FJPR,GLOSS MODA
24997,REGATA PLUS FEM .GLOSS.FBPR,GLOSS MODA
24998,CROPPED MANGA BUFANTE.GLOSS.FJPR,GLOSS MODA
25003,PIJAMA FEM PLUS .DIONS.FIAR,DIONS
25009,SHORTFEM DESTROY BARRA VIRADA .ROYACK.FEPR,ROYACK
25011,SHORT JEANS DESFIADO NA PERNA .ROYACK.FEPR,ROYACK
25012,SHORT 2 BOLSOS FRONTAL.ROYACK.FEPR,ROYACK
25014,BERMUDA MAS JEANS,ROYACK
25032,CROPPED VAZADO LATERAL.MODA LOKA.FJPR,MODA LOKA
25039,SHORT COM LACO NA FRENTE .MODA LOKA .FJPR,MODA LOKA
25064,BLUSAO MANGA LONGA DUNA .AGTEX .FCPR,AGTEX
25065,BLUSA XADREZ .AGTEX.FJAR,AGTEX
25079,CALCA PANTALONA DUMA.AGTEX.FCPR,AGTEX
25085,CASACO DE LINHO.AGTEX.FJPR,AGTEX
25086,VESTIDO LINHO COLOR .FCPR,AGTEX
25087,BLUSA LINHO ZEBRA .FJSL,AGTEX
25088,CROPPED TULE ZEBRA .FJAR,AGTEX
25089,BLUSA TRICO LISA.FJSL,AGTEX
25096,CALCA PANTALONA ESTAMPADA .AGTEX.FCSL,AGTEX
25104,BLUSA SHOCKER .AGTEX.FJSL,AGTEX
25105,BLUSA SHOCKER .AGTEX.FJSL,AGTEX
25106,MEIA 3/4 CROSSFIT ROSA E PRETO .HOLD UP AAPR,HOLD UP
25107,MEIA 3/4 CROSSFIT CINZA E PRETO .HOLD UP AAPR,HOLD UP
25108,MEIA 3/4 CROSSFIT LARANJA E PRETO HOLD UP,HOLD UP
25109,MEIA 3/4 CROSSFIT CINZA C/ CAVEIRA.HOLD UP AAPR,HOLD UP
25110,MEIA 3/4 CROSSFIT PRETA C CAVEIRA .HOLD UP AAPR,HOLD UP
25111,MEIA 3/4 COLEGIAL PRETA .HOLD UP AAPR,HOLD UP
25112,MEIA 3/4 COLEGIAL BRANCA .HOLD UP AAPR,HOLD UP
25115,BLUSA MEIA MANGA ZEBRA .NILKAMP.FJSL,NILKAMP
25118,CALCOLA COS ALTO POA. LIDERY. FISL,LIDERY
25120,CALCA JEANS ELASTANO.FEPR,IDISE
25123,CALCOLA CINTA PLUS. LIDERY. FIPR,LIDERY
25128,CALCA ELASTANO C/ LISTRAS .FEPR,IDISE
25133,SAIA JEANS CURTA BOLSO.IDISE.FEPR,IDISE
25141,BLUSA FITNESS M/L C/ ABERTURA FRONTAL. LIDERY. FFPR,LIDERY
25145,TOP NADADOR COM ABERTURA FRONTAL. LIDERY. FFPR,LIDERY
25147,CALCA FITNESS BASICA. LIDERY. FFPR,LIDERY
25148,CALCA JEANS PLUS.FPPR,IDISE
25151,CALCA JEANS PLUS DESTROYD .FPPR,IDISE
25152,CALCA FEM JEANS PLUS .IDISE.FPPR,IDISE
25164,XUXINHA SANFONADA. FEIRAO DA MAQUIAGEM. AASF,FEIRÃO DA MAQUIAGEM
25165,XUXINHA VELUDO SCRUNCHIE. FEIRAO DA MAQUIAGEM. AASF,FEIRÃO DA MAQUIAGEM
25166,NECESSAIRE BASICA COROA. FEIRAO DA MAQUIAGEM. AASF,FEIRÃO DA MAQUIAGEM
25167,NECESSAIRE WASH BAG M. FEIRAO DA MAQUIAGEM. AASF,FEIRÃO DA MAQUIAGEM
25168,NECESSAIRE WASH BAG G. FEIRAO DA MAQUIAGEM. AASF,FEIRÃO DA MAQUIAGEM
25169,KIT 3 SCRUNCHIE. FEIRAO DA MAQUIAGEM. AASF,FEIRÃO DA MAQUIAGEM
25182,BIQUINI PLUS AZUL MARINHO .FPPR,AREIA DO MAR
25185,MATERIAIS DE ESCRITORIO E EQUIPAMENTOS. FINA ESTAMPA,FINA ESTAMPA
25190,TRIO DE BLUSH FENZZA. FEIRAO DA MAQUIAGEM. AASF,FEIRÃO DA MAQUIAGEM
25191,TRIO DE CONTORNO/BLUSH/ILUMINADOR. FEIRAO DA MAQUIAGEM. AASF,FEIRÃO DA MAQUIAGEM
25192,PO DE BANANA EFEITO TRANSLUCIDO FENZZA. FEIRAO DA MAQUIAGEM. AASF,FEIRÃO DA MAQUIAGEM
25193,BASE LIQUIDA FENZZA. FEIRAO DA MAQUIAGEM. AASF,FEIRÃO DA MAQUIAGEM
25194,PO COMPACTO ESCURO MIL FOLHAS. FEIRAO DA MAQUIAGEM. AASF,FEIRÃO DA MAQUIAGEM
25195,PO COMPACTO FACE FENZZA. FEIRAO DA MAQUIAGEM. AASF,FEIRÃO DA MAQUIAGEM
25196,BASE DALA VEGANA MATTE. FEIRAO DA MAQUIAGEM. AASF,FEIRÃO DA MAQUIAGEM
25197,CORRETIVO LIQUIDO FENZZA. FEIRAO DA MAQUIAGEM. AASF,FEIRÃO DA MAQUIAGEM
25198,MASCARA DE CILIOS INCOLOR KYRAV. FEIRAO DA MAQUIAGEM. AASF,FEIRÃO DA MAQUIAGEM
25199,MASCARA VOLUME EXTRA FENZZA. FEIRAO DA MAQUIAGEM. AASF,FEIRÃO DA MAQUIAGEM
25200,BATOM ADORABLE PINK 21. FEIRAO DA MAQUIAGEM. AASF,FEIRÃO DA MAQUIAGEM
25201,PO TRANSLUCIDO PHOTO PLAYBOY. FEIRAO DA MAQUIAGEM. AASF,FEIRÃO DA MAQUIAGEM
25202,LAPIS CONTORNO LABIAL CITY. FEIRAO DA MAQUIAGEM. AASF,FEIRÃO DA MAQUIAGEM
25203,BLUSH CAMALEAO VEGANO PLAYBOY. FEIRAO DA MAQUIAGEM. AASF,FEIRÃO DA MAQUIAGEM
25204,PO COMPACTO VEGANO. FEIRAO DA MAQUIAGEM. AASF,FEIRÃO DA MAQUIAGEM
25205,DELINEADOR LIQUIDO NEON PLAYBOY. FEIRAO DA MAQUIAGEM. AASF,FEIRÃO DA MAQUIAGEM
25206,BASE STAY BEAUTIFUL FENZZA. FEIRAO DA MAQUIAGEM. AASF,FEIRÃO DA MAQUIAGEM
25207,DELINEADOR LIQUIDO DAPOP. FEIRAO DA MAQUIAGEM. AASF,FEIRÃO DA MAQUIAGEM
25208,PO ILUMINADOR VEGANO MAX LOVE. FEIRAO DA MAQUIAGEM. AASF,FEIRÃO DA MAQUIAGEM
25209,CANETA DELINEADORA + BLACK. FEIRAO DA MAQUIAGEM. AASF,FEIRÃO DA MAQUIAGEM
25210,MASCARA DE CILIOS PRETA. FEIRAO DA MAQUIAGEM. AASF,FEIRÃO DA MAQUIAGEM
25211,GLOSS TICK LIPS. FEIRAO DA MAQUIAGEM. AASF,FEIRÃO DA MAQUIAGEM
25212,GLOSS LABIAL LIP VOLUMOSO. FEIRAO DA MAQUIAGEM. AASF,FEIRÃO DA MAQUIAGEM
25213,LIP TINT 3 EM 1 MAX LOVE. FEIRAO DA MAQUIAGEM. AASF,FEIRÃO DA MAQUIAGEM
25214,LAPIS DE OLHO RETRATIL KAJAL. FEIRAO DA MAQUIAGEM. AASF,FEIRÃO DA MAQUIAGEM
25215,ILUMINADOR LIQUIDO SHINE BODY GLOW. FEIRAO DA MAQUIAGEM. AASF,FEIRÃO DA MAQUIAGEM
25216,MASCARA COLOSSAL SUPER FEBELLA. FEIRAO DA MAQUIAGEM. AASF,FEIRÃO DA MAQUIAGEM
25217,MASCARA DE CILIOS 2 LOOKS 4D. FEIRAO DA MAQUIAGEM. AASF,FEIRÃO DA MAQUIAGEM
25218,MASCARA DE CILIOS TROPICO DIVERSOS. FEIRAO DA MAQUIAGEM. AASF,FEIRÃO DA MAQUIAGEM
25219,BLUSH CHEEK TO CHEEK. FEIRAO DA MAQUIAGEM. AASF,FEIRÃO DA MAQUIAGEM
25220,BLUSH MAX LOVE MATTE COM ESPELHO. FEIRAO DA MAQUIAGEM. AASF,FEIRÃO DA MAQUIAGEM
25221,BLUSH PROFISSIONAL MAKE UP ART. FEIRAO DA MAQUIAGEM. AASF,FEIRÃO DA MAQUIAGEM
25222,PO FACIAL FINALIZADOR TRANSLUCIDO VEGANO. FEIRAO DA MAQUIAGEM. AASF,FEIRÃO DA MAQUIAGEM
25223,PO FACIAL FINALIZADOR TRANSLUCIDO VEGANO. FEIRAO DA MAQUIAGEM. AASF,FEIRÃO DA MAQUIAGEM
25224,CORRETIVO LIQUIDO FLAWLESS . FEIRAO DA MAQUIAGEM. AASF,FEIRÃO DA MAQUIAGEM
25225,CORRETIVO FLAWLESS COLLECTION. FEIRAO DA MAQUIAGEM. AASF,FEIRÃO DA MAQUIAGEM
25226,BASE NATURAL LOOK RUBY ROSE. FEIRAO DA MAQUIAGEM. AASF,FEIRÃO DA MAQUIAGEM
25227,CORRETIVO LIQUIDO VEGANO. FEIRAO DA MAQUIAGEM. AASF,FEIRÃO DA MAQUIAGEM
25228,LIP BALM HIDRADANTE LUISANCE. FEIRAO DA MAQUIAGEM. AASF,FEIRÃO DA MAQUIAGEM
25229,ESFOLIANTE CARE LIPS SCRUB FUN. FEIRAO DA MAQUIAGEM. AASF,FEIRÃO DA MAQUIAGEM
25230,TAPA OLHO SIMPLES. FEIRAO DA MAQUIAGEM. AASF,FEIRÃO DA MAQUIAGEM
25231,LENCO DE CETIM. FEIRAO DA MAQUIAGEM. AASF,FEIRÃO DA MAQUIAGEM
25232,XUXINHA SCRUNCHIE C/ FAIXA. FEIRAO DA MAQUIAGEM. AASF,FEIRÃO DA MAQUIAGEM
25251,CONJ. BATA C/ CALCA CAPRI .POKOTINHA.IA4PR,POKOTINHA
25253,CROPPED C/ CALCA PANTACURT .POKOTINHA .IA4PR,POKOTINHA
25254,VESTIDO INFANTIL LONGUETE .POKOTINHA .IA4PR,POKOTINHA
25255,MACAQUINHO FEM QUADRICULADO.POKOTINHA .IA4PR,POKOTINHA
25256,CONJ BLUSA C/ SHORT LED.POKOTINHA.IA4PR,POKOTINHA
25257,MACAQUINHO PANTACURT.POKOTINHA .IA4PR,POKOTINHA
25259,VESTIDO ALCINHA .POKOTINHA .IA4PR,POKOTINHA
25260,MACAQUINHO DE ARMARRAR COM BOTOES .POKOTINHA.IA4PR,POKOTINHA
25261,MACACAO PANTACURT DE AMARRAR .POKOTINHA.IA4PR,POKOTINHA
25262,VESTIDO C/ LARANJAS .POKOTINHA .IA4PR,POKOTINHA
25263,VESTIDO AMARELO .POKOTINHA .IA4PR,POKOTINHA
25265,MACAQUINHO C/ PASSAROS .POKOTINHA .IA4PR,POKOTINHA
25267,VESTIDO DE AMARRAR C/ RENDAS .POKOTINHA .IA4PR,POKOTINHA
25268,CONJ BLUSA C/ SHORT .POKOTINHA .IA4PR,POKOTINHA
25269,VESTIDO PRINCESA .POKOTINHA .IA4PR,POKOTINHA
25271,CONJ BATA FLORES C/ SHORT .POKOTINHA .IA4PR,POKOTINHA
25274,VESTIDO BORBOLETA .POKOTINHA.IA4PR,POKOTINHA
25275,CONJ CROPPED E SHORT .POKOTINHA .IA4PR,POKOTINHA
25276,VESTIDO LONGUETE .POKOTINHA .IA4PR,POKOTINHA
25277,CAMISETA FEM TSHIRT GOLA V DUKY.FBMS,DUKY
25278,CAMISETA FEM TSHIRT GOLA REDONDA.DUKY.FBMS,DUKY
25279,CROPPED,BELLA MODA
25282,MEIA CANO LONGO .SCOPINO.MJSL,SCOPINO
25283,MEIA SOQUETE.SCOPINO.MASL,SCOPINO
25284,CUECA BOX LISA.DUDU.MISL,DUDU
25285,CUECA BOX MUNAFIE.DUDU.MISL,DUDU
25286,CUECA BOX NAILISHI.DUDU.MISL,DUDU
25287,CUECA SAMBA CANCAO MIINE.DUDU.MISL,DUDU
25288,CUECA SAMBA CANCAO MIINE.DUDU.MISL,DUDU
25290,BLUSA CANELADA GOLA V COM ELASTICO .CHIC.FJSL,CHIC
25298,BODY DE RENDA .DELA SPIGA .FJPR,DELA SPIGA
25299,CROPPED DE TULE MANGA LONGA .DELA SPIGA .FJPR,DELA SPIGA
25300,CONJUNTO DE RENDA .DELA SPIGA .FIPR,DELA SPIGA
25301,BODY TULE RENDA .DELA SPIGA .FIPR,DELA SPIGA
25306,MAIO INF ESTAMPADO . AREIA DO MAR. IA4PR,AREIA DO MAR
25312,CUECA POLIAMIDA DUDU .MJBC,DUDU
25314,MEIA CALCA FIO 80 PELUCIADA P/M/G .FEIRAO DA MAQUIAGEM.AASL,FEIRÃO DA MAQUIAGEM
25315,PANTUFA INFANTIL BICHINHO.FEIRAO DA MAQUIAGEM.IASL,FEIRÃO DA MAQUIAGEM
25316,MEIA SAPATILHA PRETA/ BRANCA .FEIRAO DA MAQUIAGEM.AASL,FEIRÃO DA MAQUIAGEM
25317,MEIA ARCO-IRIS.FEIRAO DA MAQUIAGEM .,FEIRÃO DA MAQUIAGEM
25318,MEIA TED .FEIRAO DA MAQUIAGEM .AASL,FEIRÃO DA MAQUIAGEM
25319,CAMISOLA .DELA SPIGA.FIPR,DELA SPIGA
25330,BABY LOOK LISA UNIFORME ARRASO,ARRASO
25331,BLUSA FEM ESTAMPA DE BICHO .SAQUINHO.FJSL,SAQUINHO
25344,MEIA FEM ADULTA. DUDU. FJSL,DUDU
25345,CAMISOLA DE ONCINHA .LOUCA PAIXAO .FIPR,LOUCA PAIXÃO
25346,BODY DE RENDA AMILA .LOUCA PAIXAO.FIPR,LOUCA PAIXÃO
25347,BODY .LOUCA PAIXAO .FIPR,LOUCA PAIXÃO
25348,CAMISOLA .LOUCA PAIXAO .FIPR,LOUCA PAIXÃO
25349,LINGERIE L2039.LOUCA PAIXAO .FIPR,LOUCA PAIXÃO
25360,CAMISOLA C/ CALCINHA .DELA SPIGA.FIPR,DELA SPIGA
25361,MEIA CANO ALTO OLD SCHOOL PRETA. HOLD UP. AASF,HOLD UP
25362,MEIA CANO ALTO ESTAMP MINHA ULTIMA MEIA LIMPA. HOLD UP. AASF,HOLD UP
25363,MEIA CANO ALTO EST FRIDA DESENHO. HOLD UP. AASF,HOLD UP
25364,MEIA CANO ALTO ABELINHA. HOLD UP. AASF,HOLD UP
25365,MEIAO 3/4 COLEGIAL PRETA. HOLD UP. AASF,HOLD UP
25366,MEIA CANO ALTO EST PATINHO. HOLD UP. AASF,HOLD UP
25367,MEIA CANO ALTO BRANCO E ROSA C/ GRANULADO. HOLD UP. AASF,HOLD UP
25368,MEIA CANO ALTO OLD SCHOOL BRANCA. HOLD UP. AASF,HOLD UP
25369,MEIA CANO ALTO EST. GATINHO TRIP. HOLD UP. AASF,HOLD UP
25370,MEIA CANO ALTO EST MINIONS AMARELO E ROXO. HOLD UP. AASF,HOLD UP
25371,MEIA CANO ALTO MEDIO XADREZ PB. HOLD UP. AASF,HOLD UP
25372,MEIA CANO ALTO EST ANIMAL PRINT ZEBRA. HOLD UP. AASF,HOLD UP
25373,MEIA CANO ALTO VAQUINHA. HOLD UP. AASF,HOLD UP
25374,MEIA CANO ALTO EST PAC MAN. HOLD UP. AASF,HOLD UP
25375,MEIA CANO ALTO PIZZA. HOLD UP. AASF,HOLD UP
25376,MEIA CANO ALTO EST BEATLES POP ART. HOLD UP. AASF,HOLD UP
25377,MEIA CANO ALTO EST CAMUFLADO VERDE. HOLD UP. AASF,HOLD UP
25378,MEIA CANO ALTO EST PANTONE DE CORES. HOLD UP. AASF,HOLD UP
25379,MEIA CANO ALTO EST PEQUENO DO PRINCIPE. HOLD UP. AASF,HOLD UP
25380,MEIA CANO ALTO EST AKATSUKI. HOLD UP. AASF,HOLD UP
25382,MEIA CANO ALTO EST MARIO POCKET. HOLD UP. AASF,HOLD UP
25383,MEIA 3/4 PE DE GALINHA. HOLD UP. AASF,HOLD UP
25384,MANEQUINS. FINA ESTAMPA. AA,FINA ESTAMPA
25388,BLUSA MULLET M/M LISA. JRA. FBSL,JRA MARCELO
25389,MIX DE CUECAS ADULTO. JEFF. MISL,JEFF
25390,CUECA SLIP AD. JEFF. MISL,JEFF
25391,CUECA SLIP ADULTO C/ ELAS UNDERWEAR MICROFIBRA . MISL,JEFF
25392,CUECA SLIP ADULTO. JEFF. MISL,JEFF
25393,CUECA SLIP ADULTO PLUS C/ ELAS.JEFF. MISL,JEFF
25394,CUECA SLIP BASICA INFANTIL. JEFF. IO4SL,JEFF
25395,CUECA BOX LISA INFANTIL. JEFF. IO4SL,JEFF
25396,CUECA BOX ESTAMP INFANTIL. JEFF. IO4SL,JEFF
25421,CAMISOLA RAYSSA .VINI.FISL,VINI
25422,CALCA DE LINHO.AME-SE.FCSL,AME -SE
25424,CONJ REGATA MASC 4 A 8 ANOS .TRAMMA E COR.I4A10,TRAMMA E COR
25425,CONJ MASC 4A8 M/MANGA.TRAMMA COR.IO4SL,TRAMMA E COR
25430,SUTIA C/ BOJO TOMARA QUE CAIA C/ 3 FITAS. DUDAMEL. FIPR,DUDAMEL
25431,SUTIA TOMARA QUE CAIA COSTAS SILICONE. DUDAMEL. FIPR,DUDAMEL
25433,CONJ. SUTIA NADADOR C/ CALCINHA M MOCA. DUDAMEL. IAPR,DUDAMEL
25435,CONJ. SUTIA C/ BOJO E CALCINHA M MOCA. IAPR,DUDAMEL
25438,CONJ COTTON SUTIA E CALCINHA. DUDA MEL. IAPR,DUDAMEL
25439,BABY DOLL ESTAMP. DUDA MEL. IAPR,DUDAMEL
25440,CALCA JEANS BASICA.ROYACY.FJPR,ROYACK
25441,CALCA JEANS.ROYACK.FJPR,ROYACK
25442,CALCA JEANS .ROYACK .FEPR,ROYACK
25443,SHORT DESTROYD.ROYACK.FEPR,ROYACK
25444,SHORT JEANS CLARO .ROYACK.FEPR,ROYACK
25448,BLUSA M/M BABY LOOK GOLA V. IRODRIGUES. FCSL,IRODRIGUES
25450,PRESILHA LOVE KIT C/ 2. FEIRAO DA MAQUIAGEM. AASF,FEIRÃO DA MAQUIAGEM
25457,CINTO PARA CELULAR. JOABE. AASF,JOABE
25458,REGATA COTTON PLUS. DAISA. FPSL,DAISA
25460,SUTIA ADULTO C/ BOJO LISO. DUDAMEL. FIPR,DUDAMEL
25463,SHORT CREPE LISO C/ BOLSO. BACCI. FJSL,B STAR -BACCI
25466,BLUSA M/M LISA COM DRAPEADO. BACCI. FPSL,B STAR -BACCI
25468,BLUSA M/M LISA GOLA V C/ DRAPEADO. BACCI. IAPR,B STAR -BACCI
25471,CASACO MASC. BATMAN / CORINGA.SIDWAY.MJPR,SIDWAY
25472,CASACO TAZ MASC .SIDWAY.MJPR,SIDWAY
25476,TOP ALCA FINA LISO DE LINHO. MENINA MIMOSA. FJPR,MENINA MIMOSA
25479,MINI SAIA TRABALHADA EM PAITE. MENINA MIMOSA. FJPR,MENINA MIMOSA
25481,VESTIDO ALCA FINA C/ PAETE NO BUSTO. MENINA MIMOSA. FJPR,MENINA MIMOSA
25482,VESTIDO DE CETIM ALCA FINA. MENINA MIMOSA. FJPR,MENINA MIMOSA
25483,BLUSA ALCA FINA DE CETIM FRENTE UNICA. MENINA MIMOSA. FJPR,MENINA MIMOSA
25484,SHORT LISO C/ CINTO E FIVELA. MENINA MIMOSA. FCPR,MENINA MIMOSA
25489,CROPPED M/M LARGA C/ AMARR NAS COSTAS. MENINA MIMOSA. FJPR,MENINA MIMOSA
25490,CALCA PANTALONA LISA C/ BOLSO E BOTOES NO COS. M MIMOSA.FCPR,MENINA MIMOSA
25491,SHORT LISO C/ CINTO E BOTAO. MENINA MIMOSA. FCPR,MENINA MIMOSA
25492,CROPPED MANGA C/ BABADO E AMARR FRONTAL. M MIMOSA. FJPR,MENINA MIMOSA
25493,VESTIDO ALCA FINA C/ BABADO NO BUSTO E ELAS NAS COSTAS. M MIMOSA. FJPR,MENINA MIMOSA
25495,CROPPED CIGANINHA FRANZIDO C/ COLISSE FRONTAL. M MIMOSA. FJPR,MENINA MIMOSA
25496,TOP ALCA FINA LISO C/ AMARR NAS COSTAS. M MIMOSA. FJPR,MENINA MIMOSA
25497,VESTIDO ALCA LARGA C/ ELAS NA CINTURA. M MIMOSA. FCPR,MENINA MIMOSA
25498,MACAQUINHO LISO C/ DETALHE NO DECOTE. M MIMOSA. FJPR,MENINA MIMOSA
25499,COLETE CURTO LISO C/ BOLSO. MENINA MIMOSA. FJPR,MENINA MIMOSA
25500,VESTIDO TUBINHO C/ BRILHO. MENINA MIMOSA. FJPR,MENINA MIMOSA
25501,MACAQUINHO ALCA FINA BRILHOSO. M MIMOSA. FCPR,MENINA MIMOSA
25511,CALCA VISC LISA C/ AMARR NA BARRA. M MIMOSA. FCPR,MENINA MIMOSA
25516,COLETE VISC LISO LONGO. M MIMOSA. FJPR,MENINA MIMOSA
25532,CALCA JEANS INF. 8 A 16,PÉ DE PANO
25534,XUXINHA SCRUNCHIE CETIM VARIADAS. FEIRAO DA MAQUIAGEM. AASF,FEIRÃO DA MAQUIAGEM
25535,CALCA JEANS INF. CAMUFLADA .PE DE PANO.IAR,PÉ DE PANO
25536,CONJUNTO JEANS COLOR .QUARTA GERACAO.FEPR,QUARTA GERAÇÃO
25539,CROPPED JEANS COM ABERTURA .QUARTA GERACAO.FEPR,QUARTA GERAÇÃO
25541,VESTIDO JEANS CLARO LONGO C/ BOTOES.QUARTA GERACAO.FEPR,QUARTA GERAÇÃO
25548,CONJ SHORT / REGATA ANA. GOOD BLASS. FJSL,GOOD BLESS
25554,SHORT COLOR COM BOLSO .FILL FORTE.FEPR,FILL FORTE
25559,MACACAO JEANS LONGO C/ BOTOES.FILL FORTE.FEPR,FILL FORTE
25569,CALCA MOM COM CINTO .DECIZAO .FEPR,DECIZÃO
25579,BERMUDA BASICA IGOR PLUS. GOOD BLESS. MPPR,GOOD BLESS
25580,BERMUDA BASICA AD PLUS MATHEUS. GOOD BLESS. MPPR,GOOD BLESS
25581,SHORT JEANS FEM C/ BOLSO E DESENHOS.DECIZAO.FEPR,DECIZÃO
25585,SHORT JEANS CLOCHARD DESFIADO.DECIZAO.FEPR,DECIZÃO
25587,SHORT JEANS C/CINTO DE CORDINHA .DECIZAO.FEPR,DECIZÃO
25591,SHORT JEANS SEM COSTURA .DECIZAO.FEPR,DECIZÃO
25596,BLUSA M/M ESTAMPADA GOLA REDONDA. AGTEX. FCSL,AGTEX
25598,BLUSA M/M LISA C/ BOTOES. AGTEX. FJPR,AGTEX
25600,BLUSA VISC GOLA V MANGA 3/4. AGTEX. FJPR,AGTEX
25606,VESTIDO JEANS C/ BOTOES .DECIZAO.FEPR,DECIZÃO
25608,MACAQUINHO MUSCLE TEE C/ AMARRACAO. AGTEX. FJPR,AGTEX
25610,CALCA PANTALONA DUNA C/ AMARR E ELAST NA BARRA. AGTEX. FCPR,AGTEX
25611,CALCA PANTALONA LISA C/ ELASTEX. AGTEX. FCSL,AGTEX
25612,MACACAO MANGA 3/4 C/ CINTO DE AMARRAR. AGTEX. FCPR,AGTEX
25627,BABY LOOK CANELADA .IRODRIGUES.FJSL,IRODRIGUES
25628,CONJ CALCINHA/ SUTIA CANELADO C/ BOJO ROSANE. VINI. FIPR,VINI
25629,CARTEIRA MASCULINA VARIADAS. FEIRAO DA MAQUIAGEM. AASF,FEIRÃO DA MAQUIAGEM
25630,KIT RELOGIO C/ PULSEIRA MASC. FEIRAO DA MAQUIAGEM. ASSF,FEIRÃO DA MAQUIAGEM
25631,NECESSAIRE MASCULINA PB TIPO COURO. FEIRAO DA MAQUIAGEM. AASF,FEIRÃO DA MAQUIAGEM
25632,NECESSAIRE MASC SC VARIADAS. FEIRAO DA MAQUIAGEM. AASF,FEIRÃO DA MAQUIAGEM
25638,VESTIDO LONGO ALCA FINA ESTAMP. LOVE GIRLS. FCPR,LOVE GIRLS
25639,CALCA CAPRI .ART LIMA.FJAR,ART LIMA
25641,MACACAO JOGGUER ALCA FINA C/ AMARRACAO. LOVE GIRL. FCPR,LOVE GIRLS
25643,VESTIDO LONGO M/M VISCOSE. LOVE GIRL. FCPR,LOVE GIRLS
25644,REGATA MASC RAJADA .ALEGAM.MJSL,ALEGAM
25645,CAMISETA M/M RAJADA MASC .ALEGAM.MJSL,ALEGAM
25646,CROPPED CANELADO FORRO LISO. ALEGAM.FJAR,ALEGAM
25648,REGATA FEM FITNESS .ALEGAM.FFSL,ALEGAM
25649,"CODIGO PROMOCIONAL 3,99",FINA ESTAMPA
25660,BLUSA CROPPED M/M C/ TORCIDO FRONTAL. FJPR,DONNA
25661,SAIA MID ESTAMPADA. DONNA. FCPR,DONNA
25679,CALCA PANTACOURT C/ BOLSO E ELAST. MC JU. FCPR,MC JU
25689,BLUSA ESTAMP MANGA COM BABADO. MC JU. FCPR,MC JU
25691,SHORT LISO C/ AMARR E ELAST NA BARRA. MC JU. FCPR,MC JU
25693,VESTIDO M/M TRES MARIAS PLUS. MC JU. FPPR,MC JU
25694,BLUSAO M/M BICOLOR PLUS. MC JU. FPPR,MC JU
25713,VESTIDO LISO M/M C/ BABADO. MC JU. FCPR,MC JU
25714,BLUSA M 3/4 C/ LISTRA NA MANGA. MC JU. FCPR,MC JU
25722,CALCA LEVANTA BUMBUM.DELLA SPIGA.FFPR,DELA SPIGA
25723,SHORT.DELLA SPIGA.FFPR,DELA SPIGA
25724,TOP .DELLA SPIGA .FFPR,DELA SPIGA
25725,BABY DOLL C/ RENDA .DELLA SPIGA .FIPR,DELA SPIGA
25726,CAMISOLA RENDADA .DELA SPIGA .FIPR,DELA SPIGA
25727,CAMISOLA TULE C/ RENDA .DELLA SPIGA .FIPR,DELA SPIGA
25728,BABY DOOL COM TULE E RENDA .DELLA SPIGA .FIPR,DELA SPIGA
25729,CONJUNTO DE RENDA.DELLA SPIGA.FIPR,DELA SPIGA
25730,CONJUNTO DE RENDA .DELLA SPIGA .FIPR,DELA SPIGA
25731,CONJ. CALCINHA E SUTIA DE RENDA .DELA SPIGA.FIPR,DELA SPIGA
25732,CAMISOLA C/ RENDA E FENDA NA LATERAL,DELA SPIGA
25733,CAMISOLA C/ RENDA NO BUSTO.DELLA SPIGA.FIPR,DELA SPIGA
25734,CAMISOLA DE RENDA.LINDA BELLA .FIPR,LINDA BELLA
25746,SHORT TACTEL ELASTANO MASC ESTAMPADO.FORCA DO MAR.MJSL,FORCA DO MAR
25747,CALCA FIT C/ FAIXA BICOLOR. LIDERY. FFPR,LIDERY
25748,SHORT FIT C/ FAIXA BICOLOR. LIDERY. FFPR,LIDERY
25749,TOP NADADOR C/ FAIXA BICOLOR. LIDERY. FFPR,LIDERY
25750,CALCA FIT C/ DETALHE NO COS. LIDERY. FFPR,LIDERY
25751,SHORT FIT C/ DETALHE NO COS. LIDERY. FFPR,LIDERY
25752,TOP FIT CRUZADO NO BUSTO. LIDERY. FFPR,LIDERY
25753,TOP NADADOR C/ FILETE NO BUSTO PLUS. LIDERY. FFPR,LIDERY
25754,CALCA FIT C/ FAIXA NO COS E FILETES PLUS. LIDERY. FFPR,LIDERY
25755,SHORT FIT C/ FAIXA NO COS E FILETES PLUS. LIDERY. FFPR,LIDERY
25759,BLUSA DE ALCA C/ BOLINHAS .AGTEX.FJPR,AGTEX
25768,MACAQUINHO LISO MUSCLE TEE.AGTEX.FJPR,AGTEX
25779,SHORT CREPE FEM C/ FIVELA. AGTEX. FJPR,AGTEX
25803,VESTIDO M/M C/ CINTO CORDA. GERACAO BRASIL. FCSL,GERAÇÃO BRASIL
25809,CONJ INTIMO COM RENDA S/ BOJO. FIPR,FLALU
25810,VESTIDO REGATA CANELADO PLUS . GERACAO BRASIL. FPSL,GERAÇÃO BRASIL
25811,VESTIDO M/M C CINTO CORDA PLUS. GERACAO BRASIL. FPSL,GERAÇÃO BRASIL
25812,CONJ INTIMO C/ RENDA E BOJO. FLALU. FIPR,FLALU
25813,CONJ INTIMO C/ RENDA E BOJO. FLALU. FIPR,FLALU
25814,CONJ INTIMO C/ BOJO E BORDADO. FLALU. FIPR,FLALU
25.815,CONJ INTIMO RENDADO S/ BOJO. FLALU. FIPR,FLALU
25816,CONJ INTIMO COM RENDA E BOJO. FLALU. FIPR,FLALU
25817,CONJ INTIMO RENDADO C/ BOJO. FLALU. FIPR,FLALU
25818,CONJ INTIMO COM BOJO E RENDA. FLALU. FIPR,FLALU
25819,CAMISOLA ALCA FINA C/ RENDA S/ BOJO. FLALU. FIPR,FLALU
25820,CAMISOLA RENDADA C/ BORDADO S/ BOJO. FLALU. FIPR,FLALU
25821,CONJ RENDADO C/ BOJO. FLALU. FIPR,FLALU
25822,CONJ INTIMO RENDADO C/ BOJO. FLALU. FIPR,FLALU
25823,CONJ INT RENDADO C/ BOJO FRANZIDO. FLALU. FIPR,FLALU
"2,58E+04",CONJ INT COM RENDA E BOJO. FLALU. FIPR,FLALU
25825,CONJ INT C/ BOJO E RENDA. FLALU. FIPR,FLALU
25826,CONJ INT C/ BOJO E RENDA. FLALU. FIPR,FLALU
25828,BABY DOLL ADULTO.LULU.FISL,LULU
25829,BLUSA M/M CANELADA CHULEADA.ALEGAM.FBSL,ALEGAM
25830,CAMISETA MASC. DADO C/ NUMEROS .DUKY.MJPR,DUKY
25831,CAMISETA MASC. CHAVES X WOLVERINE.DUKY.MJPR,DUKY
25832,CAMISETA MASC. FULL PRINT .DUKY.MJPR,DUKY
25834,CAMISETA MASC .SPACE .DUKY.MJPR,DUKY
25835,CAMISETA MASC. HUMAN.DUKY.MJPR,DUKY
"2,58E+04",CAMISET MASC INF. FULL PRINT.DUKY.MIPR,DUKY
25879,BOLSA REDONDA.FEIRAO DA MAQUIAGEM.AAPR,FEIRÃO DA MAQUIAGEM
"2,59E+04",BOLSA MALETA .FEIRAO DA MAQUIGEM.AAPR,FEIRÃO DA MAQUIAGEM
25881,BOLSA COM LENCO.FEIRAO DA MAQUIAGEM.AAPR,FEIRÃO DA MAQUIAGEM
25882,BOLSA FASHION 2 BOLSOS.FEIRAO DA MAQUIAGEM.AAPR,FEIRÃO DA MAQUIAGEM
25883,BOLSA GREEN.FEIRAO DA MAQUIAGEM .AAPR,FEIRÃO DA MAQUIAGEM
25884,BOLSA TIRA COLO .FEIRAO DA MAQUIAGEM.AAPR,FEIRÃO DA MAQUIAGEM
25885,BOLSA DETALHES C/ FOLHAS.FEIRAO DA MAQUIAGEM.AAPR,FEIRÃO DA MAQUIAGEM
25886,BLUSA REGATA NADADOR DRY POLIAMIDA.LINDA BELLA .FFAR,LINDA BELLA
25897,BRINCOS VARIADOS + BELA FOLHEADOS. AASF,MAIS BELA FOLHEADOS
25898,PULSEIRAS VARIADAS + BELA FOLHEADOS. AASF,MAIS BELA FOLHEADOS
25899,SHOKER SIMPLES + BELA FOLHEADOS. AASF,MAIS BELA FOLHEADOS
25900,SHOKER C/ 2 VIAS + BELA FOLHEADOS. AASF,MAIS BELA FOLHEADOS
25901,TORNOZELEIRAS VARIADAS + BELA FOLHEADOS. AASF,MAIS BELA FOLHEADOS
25903,BLUSA COM ELASTICO .JOABE .FJPR,JOABE
25904,BLUSA ALCA FINA POA .JOABE.FJAR,JOABE
25905,BLUSA M/M CANELADA.JOABE .FJAR,JOABE
25907,BLUSA COM BOTOES PLUS.JOABE.FCPR,JOABE
25908,CAMISOLA C/ RENDA E ABERTURA TOP SONHO. FIPR,TOP SONHO
25909,CAMISOLA DE TULE C/ RENDA FLORAL E CANGA. TOP SONHO. FIPR,TOP SONHO
25910,CAMISOLA DE TULE C/ RENDA NO BUSTO.TOP SONHO. FIPR,TOP SONHO
25911,CAMISOLA DE TULE C/ RENDA. TOP SONHO. FIPR,TOP SONHO
25912,HOBBY DE TULE RENDADO C/ AMARRACAO. TOP SONHO. FIPR,TOP SONHO
25913,CAMISOLA LONGA DE TULE. TOP SONHO. FIPR,TOP SONHO
25914,CAMISA FEM M/M DIZERES EVANGELICOS. FCSL,VOLARE
25915,COMPUTADORES. FINA ESTAMPA,FINA ESTAMPA
25916,CALCA JEANS CIGARRETE LYCRA. IDISE. FEMS,IDISE
25917,CALCA JEANS CIGARRETE ELAST ESCURO. IDISE. FEMS,IDISE
25918,CALCA JEANS CIGARRETE. IDISE. FEMS,IDISE
25928,CALCINHA TANGA MICROFIBRA C/ RENDA. STYLLETO. FISL,STYLLETO
25930,CUECA STYLETTO BOX LISA. STYLLETO. MISL,STYLLETO
25942,CARTEIRA FEM C/ ZIPER. FEIRAO DA MAQUIAGEM. AASF,FEIRÃO DA MAQUIAGEM
25963,CAMISETA M/M MAS NY CITY.MJAR,SINGLE STAR
25965,CAMISETA M/M MASC VIOLAO.SINGLE STAR .MJAR,SINGLE STAR
25967,CAMISETA M/M MASC .SINGLE STAR .MJAR,SINGLE STAR
25968,CAMISETA M/M MASC .SINGLE STAR .MJAR,SINGLE STAR
26026,CAMISETA M/M C/ SILK. LEASH. MJPR,LEASH
26027,BLUSA GOLA V S/BOLSO LISA REACAO BRASIL .FCAR,REAÇÃO BRASIL
26033,BLUSA BICOLOR PLUS REACAO BRASIL.FPAR,REAÇÃO BRASIL
26034,BLUSA GOLA V C/PALA REACAO BRASIL.FCAR,REAÇÃO BRASIL
26035,CAMISOLA ALCA FINA SCOOBY. RG. FISL,RG
26037,KIT MINI ESPONJA C/ 3. FEIRAO DA MAQUIAGEM. AASF,FEIRÃO DA MAQUIAGEM
26038,REGATA C/ FORRO LISA CECIL REACAO BRASIL.FJAR,REAÇÃO BRASIL
26047,BLUSA M/M HAPPINESS LIEVI.FFPR,LIEVI
26048,BLUSA M/M LISA LIEVI.FFPR,LIEVI
26054,GARRAFA DE AGUA QUADRADA PT 450ML. FEIRAO DA MAQUIAGEM. AASF,FEIRÃO DA MAQUIAGEM
26055,GARRAFA SQUEEZE 400ML PLAST C/ CANUDO. FEIRAO DA MAQUIAGEM. AASF,FEIRÃO DA MAQUIAGEM
26056,AGENDA PERMA CAPA DURA FRASES. FEIRAO DA MAQUIAGEM. AASF,FEIRÃO DA MAQUIAGEM
26057,AGENDA PERMA CAPA DURA DOCES. FEIRAO DA MAQUIAGEM.ASSF,FEIRÃO DA MAQUIAGEM
26058,AGENDA PERM BASIC . FEIRAO DA MAQUIAGEM. AASF,FEIRÃO DA MAQUIAGEM
26059,BLOCO DE LISTA DE COMPRAS C/ IMA. FEIRAO DA MAQUIAGEM. AASF,FEIRÃO DA MAQUIAGEM
26060,BLOCO PLANNER SEMANAL. FEIRAO DA MAQUIAGEM. AASF,FEIRÃO DA MAQUIAGEM
26061,CADERNO DE NOTAS CAPA BRILHOSA 80FS. FEIRAO DA MAQUIAGEM. AASF,FEIRÃO DA MAQUIAGEM
26062,BOLSA REDONDA TRANSVERSSAL. FEIRAO DA MAQUIAGEM. AASF,FEIRÃO DA MAQUIAGEM
26063,BOLSA METALASSE CORACAO C/ CORRENTE. FEIRAO DA MAQUIAGEM. AASF,FEIRÃO DA MAQUIAGEM
26064,BOLSA QUADRADA LENCO LUXO. FEIRAO DA MAQUIAGEM. AASF,FEIRÃO DA MAQUIAGEM
26065,BOLSA PORTA CELULAR TRANSVERSSAL. FEIRAO DA MAQUIAGEM. AASF,FEIRÃO DA MAQUIAGEM
26066,BOLSA METALASSE C/ ALCA. FEIRAO DA MAQUIAGEM. AASF,FEIRÃO DA MAQUIAGEM
26067,BOLSA MEDIA QUADRADA METALASSE. FEIRAO DA MAQUIAGEM. AASF,FEIRÃO DA MAQUIAGEM
26068,BOLSA MEDIA TIRACOLO DUAS ALCAS. FEIRAO DA MAQUIAGEM. AASF,FEIRÃO DA MAQUIAGEM
26069,CORDAO MASCULINO. + BELLA FOLHEADOS. AASF,MAIS BELA FOLHEADOS
26079,CALCA JEANS MASC C/ DETALHES MANCHADO.JEZZIAN .MJMS,JEZZIAN
26081,CALCA CIGARRETE BOLSO FALSO JEZZIAN .FJMS,JEZZIAN
26082,CALCA JEANS CIGARRETE C/ZIPER JEZZIAN.FJMS,JEZZIAN
26083,CALCA JEANS CIGARRETE C/ZIPER JEZZIANS.FJMS,JEZZIAN
26084,CALCA JEANS COLOR JEZZIAN.FJMS,JEZZIAN
26085,CALCA CIGARRETE JEANS C/ZIPER JEZZIAN .FJMS,JEZZIAN
26086,CALCA CIGARRETE C/ZIPER JEZZIAN .FJMS,JEZZIAN
26087,CALCA CIGARRETE COLOR JEZZIAN.FJMS,JEZZIAN
26088,CALCA MASC JEANS BASICA JEZZIAN .MJMS,JEZZIAN
26104,PET MORDEDOR HALTERES CRAVO. FEIRAO DA MAQUIAGEM.AASF,FEIRÃO DA MAQUIAGEM
26105,PET MORDEDOR GALINHA. FEIRAO DA MAQUIAGEM. AASF,FEIRÃO DA MAQUIAGEM
26106,PET MORDEDOR HAMBURGUER. FEIRAO DA MAQUIAGEM. AASF,FEIRÃO DA MAQUIAGEM
26107,PET MORDEDOR BOLA CRAVO 6CM. FEIRAO DA MAQUIAGEM. AASF,FEIRÃO DA MAQUIAGEM
26108,PET MORDEDOR BISCOITO 16CM. FEIRAO DA MAQUIAGEM. AASF,FEIRÃO DA MAQUIAGEM
26109,PET MORDEDOR CONTROLE REMOTO. FEIRAO DA MAQUIAGEM. AASF,FEIRÃO DA MAQUIAGEM
26110,ALICATE PARA UNHAS PET 15CM. FEIRAO DA MAQUIAGEM. AASF,FEIRÃO DA MAQUIAGEM
26111,LUVA PARA BANHO PET 25CM. FEIRAO DA MAQUIAGEM. AASF,FEIRÃO DA MAQUIAGEM
26112,"RASQUEADERA CERDAS ALTAS 15,5CM. FEIRAO DA MAQUIAGEM. AASF",FEIRÃO DA MAQUIAGEM
26113,TESOURA PARA UNHA PET 9CM. FEIRAO DA MAQUIAGEM. AASF,FEIRÃO DA MAQUIAGEM
26114,PA HIGIENICA PARA ANIMAIS. FEIRAO DA MAQUIAGEM. AASF,FEIRÃO DA MAQUIAGEM
26115,PEITORAL DE SEGURANCA. FEIRAO DA MAQUIAGEM. AASF,FEIRÃO DA MAQUIAGEM
26116,GUIA RETRATIL PET 3M. FEIRAO DA MAQUIAGEM. AASF,FEIRÃO DA MAQUIAGEM
26117,CORRENTES VARIADAS. FEIRAO DA MAQUIAGEM. AASF,FEIRÃO DA MAQUIAGEM
26118,COLAR FEM MICANGA BOLAS. FEIRAO DA MAQUIAGEM. AASF,FEIRÃO DA MAQUIAGEM
26119,MAX BRINCOS. FEIRAO DA MAQUIAGEM. AASF,FEIRÃO DA MAQUIAGEM
26120,COLAR FEMININO TRIO BIJOUX. FEIRAO DA MAQUIAGEM. AASF,FEIRÃO DA MAQUIAGEM
26121,COLAR CHOKER VARIADAS BIJOUX. FEIRAO DA MAQUIAGEM. AASF,FEIRÃO DA MAQUIAGEM
26122,BRINCOS VARIADOS. FEIRAO DA MAQUIAGEM. AASF,FEIRÃO DA MAQUIAGEM
26124,BOLSA QUADRADA C/ 2 ZIPER. DUDU. AASF,DUDU
26125,BOLSA TRIANGULAR C/ PORTA NIQUEL. DUDU. AASF,DUDU
26126,BOLSA ESTILO MOCHILA. DUDU. AASF,DUDU
26127,BOLSA METALASSE COLOR. DUDU. AASF,DUDU
26128,BOLSA METALASSE. DUDU. AASF,DUDU
26129,BOLSA FORM CORACAO C/ CORRENTE. DUDU. AASF,DUDU
26130,BOLSA FORM MACA C/ 2 ZIPER. DUDU. AASF,DUDU
26131,BOLSA QUADRADA C/ ALCA COMUM E CORRENTE. DUDU. AASF,DUDU
26132,CINTOS COLORIDOS VARIADOS. DUDU. AASF,DUDU
26133,CINTOS VARIADOS. DUDU. AASF,DUDU
26134,CINTOS VARIADOS. DUDU. AASF,DUDU
26135,OCULOS DE SOL VARIADOS. DUDU. AASF,DUDU
26136,BLUSH FACE FENZZA.FEIRAO DA MAQUIAGEM.AA,FEIRÃO DA MAQUIAGEM
26137,CHAPEU BASICO. DUDU. AASF,DUDU
26138,ILUMINADOR SOLTO FEELS RUBY ROSE.FEIRAO DA MAQUIAGEM.AA,FEIRÃO DA MAQUIAGEM
26139,CHAPEU PALHA C/ ESTAMPA. DUDU. AASF,DUDU
26141,BATOM LIQUIDO MATTE INK GIRL DALLA.FEIRAO DA MAQUIAGEM.AA,FEIRÃO DA MAQUIAGEM
26142,BONE FEM VERAO. SCHUMACHER. AASF,SCHUMACHER
26143,CHAPEU ESTILO BUCKET. DUDU. AASF,DUDU
26144,LIP GLOSS MY LITTLE PRINCESS.FEIRAO DA MAQUIAGEM.AA,FEIRÃO DA MAQUIAGEM
26145,MASCARA DE CILIOS 4D BELLA FEMME .FEIRAO DA MAQUIAGEM.AA,FEIRÃO DA MAQUIAGEM
26146,LAPIS DE CONTORNO LABIAL DRAW MOUTH .FEIRAO DA MAQUIAGEM.AA,FEIRÃO DA MAQUIAGEM
26147,VISEIRAS VARIADAS COLORIDAS. FEIRAO DA MAQUIAGEM. AASF,FEIRÃO DA MAQUIAGEM
26148,MASCARA DE CILIOS INCOLOR LUISANGE.FEIRAO DA MAQUIAGEM.AA,FEIRÃO DA MAQUIAGEM
26149,BASE LIQUIDA MATTE MINHA COR,FEIRÃO DA MAQUIAGEM
26150,ILUMINADOR LIQUIDO HOLOGRAFICO.FEIRAO DA MAQUIAGEM.AA,FEIRÃO DA MAQUIAGEM
26151,LAPIS DE OLHOS PRETO C/ APONTADOR.FEIRAO DA MAQUIAGEM.AASF,FEIRÃO DA MAQUIAGEM
26152,BATOM BALA MISS LARY.FEIRAO DA MAQUIAGEM.AASF,FEIRÃO DA MAQUIAGEM
26153,BLUSH NEWVIBE VIBE RUBY RISE.FEIRAO DA MAQUIAGEM.AASF,FEIRÃO DA MAQUIAGEM
26154,BASE FACIAL COVE DROPS FENZZA .FEIRAO D MAQUIAGEM.AASF,FEIRÃO DA MAQUIAGEM
26155,DELINEADOR NEON BELLA FEMME.FEIRAO DA MAQUIAGEM.AASF,FEIRÃO DA MAQUIAGEM
26156,TRIO MARMORIZE (CONTORNO+BLUSH+ILUMINADOR).FEIRAO DA MAQUIAGEM.AASF,FEIRÃO DA MAQUIAGEM
26157,LAPIS DE OLHOS PRETO C/APONTADOR BELLA FEMME.FEIRAO DA MAQUIAGEM.AASC,FEIRÃO DA MAQUIAGEM
26158,BLUSH COMPACTO YES PARADISE SAFIRA.FEIRAO DA MAQUIAGEM.AASF,FEIRÃO DA MAQUIAGEM
26159,PO BANANA FENZZA.FEIRAO DA MAQUIAGEM.AASF,FEIRÃO DA MAQUIAGEM
26160,BASE MATTE HD MAX LOVE.FEIRAO DA MAQUIAGEM.AASF,FEIRÃO DA MAQUIAGEM
26161,BATOM CREMOSO NEW CHARM TANGO.FEIRAO DA MAQUIAGEM.AASF,FEIRÃO DA MAQUIAGEM
26162,PRIMER ANTICRAQUELAMENTO MAX LOVE.FEIRAO DA MAQUIAGEM.,FEIRÃO DA MAQUIAGEM
26163,MASCARA DE CILIOS STYLER SUPER.FEIRAO DA MAQUIAGEM.AASF,FEIRÃO DA MAQUIAGEM
26164,CONJUNTO INTIMO WELINDA.TOQUE SECRETO.FIPR,TOQUE SECRETO
26165,CONJUNTO INTIMO DENISE PLUS.TOQUE SECRETO.FIPR,TOQUE SECRETO
26166,CONJUNTO INTIMO IRENE.TOQUE SECRETO.FIPR,TOQUE SECRETO
26167,CONJUNTO INTIMO PLUS VITORIA .TOQUE SECRETO.FIPR,TOQUE SECRETO
26168,CONJUNTO INTIMO SUZY.TOQUE SECRETO.FIPR,TOQUE SECRETO
26169,CONJUNTO INTIMO DRIKA FIO DENTAL.TOQUE SECRETO.FIPR,TOQUE SECRETO
26170,CONJUNTO INTIMO DENISE .TOQUE SECRETO.FIPR,TOQUE SECRETO
26171,CONJUNTO INTIMO JACK.TOQUE SECRETO.FIPR,TOQUE SECRETO
26172,CONJUNTO INTIMO OLGA.TOQUE SECRETO.FIPR,TOQUE SECRETO
26173,CONJUNTO INTIMO RAYSSA.TOQUE SECRETO.FIPR,TOQUE SECRETO
26174,CAMISOLA NOEMI.TOQUE SECRETO.FIPR,TOQUE SECRETO
26184,NECESSAIRE DE VELUDO. DUDU. AASF,DUDU
26185,NECESSAIRE SOL E PRAIA. DUDU. AASF,DUDU
26205,MINI NECESSAIRE PORTA MOEDA. FEIRAO DA MAQUIAGEM. AASF,FEIRÃO DA MAQUIAGEM
26208,MEIA CANO ALTO BANDEIRA BRASILEIRA. HOLD UP. AASF,HOLD UP
26209,MEIA CANO ALTO ESTAM PANTERA COR DE ROSA. HOLD UP. AASF,HOLD UP
26210,KIT HIGIENE C/ 8 PCS. FEIRAO DA MAQUIAGEM. AASF,FEIRÃO DA MAQUIAGEM
26211,KIT HIGIENE COMPLETO C/ 8 PCS. FEIRAO DA MAQUIAGEM. AASF,FEIRÃO DA MAQUIAGEM
26212,MASCARA DE CILIOS PRETA MAX LOVE. FEIRAO DA MAQUIAGEM. AASF,FEIRÃO DA MAQUIAGEM
26213,LAPIS DE OLHO PRETO COM APONTADOR. FEIRAO DA MAQUIAGEM. AASF,FEIRÃO DA MAQUIAGEM
26214,CORRETIVO LIQUIDO PLAYBOY. FEIRAO DA MAQUIAGEM. AASF,FEIRÃO DA MAQUIAGEM
26215,CANETA DELINEADORA PLAYBOY C/48. FEIRAO DA MAQUIAGEM. AASF,FEIRÃO DA MAQUIAGEM
26216,PRIMER HD MAX LOVE. FEIRAO DA MAQUIAGEM. AASF,FEIRÃO DA MAQUIAGEM
26217,MASCARA DE CILIOS COLOSSAL YALANNI. FEIRAO DA MAQUIAGEM. AASF,FEIRÃO DA MAQUIAGEM
26218,ILUMINADOR E BLUSH CITY GIRL. FEIRAO DA MAQUIAGEM. AASF,FEIRÃO DA MAQUIAGEM
26219,BATOM MATTE CHANDELLE. FEIRAO DA MAQUIAGEM. AASF,FEIRÃO DA MAQUIAGEM
26220,CINTO FIVELA FERRO. FEIRAO DA MAQUIAGEM. AASF,FEIRÃO DA MAQUIAGEM
26221,CINTO FIVELA QUADRADA. FEIRAO DA MAQUIAGEM. AASF,FEIRÃO DA MAQUIAGEM
26222,CINTO FIVELA REDONDA. FEIRAO DA MAQUIAGEM. AASF,FEIRÃO DA MAQUIAGEM
26235,MEIA CANO ALTO ESTAMPADA TEXTURA PERUANA. HOLD UP. AASF,HOLD UP
26239,LITTLER BEAUTY MAKEUP. DUDU. ASSF,DUDU
26240,BARBIE SEREIA FISH GIRL. DUDU. ASSF,DUDU
26241,MAQUIAGEM EM FORMAS LITTLE BEUATY. DUDU. ASSF,DUDU
26242,PRETTY GIRLS DIVERSOS. DUDU. ASSF,DUDU
26243,FISHING GAME. DUDU. ASSF,DUDU
26244,KIT MAQUIAGEM FORMAS. DUDU. ASSF,DUDU
26245,MINI CARROS. DUDU. ASSF,DUDU
26246,KIT RELOGIO FEM E MASC. DUDU. ASSF,DUDU
26247,CARRINHO DIE CAST. DUDU. ASSF,DUDU
26248,CUBO MAGICO. DUDU. ASSF,DUDU
26249,BRINQUEDOS MUSICAIS. DUDU. ASSF,DUDU
26250,KIT DOCTOR MEDICAL. DUDU. ASSF,DUDU
26251,CITY PIONNER CARROS E AVIOES. DUDU. ASSF,DUDU
26252,KIT ARCO E FLECHA. DUDU. ASSF,DUDU
26253,PISTOLA DE DARDOS C/ MINI BRINQUEDOS. DUDU. ASSF,DUDU
26254,LEGUMES E FRUTOS DO MAR. DUDU. ASSF,DUDU
26255,SHOOT MILITARY C/ DARDOS. DUDU. ASSF,DUDU
26304,SHORT FEM COM TELA.LIDERY.FFPR,LIDERY
26305,TOP FEM M/M CO TELA.LIDERY.FFPR,LIDERY
26309,SHORT FEM FITNESS C/ BOLSO.LIDERY.FFPR,LIDERY
26311,SHORT FEM FITNESS C/ FAIXA.LIDERY.FFPR,LIDERY
26314,TOP FEM FITNESS.LIDERY.FFPR,LIDERY
26317,TOP FEM FITNESS.LEDERY.FFPR,LIDERY
26319,TOP FEM FITNES ASSIMETRICO.LIDERY.FFPR,LIDERY
26355,SACO PARA PRESENTES VARIADOS. DUDU. AASF,DUDU
26357,LACOS PARA SACO DE PRESENTES. DUDU. AASF,DUDU
26359,BLUSA M/M FEM FITNES LOVE.SNAGOS.FFPR,SANGOS
26371,SUTIA DE AMAMENTACAO.DUDAMEL.FISL,DUDAMEL
26372,CONJUNTO INTIMO CORPO SARADO.DUDAMEL.FIPR,DUDAMEL
26373,SHORT INTIMO SEM RENDA.DUDAMEL.FIPR,DUDAMEL
26374,SHORT INTIMO COM RENDA.DUDAMEL.FIPR,DUDAMEL
26378,SUTIA LISO CITINETI.AMTEXTIL.FIPR,AM TEXTIL
26379,SUTIA PLUS.AMTEXTIL.FIPR,AM TEXTIL
26380,SUTIA COM RENDA.AM TEXTIL.FIPR,AM TEXTIL
26384,SUTIA COM RENDA.MARIAMARIA.FIPR,MARIA MARIA
26385,SUTIA,MARIA MARIA
26386,SUTIA 3 LISTRAS.MARIA MARIA.FIPR,MARIA MARIA
26387,SUTIA C/ RENDA .MARI MARIA.FIPR,MARIA MARIA
26388,SUTIA COM RENDA PLUS.MARIA MARIA.FIMARIAPR,MARIA MARIA
26389,SITIA COM BOJO LISO PLUS.MARIA MARIA.FIPR,MARIA MARIA
26390,CONJUNTO INTIMO ESTAMPADO.MARIA MARIA.FIPR,MARIA MARIA
26391,CONJUNTO INTIMO C/ LISTRAS.MARIA MARIA.FPR,MARIA MARIA
26392,CONJUNTO INTIMO LISO.MARIA MARIA.FIPR,MARIA MARIA
26393,CONJUNTO INTIMO C/ RENDA.MARIA MARIA.FIPR,MARIA MARIA
26394,CONJUNTO INTIMO RENDADO.MARIA MARIA.FIPR,MARIA MARIA
26395,SHORT TACTEL FEM LISO. ALTERACAO. FJSL,ALTERAÇÃO
26396,CINJUNTO INTIMO C/ RENDINHA.MARIA MARIA.FIPR,MARIA MARIA
26397,CONJUNTO INTIMO POA.MARIA MARIA.FIPR,MARIA MARIA
26409,TOP METALIZADO COLISSE NILKAMP.FFPR,NILKAMP
26410,SHORT METALIZADO NILKAMP.FFPR,NILKAMP
26411,SHORT METALIZADO COLISSE NILKAMP.FFPR,NILKAMP
26412,CALCA METALIZADA NILKAMP .FFPR,NILKAMP
26413,SHORT BEL SUPLEX ESTAMPADO.NILKAMP. FFBC,NILKAMP
26414,CROPPED LUIZA CANELADO NILKAMP .FJAR,NILKAMP
26415,CROPPED CANELADO HELENA.NILKAMP.FJAR,NILKAMP
26485,CALCA CAPRI PLUSS.GLOSS MODA.FFAR,GLOSS MODA
26493,CALCA CAPRI.ARRASO.FJSL,ARRASO
26498,CONJUNTO PLUS LAURA COM RENDA VINI.FIPR,VINI
26499,CONJUNTO C/RENDA MAISA VINI.FIPAR,VINI
26500,CONJUNTO COM RENDA ALANA PLUS VINI.FIPR,VINI
26514,CANGAS VARIADAS SCHUMACHER.FPPR,SCHUMACHER
26515,CALCINHA C/ COS DE RENDA.VINI.FIPR,VINI
26517,CONJUNTO PLUS BEATRIZ.VINI.FIPR,VINI
26518,CONJUNTO INTIMO PLUS MARINA.VINI.FIPR,VINI
26519,CONJUNTO INTIMO PLUS VALENTINA.VINI.FIPR,VINI
26520,CONJUNTO INTIMOS PLUS CLARA.VINI.FIPR,VINI
26521,CONJUNTO INTIMO CASSIA.FIPR,VINI
26522,BERMUDA MASC MICROFIBRA C/ZIPER SCHUMACHER.M,SCHUMACHER
26524,KIT CALCINHA DE RENDA ELIS.VINI.FIPR,VINI
26525,KIT CALCINHA DE RENDA RAFAELA.VINI.FIPR,VINI
26526,SUTIA PIETRA.VINI.FIPR,VINI
26527,SUTIA COM RENDA MIRELA.VINI.FIPR,VINI
26528,SUTIA 3 TIRAS.VINI.FIPR,VINI
26529,TOP FAIXA.VINI.FIPR,VINI
26531,REGATA CANELADA ALCA ELASTICO. JRA MARCELO.FFAR,JRA MARCELO
26532,BABY LOOK LISA GOLA V. JRA MARCELO.FJAR,JRA MARCELO
26533,BLUSA DE MALHA GOLA V.MC JU.FJPR,MC JU
26546,CALCINHA SIMONE SIMARIA P/M/G/GG.VINI.FISL,VINI
26547,KIT CALCINHA COM 2 IASMIN .VINI.FIPR,VINI
26548,KIT CALCINHA COM 2.VINI.FIPR,VINI
26549,KIT CALCINHA COM 2 MICHELE .VINI.FIPR,VINI
26552,BABY LOOK LOLA BUNNY.SIDWAY.FJPR,SIDWAY
26553,BABY LOOK PERNA LONGA E LOLA.SIDWAY.FJPR,SIDWAY
26554,BABY LOOK HARRY POTTER.SIDWAY.FJPR,SIDWAY
26556,BABY LOOK TAZ.SIDWAY.FJPR,SIDWAY
26567,CONJ SUTIA/CALCINHA RENDA LUMA. TOQUE SECRETO. FIPR,TOQUE SECRETO
26568,CONJ SUTIA/CALCINHA C/ RENDA MICHELE. TOQUE SECRETO. FIPR,TOQUE SECRETO
26569,CONJ TOP/CALCINHA DE RENDA THALITA. TOQUE SECRETO. FIPR,TOQUE SECRETO
26570,CONJ SUTIA/CALCINHA C/ RENDA ERIKA. TOQUE SECRETO. FIPR,TOQUE SECRETO
26571,CONJ PLUS SUTIA/CALCINHA RENDA IRENE. TOQUE SECRETO. FIPR,TOQUE SECRETO
26601,VESTIDO M/M LISO PLUS C/ AMARR. AGTEX. FCPR,AGTEX
26603,VESTIDO M/M ESTAMP PLUS. AGTEX. FCPR,AGTEX
26618,BERMUDA MOLETOM MASC.CAEDU.MJPR,CAEDU
26657,VESTIDO TUBINHO ESTAMPADO.AME-SE.FCAR,AME -SE
26658,VESTIDO TUBINHO LISO.AME-SE.FCPR,AME -SE
26666,MULLET LISA .ALEGAM.FBAR,ALEGAM
26667,MULLET OMBRO LISA ALEGAM.FBAR,ALEGAM
26671,MULLET COM ESTAMPA ALEGAM.FBAR,ALEGAM
26673,BLUSA ALCA FINA ALEGAM.FBAR,ALEGAM
26675,ACESSORIOS FINA ESTAMPA,FINA ESTAMPA
26682,BOLSA QUADRADA ALCA TORCIDA C/ CORACAO. DUDU. AASF,DUDU
26684,BOLSA METALASSE VERTICAL. DUDU. AASF,DUDU
26685,BOLSA QUADRADA C/ FIVELA. DUDU. AASF,DUDU
26686,CALCA FEM JEANS STILGER.FEMS,STILGER
26687,CALCA FEM JEANS PRETA.STIGER.FEMS,STILGER
26688,OCULOS DE SOL VARIADOS.SCHUMACHER. AASF,SCHUMACHER
26690,CABO USB VARIADOS ANDROID. DUDU. AASF,DUDU
26691,CABO USB IPHONE. DUDU. AASF,DUDU
26693,BLUSA ALCA FINA C/BRILHO SCHUMACHER.FJAR,SCHUMACHER
26696,CONJUNTO FRAN FIO DUPLO.TOQUE SECRETO.FIPR,TOQUE SECRETO
26697,CONJUNTO INTIMO EVELLYN S/ BOJO.TOQUE SECRETO.FIPR,TOQUE SECRETO
26698,CONJUNTO INTIMO MONIQUE.TOQUE SECRETO.FIPR,TOQUE SECRETO
26699,CONJUNTO INTIMO POLIANA.TOQUE SECRETO.FIPR,TOQUE SECRETO
26700,BABY DOLL ELISA.TOQUE SECRETO.FIPR,TOQUE SECRETO
26701,CAMISOLA LUANA.TOQUE SECRETO.FIPR,TOQUE SECRETO
26702,HOBBY ANTONELLA.TOQUE SECRETO.FIPR,TOQUE SECRETO
26717,SHORT SAIA ESTAMPADA.CANDY BEE.FJPR,CANDY BEE
26750,CINTOS VARIADOS C/ FIVELA DE FERRO. GABRIEL KAMP. AASF,GABRIEL CAMP
26751,CINTOS BORBOLETA FIVELA PLAS. GABRIEL KAMP. ASSF,GABRIEL CAMP
26752,CINTO MEIA LUA NEON FIV REDONDA. GABRIEL KAMP. AASF,GABRIEL CAMP
26753,CALCA MOLETOM MASC BASICA.GOOD BLESS.MJMS,GOOD BLESS
26755,CINTO BRILHOSO PRETO E PRATA. GABRIEL KAMP. AASF,GABRIEL CAMP
26757,CALCA MOLETOM FEM JOGGER PLUS.GOOD BLES.FPPR,GOOD BLESS
26761,CASACO MOLETOM MASC FECHADO CANGURU.GOOD BLES.MJAR,GOOD BLESS
26767,CALCA MOLETOM FEM JOGGER.GOOD BLESS.FJMS,GOOD BLESS
26770,ESTOJO INF SUPER DC FRIENDS. DELI. AASF,DELI
26771,ESCOVA DE CABELO PLASTICA JACARE. DELI. AASF,DELI
26772,SPORT POCKETS KAPBOM. DELI. AASF,DELI
26773,CABO USB DE CARGA TURBO KAIDI. DELI. AASF,DELI
26774,2 USB UNIVERSAL SERIAL. DELI. AASF,DELI
26775,SUPORTE UNIVERSAL PARA VEICULOS. DELI. AASF,DELI
26776,ADAPTADOR BLUETOOTH KAPBOM. DELI. AASF,DELI
26777,KIT RELOGIO/ PULSEIRA FEM. DUDU. AASF,DUDU
26778,KIT RELOGIO/PULSEIRA MASC. DUDU. AASF,DUDU
26779,KIT RELOGIO/PULSEIRA FEM BASI. DUDU. AASF,DUDU
26780,COPO TERMICO STANLEY VARIADOS. DUDU. AASF,DUDU
26783,NECESSAIRE WASH BAG GG. FEIRAO DA MAQUIAGEM. AASF,FEIRÃO DA MAQUIAGEM
26784,BERMUDA MASC CARGO C/BOLSO ZE DUDA.MCMS,ZE DUDA
26785,MOUSE PAD PT (603579) MAX PRINT,FINA ESTAMPA
26786,CARREGADOR RAPIDO COM CABO USB. FEIRAO DA MAQUIAGEM. AASF,FEIRÃO DA MAQUIAGEM
26787,FONE DE OUVIDO MP3/MP4 FIX. FEIRAO DA MAQUIAGEM. AASF,FEIRÃO DA MAQUIAGEM
26791,EXPOSITOR DE OCULOS DE SOL. FINA ESTAMPA. AASF,FINA ESTAMPA
26792,MEIAS DIVERTIDAS TUBARAO.INAJA. AASF,BLUE BAY
26793,MEIAS DIVERTIDAS OVO FRITO. BLUE BAY. AASF,BLUE BAY
26794,MEIAS DIVERTIDAS MATEMATICA.INAJA. AASF,BLUE BAY
26795,MEIAS DIVERTIDAS RAIO AMARELO. BLUE BAY. AASF,BLUE BAY
26796,MEIAS DIVERTIDAS RAIO ROSA. BLUE BAY. AASF,BLUE BAY
26797,MEIAS DIVERTIDAS ESPIGA DE MILHO. BLUE BAY. AASF,BLUE BAY
26798,MEIAS DIVERTIDAS DONAUTS. BLUE BAY. AASF,BLUE BAY
26799,MEIAS DIVERTIDAS TACOS. BLUE BAY. AASF,BLUE BAY
26800,MEIAS DIVERTIDAS BANANA 1.INAJA. AASF,BLUE BAY
26801,MEIAS DIVERTIDAS BANANA 2. BLUE BAY. AASF,BLUE BAY
26802,MEIAS DIVERTIDAS DOG PUG. BLUE BAY. AASF,BLUE BAY
26803,MEIAS DIVERTIDAS PLANETAS. BLUE BAY. AASF,BLUE BAY
26804,MEIAS DIVERTIDAS QUADRICULADA COLOR. BLUE BAY. AASF,BLUE BAY
26805,MEIAS DIVERTIDAS ESQUELETO. BLUE BAY. AASF,BLUE BAY
26806,MEIAS DIVERTIDAS ABACATE. BLUE BAY. AASF,BLUE BAY
26807,MEIAS DIVERTIDAS ARCO IRIS. BLUE BAY. AASF,BLUE BAY
26808,BOLSA TIRA COLO C/ ALCA. SHUMACHER. AASF,SCHUMACHER
26809,BOLSA ESTAMPADA C/ ALCA REGULAVEL. SCHUMACHER. AASF,SCHUMACHER
26810,BOLSA REGULAVEL ALCA CORRENTE. SCHUMACHER. AASF,SCHUMACHER
26811,BOLSA TIRA COLO TEXTURIZADA. SCHUMACHER. AASF,SCHUMACHER
26812,BOLSA ESTAMPADA C/ PINGENTE. SCHUMACHER. AASF,SCHUMACHER
26828,CHAVEIROS DIVERTIDOS PERSONAGEM. GABRIEL KAMP. AASF,GABRIEL CAMP
26838,BABY LOOK CANELADA COM BABADOS.FJAR,JOABE
26842,TESOURA ESCOLAR ARREDONDADA. GABRIEL KAMP. AASF,GABRIEL CAMP
26844,TESOURA MUNDIAL FACIL CORTE. GABRIEL KAMP. AASF,GABRIEL CAMP
26845,SACO PARA PRESENTE BRILHOSO. GABRIEL KAMP. AASF,GABRIEL CAMP
26846,CAIXA TRAVESSSEIRO P/ PRESENTE LISA. DUDU. AASF,DUDU
26847,CAIXA TRAVESSEIRO P/ PRESENTE ESTAM. DUDU. AASF,DUDU
26848,CAIXA MALETA P/ PRESENTE ESTAMP. DUDU. AASF,DUDU
26849,CAIXA MALETA P/ PRESENTE LISA. DUDU. AASF,DUDU
26850,CAIXA RETANGULAR P/ PRESENTE ESTAMP. DUDU. AASF,DUDU
26851,CAIXA RETANGULAR P/ PRESENTE LISA. DUDU. AASF,DUDU
26853,CROPPED M/M C/ CRUZADO. MC JU. FJSL,MC JU
26866,PROTETOR DE MAMILO SILICONE. GABRIEL KAMP. AASF,GABRIEL CAMP
26870,COLAR DE ACO INOX HIPOALERGENICO. D DUQUENA. AASF,DONA DUQUESA
26887,"BLUSA COM PREGAS LISA AGTEX ,FCAR",AGTEX
26888,GARRAFA INF PERSONAGENS. GABRIEL KAMP. AASF,GABRIEL CAMP
26889,GARRAFA 600ML NEON. GABRIEL. KAMP. AASF,GABRIEL CAMP
26890,KIT LAPIS ASTRONAUTA. GABRIEL KAMP. AASF,GABRIEL CAMP
26891,ECOLAPIS MULTICOR 12 UND. GABRIEL KAMP. AASF,GABRIEL CAMP
26892,KIT LAPIS 4 UND NEON FABER CASTELL. GABRIEL KAMP. AASF,GABRIEL CAMP
26893,KIT LAPIS GOLD. GABRIEL KAMP. AASF,GABRIEL CAMP
26894,KIT LAPIS 4 UND C/ TABUADA. GABRIEL KAMP. AASF,GABRIEL CAMP
26895,KIT ESCOLAR COMPLETO. GABRIEL KAMP. AASF,GABRIEL CAMP
26896,MOCHILA ESCOLAR C/ ESTOJO. GABRIEL KAMP. AASF,GABRIEL CAMP
26905,LANCHEIRA PERSONAGENS C/ ALCA. GABRIEL KAMP. AASF,GABRIEL CAMP
26906,ESTOJO PERSONAGENS CAPA DURA. GABRIEL KAMP. AASF,GABRIEL CAMP
26907,ESTOJO FEMININO INFANTIS VARIADOS. GABRIEL KAMP. AASF,GABRIEL CAMP
26908,LANCHEIRA TERMICA C/ BOLSOS. GABRIEL KAMP. AASF,GABRIEL CAMP
26909,LANCHEIRA HEROIS C/ BOLSOS. GABRIEL KAMP. AASF,GABRIEL CAMP
26913,AR CONDICIONADO,FINA ESTAMPA
26923,KIT MEIA RP 33-38.ALTO MAX.,ALTO MAX
26924,MEIA DIVERTIDAS 33-38 /39-43,ALTO MAX
26925,MEIAS DIVERTIDAS LICENCIADA 33-38/39-43.ALTOMAX.AASF,ALTO MAX
26926,MEIA SPORT PRETO.ALTO MAX.AASF,ALTO MAX
26927,MEIA SPORT AZUL.ALTO MAX.AASF,ALTO MAX
26928,KIT MEIA 28-33 B/B/B VOLTA AS AULAS.ALTO MAX.AASF,ALTO MAX
26929,KIT MEIA 23/27 B/B/B VOLTA AS AULAS.ALTO MAX.AASF,ALTO MAX
26930,CUECA PWB POLIAMIDA MARINHO.ALTO MAX.AASF,ALTO MAX
26932,CUECA PWB POLIAMIDA BRANCA.ALTO MAX.IMSF,ALTO MAX
26933,CUECA PWB POLIAMIDA CINZA.ALTO MAX.IMSF,ALTO MAX
26935,CUECA PWB POLIAMIDA PRETA.ALTO MAX.IMSF,ALTO MAX
26936,CUECA HOAHI BRANCA P.ALTO MAX.IMSF,ALTO MAX
26937,CUECA HOABHI BRANCA M.ALTO MAX.IMSF,ALTO MAX
26938,CUECA HOAHI BRANCA G.ALTO MAX.IMSF,ALTO MAX
26939,CUECA HOAHI BRANCA GG.ALTO MAX.IMSF,ALTO MAX
26940,KIT MEIA 33-38 P/B/C INVISIVEL.ALTO MAX.AASF,ALTO MAX
26941,KIT MEIA 33-38 B/B/B INVISIVEL.ALTO MAX.AASF,ALTO MAX
26942,KIT MEIA 33-38 P/P/P INVISIVEL.ALTO MAX.AASF,ALTO MAX
26943,MEIA SUPER INVISIVEL BRANCA.ALTO MAX.AASF,ALTO MAX
26944,MEIA SUPER INVISIVEL PRETA.ALTO MAX.AASF,ALTO MAX
26945,MEIA SUPER INVISIVEL BEGE.ALTO MAX.AASF,ALTO MAX
26946,KIT MEIA 39-43 P/B/C INVISIVEL.ALTO MAX.AASF,ALTO MAX
26947,KIT MEIA 39/43 B/B/B INVISIVEL.ALTO MAX.AASF,ALTO MAX
26948,KIT MEIA 39/43 P/P/P INVISIVEL.ALTO MAX.AASF,ALTO MAX
26949,KIT MEIA 33-38 B/P/C SOQUETE.ALTO MAX.AASF,ALTO MAX
26950,KIT MEIA 39-43 B/B/B SOQUETE.ALTO MAX.AASF,ALTO MAX
26951,KIT MEIA 39-43 P/P/P SOQUETE.ALTO MAX.AASF,ALTO MAX
26952,KIT MEIA 33-38 B/P/C CANO CURTO.ALTO MAX.AASF,ALTO MAX
26953,KIT MEIA 39-43 B/B/B CANO CURTO.ALTO MAX.AASF,ALTO MAX
26954,KIT MEIA 39-43 B/P/M.ALTO MAX.AASF,ALTO MAX
26955,KIT MEIA RP EST SORTIDOS 33-38.ALTO MAX.AASF,ALTO MAX
26956,KIT CALCINHA 3 BIQUINE B/B/G P.ALTO MAX.AASF,ALTO MAX
26957,KIT CALCINHA 3 BIQUINE B/B/P M.ALTO MAX.AASF,ALTO MAX
26958,KIT CALCINHA 3 BIQUINE B/B/P G.ALTO MAX.AASF,ALTO MAX
26959,KIT CALCINHA 3 BIQUINE GG.ALTO MAX.AASF,ALTO MAX
26960,KIT CALCINHA TANGA B/B/P P.ALTO MAX.AASF,ALTO MAX
26961,KIT CALCINHA TANGA B/B/P M.ALTO MAX.AASF,ALTO MAX
26962,KIT CALCINHA TANGA B/B/P G.ALTO MAX.AASF,ALTO MAX
26963,KIT CALCINHA TANGA B/B/P GG.ALTO MAX.AASF,ALTO MAX
26966,CUECA ALTOMAX LISA .ALTO MAX.,ALTO MAX
26967,CALCINHA FIO DENTAL.ALTO MAX.IFBC,ALTO MAX
26968,CALCINHA TANGA.ALTOMAX.FIBC,ALTO MAX
26969,CALCINHA BIQUINI.ALTOMAX.FIBC,ALTO MAX
26970,CALCINHA COS ALTO.ALTOMAX.FIBC,ALTO MAX
26971,JOGO AMERICANO PET.TELMA PET.AASF,TELMA PET
26972,COLCHONETE CAMINHA PET.TELMA PET.AASF,TELMA PET
26973,CAMA ALMOFADA PET.TELMA PET.AASF,TELMA PET
26974,ROUPINHA PET.TELMA PET.AASF,TELMA PET
26975,BLUSA DUNA PLUS BABADO LISA ARRASO.FPAR,ARRASO
26976,SAIA DE TULE PET.TELMA PET.AASF,TELMA PET
26977,BLUSA DUNA COM BABADO ARRASO.FCPAR,ARRASO
27014,BABY DOOL INF KAFA.IA4AR,KAFA
27015,CALCA JEANS INF MASC.PEQUENO PRINCIPE.IO4PR,PEQUENO PRINCIPE
27016,BABY DOOL ADULTO C/ BOLINHA KAFA,KAFA
27017,CALCA JEANS FEM.PEQUENO PRINCIPE.IA4PR,PEQUENO PRINCIPE
27018,CALCA COLOR INF.PEQUENO PRINCIPE.IO4PR,PEQUENO PRINCIPE
27019,CALCA JEANS MASC.PEQUENO PRINCIPE.IO4PR,PEQUENO PRINCIPE
27024,VESTIDO M/M COM BABADO EST.AME-SE.FCPR,AME -SE
27025,VESTIDO M/M COM BABADO LISO.AME-SE.FCPR,AME -SE
27032,BLUSA COM ELASTICO PLUS EST.AME-SE.FPAR,AME -SE
27080,TOP FITNESS C/BOJO POLIAMIDA SEA SURF .FFAR,SEA SURF
27114,BLUSA FEM DE VISCOSE PLUS.AGTEX.FPPR,AGTEX
27150,SHORT INPINA BUMBUM SCHUMACHER .FFAR,SCHUMACHER
27151,BABY DDOL C/RENDA TOQUE SECRETO.FIPR,TOQUE SECRETO
27152,CONJ GABRIELA C/RENDA TOQUE SECRETO.FIPE,TOQUE SECRETO
27163,CAMISETA MASC M/M.LEASH.MJPR,LEASH
27164,CAMISETA MASC M/M.LEASH.MJPR,LEASH
27165,CAMISETA MASC M/M.LEASH. MJPR,LEASH
27166,CAMISETA MASC M/M CARRO.LEASH.MJPR,LEASH
27167,CAMISETA MASC M/M FOTOGRAFICA.LEASH.MJPR,LEASH
27168,CAMISETA MASC M/M LISA.LEASH.MJPR,LEASH
27171,BLUSA FEM MORCEGO LISA.REACAO BRASIL.FJPR,REAÇÃO BRASIL
27178,CAMISETA MASC M/M PLUS.LEASH.MPPR,LEASH
27179,CAMISETA MASC M/M PLUS.LEASH.MPPR,LEASH
27180,CAMISETA MASC M/M PLUS.LEASH.MPPR,LEASH
27224,CALCA FEM JEANS ESCURO.ROYACK.FEPR,ROYACK
27227,CALCA FEM JEANS .ROYACK.FEPR,ROYACK
27231,CALCA FEM JEANS JOGGER C/BOLSO.ROYACK.FEPR,ROYACK
27281,SUTIA TOMARA QUE CAIA LISO SCHUMACHER .FIPR,SCHUMACHER
27284,SUTIA COM RENDA SCHUMACHER .FIPR,SCHUMACHER
27336,CALCA FEM PANTALONA CANELADA .MODA LOKA.FJPR,MODA LOKA
27346,CALCA FEM BOCA DE SINO C/BOTOES.MODA LOKA.FCPR,MODA LOKA
27349,COLETE FEM.MODA LOKA.FCPR,MODA LOKA
27353,CALCA FEM JEANS MOM.IDISE.FJPR,IDISE
27355,CALCA JEANS FEM DOBRADA E C/ RASGO.IDISE.FEPR,IDISE
27356,CALCA JEANS FEM C/ TAXASFEPR.IDISE.,IDISE
27369,CALCA JEANS FEM WID LEG.IDISE.FEPR,IDISE
27373,SHORT SAIA FEM COLOR.IDISE.FEPR,IDISE
27375,SHORT JEANS FEM C/ TAXAS.IDISE.FEPR,IDISE
27379,CAMISETA M/M SATIRA MASC NARUTO. DUKY. MJPR,DUKY
27380,CAMISETA M/M SATIRA MASC GOKU. DUKY. MJPR,DUKY
27381,CAMISETA M/M SATIRA MASC CHAVES. DUKY. MJPR,DUKY
27382,CAMISETA M/M SATIRA MASC SR MADRUGA. DUKY. MJPR,DUKY
27383,CAMISETA M/M SATIRA MASC CORAGEM. DUKY. MJPR,DUKY
27384,CAMISETA M/M SATIRA MASC POPEYE. DUKY. MJPR,DUKY
27385,CAMISETA M/M SATIRA MASC BART. DUKY. MJPR,DUKY
27386,CAMISETA M/M JUVENIL SATIRA NARUTO. DUKY. MJPR,DUKY
27387,CAMISETA M/M JUVENIL SATIRA GOKU. DUKY. MJPR,DUKY
27388,CAMISETA M/M JUVENIL SATIRA CHAVES. DUKY. MJPR,DUKY
27389,CAMISETA M/M JUVENIL SATIRA BART. DUKY. MJPR,DUKY
27392,VESTIDO JEANS FEM.IDISE.FEPR,IDISE
27407,CAMISETA M/M MALHA LISA. MINI ART. IO4SL,MINI ART
27415,SHORT FEM JEANS PLUS DESTROYED.IDISE.FPPR,IDISE
27416,SHORT JEANS FEM PLUS C/CINTO.IDISE.FEPR,IDISE
27418,CALCA JEANS FEM PLUS.IDISE.FPPR,IDISE
27421,BERMUDA JEANS MASC C/CADARCO.IDISE.MEPR,IDISE
27438,CALCA LEG COM TELA LIDERY.FFPR,LIDERY
27439,SHORT COM TELA LIDERY.FFPR,LIDERY
27440,TOP FAIXA LISO LIDERY .FFPR,LIDERY
27442,TOP ZERO TRANSPARENCIA LIDERY.FFPR,LIDERY
27443,TOP COM ALCA DUPLA LISO LIDERY.FFPR,LIDERY
27444,CALCA BASICA LISA LIDERY.FFPR,LIDERY
27445,SHORT BASICO LIDERY .FFPR,LIDERY
27446,BERMUDA LISA LIDERY.FFSL,LIDERY
27465,CONJUNTO PLUS SIZE FLAVIA TOQUE SECRETO.FIPR,TOQUE SECRETO
27467,BABY DOLL MILLY C/RENDA TOQUE SECRETO .FIPR,TOQUE SECRETO
27469,COMJUNTO COM RENDA BEATRIZ TOQUE SECRETO.FIPR,TOQUE SECRETO
27470,CONJUNTO RENDA ISIS TOQUE SECRETO.FIPR,TOQUE SECRETO
27471,CAMISOLA PLUS SIZE VIVIANE TOQUE SECRETO.FIPR,TOQUE SECRETO
27479,SAIA ENVELOPE ESTAMPADA ART LIMA.FCAR,ART LIMA
"2,75E+04",CALCINHA INF ESTAMP C/ ELASTICO. FOFINHA. IA4BC,FOFINHA
"2,75E+04",JARDINEIRA COLOR C/ BOTOES COLORIDOS. VAGALUME. IA4PR,VAGALUME
"2,75E+04",SHORT LISO BASICO LIDERY.FFSL,LIDERY
"2,75E+04",CALCA BASICA LISA LIDERY.FFAR,LIDERY
"2,75E+04",SHORT ESTAMPADO LIDERY .FFSL,LIDERY
"2,75E+04",BERMUDA ESTAMPADA LIDERY.FFAR,LIDERY
"2,75E+04",TOP ESTAMPADO LIDERY .FFSL,LIDERY
"2,75E+04",TOP ESTAMPADO LIDERY.FFSL,LIDERY
"2,75E+04",COLAR DUPLO MICANGA COLORIDA. FEIRAO DA MAQUIAGEM. AASF,FEIRÃO DA MAQUIAGEM
"2,75E+04",TOP LISO BASICO LIDERY.FFPR,LIDERY
"2,75E+04",CAPA PROTETORA P/CELULAR A PROVA D'AGUA. FEIRAO DA MAQUIAGEM. AASF,FEIRÃO DA MAQUIAGEM
"2,75E+04",TOP LISO LIDERY .FFSL,LIDERY
"2,75E+04",ARGOLA COLORIDA RESINA. FEIRAO DA MAQUIAGEM. AASF,FEIRÃO DA MAQUIAGEM
"2,75E+04",COLAR HAVAIANO SIMPLES. FEIRAO DA MAQUIAGEM. AASF,FEIRÃO DA MAQUIAGEM
"2,75E+04",BERMUDA BRIM MASC C/ CINTO. VAGALUME KIDS. IO4PR,VAGALUME
"2,75E+04",BERMUDA JEANS MASC INF C/ CINTO. VAGALUME KIDS. IO4PR,VAGALUME
"2,75E+04",CALCA JEANS MASC C/ CINTO. VAGALUME KIDS. IO4PR,VAGALUME
"2,75E+04",CALCA SUPLEX PLUS SIZE COS ALTO LIDERY.FFPR,LIDERY
"2,76E+04",CALCA SUPLEX COS ALTO LIDERY.FFAR,LIDERY
"2,76E+04",SHORT SAIA METALIZADO MAIS FITNESS.FFPR,MAIS FITNESS
"2,76E+04",SHORT SAIA MICROFIBRA MAIS FITNESS.FFPR,MAIS FITNESS
"2,76E+04",TOP POLIAMIDA METALIZADO MAIS FITNESS.FFPR,MAIS FITNESS
"2,76E+04",TOP METALIZADO C/TIRAS MAIS FITNESS .FFPR,MAIS FITNESS
"2,76E+04",TOP METALIZADO COM BOJO MAIS FITNESS.FFPR,MAIS FITNESS
"2,76E+04",TOP POLIAMIDA NADADOR MAIS FITNESS .FFPR,MAIS FITNESS
"2,76E+04",TOP POLIAMIDA C/TIRAS MAIS FITNESS .FFPR,MAIS FITNESS
"2,76E+04",CALCA MENTALIZADA LEVANTA BUMBUM MAIS FITNESS.FFPR,MAIS FITNESS
"2,76E+04",CALCA MENTALIZADA MAIS FITNESS.FFPR,MAIS FITNESS
"2,76E+04",CALCA MENTALIZADO LATERAL MAIS FITNESS.FFPR,MAIS FITNESS
"2,76E+04",CALCA COM DETALHES MAIS FITNESS .FFPR,MAIS FITNESS
"2,76E+04",BERMUDA MENTALIZADA MAIS FITNESS .FFPR,MAIS FITNESS
"2,76E+04",REGATA FEM ALCA FINA PLUS.JRA.FPAR,JRA MARCELO
"2,76E+04",BLUSA BABY LOOK BASICA. SHOP SUL. FCMS,SHOP SUL
"2,76E+04",BONE MASCULINO LISO VARIADOS. DUDU. AASF,DUDU
"2,76E+04",CHAVEIROS EMOJIS C/ CORPO. DUDU. AASF,DUDU
"2,76E+04",CHAVEIRO PORTA MOEDA VARIADOS. DUDU. AASF,DUDU
"2,76E+04",ECOBAGS MULHERES ESTAMPADAS. FINA ESTAMPA. AASF,FINA ESTAMPA
"2,76E+04",CAMISETA M/M TAZ. SIDWAY. MJMS,SIDWAY
"2,76E+04",CAMISETA M/M MASC PERNALONGA. SIDWAY. MJMS,SIDWAY
"2,76E+04",CAMISETA M/M MASC BATMAN QUADRINHO. SIDWAY. MJMS,SIDWAY
"2,76E+04",CAMISETA M/M MASC CORAGEM. SIDWAY. MJMS,SIDWAY
"2,76E+04",CAMISETA M/M MASC DAFFY DUCK. SIDWAY. MJMS,SIDWAY
"2,76E+04",CAMISETA M/M MASC RICK. SIDWAY. MJMS,SIDWAY
"2,76E+04",CAMISETA M/M MASC THE BATMAN. SIDWAY. MJMS,SIDWAY
"2,76E+04",CROPPED SCOOBY DOO SIDWAY.FFMS,SIDWAY
"2,76E+04",CROPPED CARTOON NETWORK SIDWAY.FFMS,SIDWAY
"2,76E+04",CROPPED LONEY TOOMEY SIDWAY.FFMS,SIDWAY
"2,76E+04",BABY LOOK LOLA BUNNY.SIDWAY.FJMS,SIDWAY
"2,76E+04",BABY LOOK MULHER MARAVILHA .SIDWAY.FJMS,SIDWAY
"2,76E+04",CROPPED M/M IN BELLA MODA.A4AR,BELLA MODA
"2,76E+04",BLUSA MM CAN INFANTIL.BELA MODA IA4AR,BELLA MODA
"2,76E+04",SAQUINHOS PARA KIT DIA DAS MULHERES. DUDU. AASF,DUDU
"2,76E+04",SAQUINHOS PARA PRESENTE KIT 2. DUDU. AASF,DUDU
"2,77E+04",PIJAMA DE MALHA NETFLIX. KAFA. MIPR,KAFA
"2,77E+04",PIJAMA DE MALHA MM LISO. KAFA. MPR,KAFA
"2,77E+04",PIJAMA DE MALHA GOLA V MM LISO. KAFA. MPR,KAFA
"2,77E+04",PIJAMA DE MALHA MM LISO GOLA V KAFA. MPR,KAFA
"2,77E+04",PIJAMA DE MALHA MM GOLA V BLUSA ESTAMPADA. KAFA. MPR,KAFA
"2,77E+04",SHORT DOLL PLUS SIZE LINHARES .FIAR,CONFECÇÃO LINHARES
"2,77E+04",BLUSA SOBRE LEG M/L C/FENDA. JRA.FCSL,JRA MARCELO
"2,77E+04",KIT 1 DIA INTERNACIONAL DAS MULHERES. FINA ESTAMPA. AASF,FINA ESTAMPA
"2,77E+04",PROTETOR DE MAMILO SILICONE. FEIRAO DA MAQUIAGEM. AASF,FEIRÃO DA MAQUIAGEM
"2,77E+04",BARE LIFTS PARA SEIOS. FEIRAO DA MAQUIAGEM. AASF,FEIRÃO DA MAQUIAGEM
"2,77E+04",GARRAFA TERMICA STANLEY. DUDU. AASF,DUDU
"2,77E+04",CINTO FIVELA QUADRADOS ESTAMPA VARIADAS GABRIEL KAMP AASF,GABRIEL CAMP
"2,77E+04",SHORT JEANS FEM C/CADARCO.D'BLUE.FEPR,D'BLUE
"2,77E+04",CASACO PARA UNIFORME DA LOJA. KANOASURF,KANOA SURF
"2,77E+04",SHORT JEANS COM BABADINHO EM CIMA FILL FORTE.FJPR,FILL FORTE
"2,77E+04",SHORT JEANS COM A BORDA DOBRADA FILL FORTE.FEPR,FILL FORTE
"2,77E+04",SHORT COLOR FILL FORTE.FJPR,FILL FORTE
"2,77E+04",BERMUDINHA JEANS FILL FORTE. FJPR,FILL FORTE
"2,77E+04",CROPPED MANGA 3/4 JEANS .QUARTA GERACAO FJPR,QUARTA GERAÇÃO
"2,77E+04",MACAQUINHO JEANS ELASTEX. QUARTA GERACAO. FJPR,QUARTA GERAÇÃO
"2,77E+04",BLUSA FEM ELASTEX LISA C/ MANGA BUFANTE.ART LIMA.FJAR,ART LIMA
"2,77E+04",SHORT JEANS COM AMARRACAO NA CINTURA .DECIZAO .FEPR,DECIZÃO
"2,77E+04",BERMUDINHA JEANS COM FECHECLER LATERAL .DECIZAO .FEPR,DECIZÃO
"2,77E+04",VESTIDO LONGO LISO COM ALCA ELASTEX.ART LIMA.FJPR,ART LIMA
"2,77E+04",CALCA JEANS ALDI LEG BOTOES .DECIZAO .FEPR,DECIZÃO
"2,77E+04",CALCA JEANS WIDE LEG BOLSO .DECIZAO .FEPR,DECIZÃO
"2,77E+04",CALCA JOGGER COM BOLSO .DECIZAO .FEPR,DECIZÃO
"2,77E+04",SHORT JEANS BORDADO LATERAL .DECIZAO .FEPR,DECIZÃO
"2,77E+04",CALCA JEANS RASGADINHA .DECIZAO .FEPR,DECIZÃO
"2,77E+04",CALCA JEANS BORDADA LATERAL .DECIZAO .FEPR,DECIZÃO
"2,77E+04",BLUSA FEM LISA C/ BABADO NA MANGA.ART LIMA.FCAR,ART LIMA
"2,77E+04",BLUSA FEM EST COM BABADO NA MANGA.ART LIMA.FJAR,ART LIMA
"2,78E+04",SAIA MIDI CANELADA.VOLARE.FJPR,VOLARE
"2,78E+04",BERMUDA FITNESS C/TEXTURA SCHUMACHER,SCHUMACHER
"2,78E+04",CALCA MONTARIA SCHUMACHER .FCPR,SCHUMACHER
"2,78E+04",BLUSA FEM VISCOLYCRA NAT GOLA V PLUS.REACAO BRASIL.FPAR,REAÇÃO BRASIL
"2,78E+04",SHORT FEM DE LINHO.CANDY BEE.FJPR,CANDY BEE
"2,78E+04",CALCA FEM DE LINHO.CANDY BEE.FCPR,CANDY BEE
"2,78E+04",CALCA FEM C/ BOLSO SARJADA.CANDY BEE.FCPR,CANDY BEE
"2,78E+04",BRINCO ARGOLAS. + BELA FOLHEADOS. AASF,MAIS BELA FOLHEADOS
"2,78E+04",MEIA FIO 80 SEM PE .CEB GLOBAL.FJBC,CEB GLOBAL
"2,78E+04",MEIA DIVERTIDA UNICORNIO.ALTOMAX.AASF,ALTO MAX
"2,78E+04",MEIA DIVERTIDA PIPOCA(33-38).ALTOMAX.AASF,ALTO MAX
"2,78E+04",MEIA DIVERTIDA PANDA(33-38).ALTOMAX.AASF,ALTO MAX
"2,78E+04",MEIA DIVERTIDA ALIENIGINA(39/43).ALTOMAX.AASF,ALTO MAX
"2,78E+04",MEIA DIVERTIDA BANANA(33/38).ALTOMAX.AASF,ALTO MAX
"2,78E+04",MEIA DIVERTIDA VIDEO GAME.ALTOMAX.AASF,ALTO MAX
"2,78E+04",MEIA DIVERTIDA PIPOCA(39/43).ALTOMAX.AASF,ALTO MAX
"2,78E+04",KIT MEIA MASC CASUAL.ALTOMAX.AASF,ALTO MAX
"2,78E+04",KIT MEIA INF C/3 FEM(19-22).ALTOMAX.AASF,ALTO MAX
"2,78E+04",KIT MEIA INF C/3 MASC(19-22).ALTOMAX.AASF,ALTO MAX
"2,78E+04",KIT MEIA INF C/3 FEM(23-27).ALTOMAX.AASF,ALTO MAX
"2,78E+04",KIT MEIA INF C/3 MASC(23-27).AASF,ALTO MAX
"2,78E+04",CAMISA MASC CANELADA M/M SAQUINHO .FJAR,SAQUINHO
"2,78E+04",CONJUNTO RENDA C/LUVA VERSALLY .FIPR,VERSALLY
"2,78E+04",CONJUNTO RENDA C/ MEIA VERSALLY .FIPR,VERSALLY
"2,78E+04",CONJUNTO RENDA C/SAIA VERSALLY .FIPR,VERSALLY
"2,79E+04",CALCINHA POLO WEAR.ALTOMAX.AASF,ALTO MAX
"2,79E+04",CALCINHA TANGA POLO WEAR.ALTOMAX.AASF,ALTO MAX
"2,79E+04",VESTIDO INFANTIL ESTAMPADO.THREE HNDS.IA4AR,THREE HANDS
"2,79E+04",CUECA POLO WEAR.ALTOMAX.AASF,ALTO MAX
"2,79E+04",CUECA LISTRADA POLO WEAR.ALTOMAX.AASF,ALTO MAX
"2,79E+04",SAPATILHA BRANCA POLO WEAR(33-38).ALTOMAX.ASF,ALTO MAX
"2,79E+04",SAPATILHA PRETA/CINZA (33-38).ALTOMAX.AASF,ALTO MAX
"2,79E+04",SAPATILHA BRANCA(39-43).ALTOMAX.AASF,ALTO MAX
"2,79E+04",SAPATILHA PRETA/CINZA(39-43).ALTOMAX.AASF,ALTO MAX
"2,79E+04",SAPATILHA SOQUETE BRANCA(39-43).ALTOMAX.AASF,ALTO MAX
"2,79E+04",SAPATILHA SOQUETE PRETA/CINZA(39-43).ALTOMAX.AASF,ALTO MAX
"2,79E+04",KIT MEIA FEM CANO CURTO BRANCA(33-38).ALTOMAX.AASF,ALTO MAX
"2,79E+04",KIT MEIA CANO CURTO BRANCA MASC(39-43).ALTOMAX.AASF,ALTO MAX
"2,79E+04",KIT MEIA C/6 (33-38).ALTOMAX.AASF,ALTO MAX
"2,79E+04",KIT MEIA C/3 PARES MASC(39-43).ALTOMAX.AASF,ALTO MAX
"2,79E+04",MEIAO DE FUTEBOL BRANCA/PRETO.ALTOMAX.AASF,ALTO MAX
"2,79E+04",CAMISA MASC FLANELADA XADREZ. JEZZIAN. MJPR,JEZZIAN
"2,79E+04",KIT MEIA INF BATMAM(23-27).ALTOMAX.AASF,ALTO MAX
"2,79E+04",KIT MEIA INF BATMAN(28-33).ALTOMAX.AASF,ALTO MAX
"2,79E+04",KIT MEIA INF MULHER MARAVILHA(19-22).ALTOMAX.AASF,ALTO MAX
"2,79E+04",KIT MEIA INF MULHER MARAVILHA(23-27).ALTOMAX.AASF,ALTO MAX
27884,KIT MEIA INF MULHER MARAVILHA(28-33).ALTOMAX.AASF,ALTO MAX
27885,KIT MEIA INF PIU-PIU(19-22).ALTOMAX.AASF,ALTO MAX
27886,KIT MEIA INF PIU-PIU(23-27).ALTOMAX.AASF,ALTO MAX
27887,KIT MEIA INF SCOOB-DOO(19-22).ALTOMAX.AASF,ALTO MAX
27888,KIT MEIA INF SCOOB-DOO(23-27)ALTOMAX.AASF,ALTO MAX
27889,KIT MEIA INF TAZ(23-27).ALTOMAX.AASF,ALTO MAX
27890,KIT MEIA INF SUPER HOMEM(23-27).ALTOMAX.AASF,ALTO MAX
27891,KIT MEIA INF SUPER HOMEM(28-33).ALTOMAX.AASF,ALTO MAX
27893,CONJUNTO INTIMO C/SUTIA E CALCINHA DE RENDA.VERSALLY.FIPR,VERSALLY
27894,CONJUNTO INTIMO CALCINHA E SUTIA ACETINADO.VERSALLY.FIPR,VERSALLY
27895,CONJUNTO INTIMO C/CALCINHA D RENDA.ERSALLY.FIPR,VERSALLY
27896,CONJUNTO INTIMO C/SUTIA DE BOJO.VERSALLY.FIPR,VERSALLY
27897,CROPPED INTIMO COM BOJO E RENDA.VESALLY.FIPR,VERSALLY
27898,CROPPED INTIMO C/BOJO E RENDA.VERSALLY.FIPR,VERSALLY
27899,BABY DOLL COM RENDA.VERSALLY.FIPR,VERSALLY
27900,CAMISOLA DE TULE C/ RENDA.VERSALLY.FIPR,VERSALLY
27901,CROPPED INTIMO C/RENDA.VERSALLY.FIPR,VERSALLY
27902,CRPPED INTIMO C/RENDA.VERSALLY.FIPR,VERSALLY
27903,CONJUNTO INTIMO RUBI.VERSALLY.FIPR,VERSALLY
27904,CONJUNTO INTIMO TOPAZIO.VERSALLY.FIPR,VERSALLY
27905,CONJUNTO INTIMO TURQUESA.VERSALLY.FIPR,VERSALLY
27906,CONJUNTO INTIMO ESMERALDA.VERSALLY.FIPR,VERSALLY
27907,CONJUNTO INTIMUS PLUS C/BOJO.VERSALLY.FIPR,VERSALLY
27908,CONJUNTO INTIMO PLUS S/BOJO.VERSALLY.FIPR,VERSALLY
27909,CONJUNTO INTIMO PLUS COM RENDA.VERSALLY.FIPR,VERSALLY
27910,CALCINHA RUBI.VERSALLY.FIPR,VERSALLY
27911,SHORT DE DRAY LISO IRODRIGUES .FFAR,IRODRIGUES
27921,CROPPED DE TULE C/ PUNHO.AGTEX.FJPR,AGTEX
27922,SHORT FEM DE CIRRE.AGTEX.FJPR,AGTEX
27923,CORPETE DE CORINO.AGTEX.FJPR,AGTEX
27924,SAIA DE CIRRE.AGTEX.FJPR,AGTEX
27927,CALCA FEM C/CINTO.AGTEX.FJPR,AGTEX
27939,BLUSA FEM MANGA 3/4 C/BOTOES DUNA.AGTEX.FJPR,AGTEX
27959,CALCA FEM PANTALONA C/ELASTICO.FLORATTA.FCAR,FLORATTA
27979,BLUSA SOBRE LEG LISA C/ FENDA. FLOR DE PAULA.FCAR,FLOR DE PAULA
27984,BERMUDA JEANS MASC RASGADA C/ CINTO.FORTUNATOS.MJPR,AFORTUNADOS
27985,BERMUDA JEANS MASC CLARA C/RASGO.FORTUNATOS.MJPR,AFORTUNADOS
28003,KIT PULSEIRA INFANTIL C/ ANEL. GABRIEL KAMP. AASF,GABRIEL CAMP
28004,PULSEIRA PANDORA PINGENTES. GABRIEL KAMP. AASF,GABRIEL CAMP
28005,ESCOVA QUADRADA P/ CABELO. GABRIEL KAMP. AASF,GABRIEL CAMP
28007,PANO DE PRATO MULTIFLEX ESTAM. CAMESA. AASF,CAMESA
28010,"BABY LOOK DE DRAY LISA IRODRIGUES ,FFAR",IRODRIGUES
28012,CAIXA TRAVESSEIRO P/ PRESENTE BRANCA. DUDU. AASF,DUDU
28015,SHORT JEANS VARIADOS BELICIO .FJAR,BELICIO
28016,BLUSA CANELADA C/FURO SAQUINHO.FJAR,SAQUINHO
28019,CAMISETA MASC BASICA SHOP SUL .MBMS,SHOP SUL
28020,"CALCINHA SEM COSTURA C/RENDA SCHUMACHER,FIBC",SCHUMACHER
28024,BERMUDA SUPLEX FITNESS FRICOURT .FFAR,FRICOUT
28025,BLUSA DRAY FITNESS FRICOURT .FFAR,FRICOUT
28026,TIARA BEBE MEIA C/ LACO. LILI. AASF,LILI
28027,KIT PREGADEIRA BEBE DIVERTIDO. LILI. AASF,LILI
28028,ARQUINHOS INF BEBES VARIADOS LACOS. LILI. AASF,LILI
28029,NECESSAIRES VARIADAS FEM. GABRIEL KAMP. AASF,GABRIEL CAMP
28030,SHORT COMEIA FITNESS. FRICOUT. FIPR,FRICOUT
28033,CAMISETA M/M AD MASC DRY SPORT.LINDA BELLA. MJSL,LINDA BELLA
28034,CALCINHA SIMARA /SIMONE PLUS VINI.FIBC,VINI
28039,SELFIE RING LIGTH. GABRIEL KAMP. AASF,GABRIEL CAMP
28040,TAPA OLHO NOITE. FEIRAO DA MAQUIAGEM. AASF,FEIRÃO DA MAQUIAGEM
28045,MACAQUINHO C/RENDA SHAKIRA VESTRIO .FIPR,VESTRIO
28049,SACOLAS P/ PRESENTE G. LILI. AASF,LILI
28055,CALCINHA INFANTIL ESTAMPADA .IA4PR,LINDA BRASIL
28060,TOUCA DE CETIM DUPLA FACE. FEIRAO DA MAQUIAGEM. AASF,FEIRÃO DA MAQUIAGEM
28068,TOP FITNESS 3D NILKAMP.FFPR,NILKAMP
28069,CALCA FITNESS 3D NILKAMP.FFPR,NILKAMP
28070,SHORT FITNESS 3D NIKAMP.FFPR,NILKAMP
28071,BABY DOLL MAGNOLIA TOQUE SECRETO .FIPR,TOQUE SECRETO
28072,HOBBY VIOLETA TOQUE SECRETO .FIPR,TOQUE SECRETO
28073,CAMISOLA YOLANDA TOQUE SECRETO .FIPR,TOQUE SECRETO
28074,BODY MILA TOQUE SECRETO .FIPR,TOQUE SECRETO
28075,CONJUNTO ANGELINA TOQUE SECRETO .FIPR,TOQUE SECRETO
28076,CONJUNTO CLARICE TOQUE SECRETO .FIPR,TOQUE SECRETO
28077,CONJUNTO THALIA TOQUE SECRETO.FIPR,TOQUE SECRETO
28078,CONJUNTO LIZ TOQUE SECRETO .FIPR,TOQUE SECRETO
28079,CONJUNTO TOMARA CAIA AYLA TOQUE SECRETO.FIPR,TOQUE SECRETO
28080,BABY SOCKS COTTON BICHINHOS. ZIGZUM. AASF,ZIGZUM
28083,MEIA SAPATILHA C/ ELASTICO. ZIGZUM. AASF,ZIGZUM
28084,MEIA SAPATILHA C ELASTICO INF FEM. ZIGZUM. AASF,ZIGZUM
28085,SAPATILHA ANTIDERRAPANTE BICHINHOS. ZIGZUM. AASF,ZIGZUM
28086,SAPATILHA ANTIDERRAPANTE INF MASC. ZIGZUM. AASF,ZIGZUM
28098,CAMISETA M/M DRY FIT ECCO SURF.MJAR,ECCO SURF
28099,CAMISETA M/L DRY FIT ECCO SURF.MJAR,ECCO SURF
28103,SACOS METALIZADOS LICENCIADOS 25X37. DUDU. AASF,DUDU
28104,SACOS METALIZADOS LICENCIADOS 30X45. DUDU. AASF,DUDU
28106,SACOS METALIZADOS CROMUS 25X37. BOCHECHINHA. AASF,DUDU
28107,SACOS METALIZADOS CROMUS 30X45. DUDU. AASF,DUDU
28109,CAMISETA M/M INF ECCO SURF.IO4PR,ECCO SURF
28120,KIT MICANGA CORDAO/PULSEIRA KIDS. FEIRAO DA MAQUIAGEM. AASF,FEIRÃO DA MAQUIAGEM
28121,GARRAFA COLOR 2L HORARIO. DUDU. AASF,DUDU
28122,GARRAFA COLOR 700 ML HORARIO. DUDU. AASF,DUDU
28123,GARRAFA COLOR 300ML HORARIO. DUDU. AASF,DUDU
28126,DEPILADOR DE SOBRANCELHAS TINKLE C/3. FEIRAO DA MAQUIAGEM. AASF,FEIRÃO DA MAQUIAGEM
28129,KIT PINCEL C/ 5 UND PATINHAS. GABRIEL KAMP. AASF,GABRIEL CAMP
28130,KIT MINI PIRANHA PLASTICO C/ 6. FEIRAO DA MAQUIAGEM. AASF,FEIRÃO DA MAQUIAGEM
28133,CINTO C/ DUAS FIVELAS. GABRIEL. KAMP. AASF,GABRIEL CAMP
28136,FRASCO SKIN CARE REUTILIZAVEL. GABRIEL KAMP. AASF,GABRIEL CAMP
28137,GRAVATA SIMPLES XADREZ C/ ELASTICO. GABRIEL KAMP. AASF,GABRIEL CAMP
28142,EMBALAGEM CAIXINHA CORACAO. LILI. AASF,LILI
28143,CONJUNTO C/RENDA ANGELA TOQUE SECRETO .FIPR,TOQUE SECRETO
28144,CONJUNTO C/RENDA INGRID TOQUE SECRETO .FIPR,TOQUE SECRETO
28145,CONJUNTO C/RENDA BARBIETOQUE SECRETO.FIPR,TOQUE SECRETO
28146,CONJUNTO LISO NATHY TOQUE SECRETO.FIPR,TOQUE SECRETO
28147,CALCINHA AVULSO TOQUE SECRETO .FIPR,TOQUE SECRETO
28148,CONJUNTO RAQUEL TOQUE SECRETO.FIPR,TOQUE SECRETO
28149,CONJUNTO STHEFANE TOQUE SECRETO .FIPR,TOQUE SECRETO
28150,CINTO FIVELAS DE FERRO ILHOS. GABRIEL KAMP. AASF,GABRIEL CAMP
28151,CONJ. INTIMO JULIANA. TOQUE SECRETO. AASF,TOQUE SECRETO
28152,MULLET C/ DIAMANTE ARRASO.FCAR,ARRASO
28154,CREME FACIAL VARIADOS. GABRIEL KAMP. AASF,GABRIEL CAMP
28155,ROLO PARA RETIRAR PELOS ROUPA. GABRIEL KAMP. AASF,GABRIEL CAMP
28156,BOLSA REDONDA TEXTURIZADA ALCA ENRUGADA. SCHUMACHER. AASF,SCHUMACHER
28157,BOLSA REDONDA C/ PINGENTE ALCA ENRUGADA. SCHUMACHER. AASF,SCHUMACHER
28158,BOLSA ARREDONDADA TEXTURIZADA. SCHUMACHER. AASF,SCHUMACHER
28159,BOLSA REDONDA VARIADA. SCHUMACHER. AASF,SCHUMACHER
28160,BOLSA MEDIA TRANSPARENTE ALCA CORRENTE. SCHUMACHER. AASF,SCHUMACHER
28161,BOLSA ARREDONDADA TEXTU ALCA ENRUGADA. SCHUMACHER. ASSF,SCHUMACHER
28162,BOLSA TEXTU ALCA ENRUGADA. SCHUMACHER. ASSF,SCHUMACHER
28163,PORTA DOCUMENTO COURINO. FEIRAO DA MAQUIAGEM. AASF,FEIRÃO DA MAQUIAGEM
28164,BOLSA NECESSAIRE MASC ESTAMP. FEIRAO DA MAQUIAGEM. AASF,FEIRÃO DA MAQUIAGEM
28165,BOLSA NECESSAIRE LISA.. FEIRAO DA MAQUIAGEM. AASF,FEIRÃO DA MAQUIAGEM
28166,CINTO COURO MASC C/ FIVELA. FEIRAO DA MAQUIAGEM. AASF,FEIRÃO DA MAQUIAGEM
28167,CINTO DE PANO MASC ESTAMP. FEIRAO DA MAQUIAGEM. AASF,FEIRÃO DA MAQUIAGEM
28168,MAXI COLAR RESINA VARIADOS. FEIRAO DA MAQUIAGEM. AASF,FEIRÃO DA MAQUIAGEM
28169,SAQUINHO DE XUXINHAS INF. FEIRAO DA MAQUIAGEM. AASF,FEIRÃO DA MAQUIAGEM
28170,KIT RELOGIO INFANTIL C/ PULSEIRA. FEIRAO DA MAQUIAGEM. AASF,FEIRÃO DA MAQUIAGEM
28171,ELASTICO NO TUBINHO P/ CABELO. FEIRAO DA MAQUIAGEM. AASF,FEIRÃO DA MAQUIAGEM
28172,TIARA DE ALGODAO PARA BEBE. FEIRAO DA MAQUIAGEM. AASF,FEIRÃO DA MAQUIAGEM
28173,GRAMPO PARA CABELO. FEIRAO DA MAQUIAGEM. AASF,FEIRÃO DA MAQUIAGEM
28174,CINTO COLORIDO FIVELA REDONDA FLORAL. DUDU. AASF,DUDU
28175,BOLSAS VARIADAS FEMININAS. SCHUMACHER. AASF,SCHUMACHER
28176,BOLSAS VARIADAS FEMININAS. SCHUMACHER. AASF,SCHUMACHER
28177,BOLSAS VARIADAS FEMININAS. SCHUMACHER. AASF,SCHUMACHER
28178,CAMISETA MASC ADULTO NARUTO.DUKY.MJMS,DUKY
28179,CAMISETA MASC ADULTO LOONEY TUNES+GOKU.DUKY.MJMS,DUKY
28180,CAMISETA MASC ADULTO KAKASHI.DUKY.MJMS,DUKY
28181,CAMISETA MASC ADULTO DEVIL MY CRY.DUKY.MJMS,DUKY
28182,CAMISETA MASC ADULTO SASUKE.DUKY.MJMS,DUKY
28183,CAMISETA MASC ADULTO JIRAYA.DUKY.MJMS,DUKY
28184,CAMISETA NARUTO INFANTIL DUKY .IO4MS,DUKY
28185,CAMISETA MASC ADULTO HOMEM ARANHA.MJMS,DUKY
28186,CAMISETA MASC ADULTO MARIO.DUKY.MJMS,DUKY
28187,CAMISETA GOKU BASQUETE INFANTIL .IO4MS,DUKY
28188,CAMISETA MASC ADULTO RICK AND MORTY.DUKY.MJMS,DUKY
28189,CAMISETA KAKASHI DUKY INFANTIL.IO4MS,DUKY
28190,CAMISETA DEVIL MY CRY INFANTIL DUKY.IO4MS,DUKY
28191,CAMISETA SASUKE INFANTIL DUKY.IO4MS,DUKY
28192,CAMISETA JIRAYA INFANTIL DUKY.IO4MS,DUKY
28193,CAMISETA HOMEM ARANHA INFANTIL DUKY .IO4MS,DUKY
28194,CAMISETA MARIO INFANTIL DUKY.IO4MS,DUKY
28195,CAMISETA RICK AND MORTY INFANTIL DUKY.IO4MS,DUKY
28196,GUARDA CHUVA SIMPLES. GABRIEL KAMP. AASF,GABRIEL CAMP
28197,CAPA DE CHUVA SIMPLES. GABRIEL KAMP. AASF,GABRIEL CAMP
28198,MINI MASSAGEADOR STICK.GABRIEL KAMP. AASF,GABRIEL CAMP
28199,CAMISETA JUVENIL M/M NARUTO/GOKU. DUKY. MJMS,DUKY
28200,CAMISETA JUVENIL M/M GOKU/SPACE JAM. DUKY. MJMS,DUKY
28201,CAMISETA JUVENIL M/M KAKASHI. DUKY. MJMS,DUKY
28202,CAMISETA JUVENIL M/M NARUTO/DEVIL MY CRY. DUKY. MJMS,DUKY
28203,CAMISETA JUVENIL M/M JIRAYA. DUKY. MJMS,DUKY
28204,CAMISETA JUVENIL M/M SASUKE/AKATSUKI. DUKY. MJMS,DUKY
28205,CAMISETA M/M JUVENIL DEADPOOL/HOMEM ARANHA. DUKY. MJMS,DUKY
28206,CAMISETA M/M JUVENIL MARIO. DUKY. MJMS,DUKY
28207,CAMISETA M/M JUVENIL RICK AND MORTY. DUKY. MJMS,DUKY
28208,CAMISETA M/M CANETA AZUL/BESOURO. DUKY. MJPR,DUKY
28209,CAMISETA M/M BESOURO. DUKY. MJPR,DUKY
28212,BLUSA GOLA V C/BOLSO LISA REACAO BRASIL.FCAR,REAÇÃO BRASIL
28213,CALCA VISCOLYCRA C/BOLSO REACAO BRASIL .FCAR,REAÇÃO BRASIL
28214,MULLET GOLA V VISCOLYCRA PLUS.REACAO BRASIL.FPAR,REAÇÃO BRASIL
28226,BLUSA FEM M/M COM NO PLUS .AME-SE.FPPR,AME -SE
28227,BLUSA FEM M/M COM NO PLUS LISA.AME-SE.FPPR,AME -SE
28228,VESTIDO COM BABADO LISO PLUS .AME-SE.FPPR,AME -SE
28229,VESTIDO COM BABADO ESTAMPADO PLUS.AME-SE.FPPR,AME -SE
28249,CAMISETA MASC M/M MALHA PREMIUM BASICA. GOOD BLESS. MJAR,GOOD BLESS
28253,TOP DE ALCA CORES PLUS.SEA SURF.FPAR,SEA SURF
28254,BLUSA CANELADA GOLA ALTA.SEA SURF.FJAR,SEA SURF
28265,BLUSA M/M CHULIADA ALEGAM.FJAR,ALEGAM
28271,BLUSA M/M DIZERES ALEGAM.FCAR,ALEGAM
28272,REGATA MALHA MASC PINCELADA ALEGAM.MJAR,ALEGAM
28273,REGATA FITNESS PLUS ALEGAM .FFAR,ALEGAM
28274,BLUSA FEM BABY LOOK GOLA CARECA PLUS. ARRASO. FPAR,ARRASO
28307,BOLSA PRETA LATERAL MASCULINA. FEIRAO DA MAQUIAGEM. AASF,FEIRÃO DA MAQUIAGEM
28308,BOLSA LATERAL ESTAMP MASCULINA. FEIRAO DA MAQUIAGEM. AASF,FEIRÃO DA MAQUIAGEM
28309,MAXI COLAR PEDRARIA RESINA VARIADOS. FEIRAO DA MAQUIAGEM. AASF,FEIRÃO DA MAQUIAGEM
28351,BLUSA ALCA FINA VISCOLINHO FEM. AGTEX. FCSL,AGTEX
28377,BLUSA M/M C/ BOTOES PLUS. AGTEX. FPPR,AGTEX
28409,SHORT SAIA DRY FITNESS.ESTILO CORPO.FFPR,ESTILO CORPO
28410,CROPPED DRY FITNESS.ESTILO DO CORPO.FFPR,ESTILO CORPO
28411,SHORT FEM FITNESS DRY DUPLO.ESTILO DO CORPO.FFPR,ESTILO CORPO
28412,REGATA FEM EM POLIAMIDA.ESTILO DO CORPO.FFPR,ESTILO CORPO
28413,SHORT FEM DUPLO FITNESS.ESTILO DO CORPO.FFPR,ESTILO CORPO
28414,BLUSA FEM M/M FITNESS.ESTILO DO CORPO.FFPR,ESTILO CORPO
28415,SHORT FEM POLIAMIDA FITNESS.ESTILO DO CORPO.FFPR,ESTILO CORPO
28416,CROPPED POLIAMIDA FITNESS.ESTILO DO CORPO.FFPR,ESTILO CORPO
28417,SHORT FEM C/PUXADOR POLIAMIDA.ESTILO DO CORPO.FFPR,ESTILO CORPO
28418,BLUSA FEM M/M POLIAMIDA.ESTILO DO CORPO.FFPR,ESTILO CORPO
28419,SHORT FEM DUPLO DRY C/BOLSO.ESTILO DO CORPO.FFPR,ESTILO CORPO
28420,CALCA FEM DRY FITNESS.EST ILO DO CORPO.FFPR,ESTILO CORPO
28421,CROPPED DRY FITNESS.ESTILO DO CORPO.FFPR,ESTILO CORPO
28422,CALCA POLIAMIDA FITNESS.ESTILO DO CORPO.FFPR,ESTILO CORPO
28423,TOP FITNESS POLIAMIDA.ESTILO DO CORPO.FFPR,ESTILO CORPO
28424,SHORT FEM MOLETINHO C/ELASTANO.ESTILO DO CORPO.FFPR,ESTILO CORPO
28425,BLUSA M/M CROPPED MOLETINHO C/ ELASTANO.ESTILO DO CORPO.FFPR,ESTILO CORPO
28426,SHORT FEM DUPLO TACTEL.ESTILO DO CORPO.FFPR,ESTILO CORPO
28427,JAQUETA FEM TACTEL FITNESS.ESTILO DO CORPO.FFPR,ESTILO CORPO
28428,CALCA C/ELASTICO NEON LIDERY .FFPR,LIDERY
28429,TOP C/ELASTICO NEON LIDERY .FFPR,LIDERY
28431,TOP C/ELASTICO NEON LIDERY .FFPR,LIDERY
28435,SHORT ELASTICO NEON LIDERY.FFPR,LIDERY
28436,BERMUDA FEM LISA METALIZADA.MAIS FITNESS.FFPR,MAIS FITNESS
28437,REGATA NADADOR DRY LIDERY .FFAR,LIDERY
28438,BLUSA M/M DRY LIDERY .FFAR,LIDERY
28439,TOP LISO METALIZADO.MAIS FITNESS,MAIS FITNESS
28440,TOP FEM LISO METALIZADO.MAIS FITNESS.FFPR,MAIS FITNESS
28441,CALCA LEG C/TRANSPARENCIA LIDERY.FFPR,LIDERY
28450,SHORT C/TRANSPARENCIA LIDERY .FFPR,LIDERY
28454,TOP TRANSPARENCIA LIDERY.FFPR,LIDERY
28456,TOP NADADOR C/TRANSPARENCIA LIDERY.FFPR,LIDERY
28463,TOP FAIXA FRONTAL LIDERY.FFPR,LIDERY
28464,SHORT PLUS SIZE LIDERY .FFPR,LIDERY
28465,CALCA PLUS SIZE LIDERY. FFPR,LIDERY
28466,SHORT BOLHA. LIDERY.FFPR,LIDERY
28467,TOP BOLHA. LIDERY.FFPR,LIDERY
28468,SHORT COM LISTRA LATERAL LIDERY.FFPR,LIDERY
28469,TOP NADADOR FITNESS LISTRA. LIDERY. FFPR,LIDERY
28470,TOP LISTRA LIDERY .FFPR,LIDERY
28471,TOP VIVO PLUS SIZE. LIDERY.FFPR,LIDERY
28472,SHORT VIVO PLUS SIZE LIDERY.FFPR,LIDERY
28473,CROPPED MOLETOM BASICO LIBERTIS.FJPR,LIBERTIS
28512,CAMISOLA NAOMI C/RENDA VINI.FIPR,VINI
28513,CONJUNTO PLUS S/BOJO VINI.FIPR,VINI
28514,CONJUNTO CARLA PLUS VINI.FIPR,VINI
28515,CONJUNTO INES RENDA VINI.FIPR,VINI
28516,CONJUNTO INTIMO THALITA.VINI.FIPR,VINI
28517,CONJUNTO INTIMO JULIANA.VINI.FIPR,VINI
28518,CONJUNTO INTIMO ANGEL.VIVI.FIPR,VINI
28519,CONJUNTO INTIMO VITORIA.VINI.FIPR,VINI
28520,CALCINHA CINTIA COS RENDA. VINI. FIPR,VINI
28521,KIT MEIA INVISIVEL 33838 B/B/B ALTO MAX.AASF,ALTO MAX
28522,CUECA RP LISTRADA ALTO MAX .MISL,ALTO MAX
28523,CUECA RP LISA ALTO MAX.MISL,ALTO MAX
28525,KITMEIA C/3 PARES FEM (33-38) B/R/A SOQUETE.ALTO MAX.AAS,ALTO MAX
28543,GARRAFA 600 ML TUPPERWARE. FEIRAO DA MAQUIAGEM. AASF,FEIRÃO DA MAQUIAGEM
28544,COPO COM TAMPA E ALCA. FEIRAO DA MAQUIAGEM. AASF,FEIRÃO DA MAQUIAGEM
28545,CORTADOR DE UNHA UND. FEIRAO DA MAQUIAGEM. AASF,FEIRÃO DA MAQUIAGEM
28546,KIT VIAGEM COM 3 UND. FEIRAO DA MAQUIAGEM. AASF,FEIRÃO DA MAQUIAGEM
28547,ROLO PARA TIRAR PELOS.FEIRAO DA MAQUIAGEM. AASF,FEIRÃO DA MAQUIAGEM
28548,GARRAFINHA INF COM TAMPA REMOVIVEL. FEIRAO DA MAQUIAGEM. AASF,FEIRÃO DA MAQUIAGEM
28549,ESPONJA PARA BANHO PORTA SABONET. FEIRAO DA MAQUIAGEM. AASF,FEIRÃO DA MAQUIAGEM
28550,TIARA COM BRILHO 1 VIA. FEIRAO DA MAQUIAGEM. AASF,FEIRÃO DA MAQUIAGEM
28551,TIARA COM BRILHO 3 VIAS. FEIRAO DA MAQUIAGEM. AASF,FEIRÃO DA MAQUIAGEM
28552,FAIXA PARA CABELO FINA. FEIRAO DA MAQUIAGEM. AASF,FEIRÃO DA MAQUIAGEM
28553,FAIXA DE CABELO LARGA. FEIRAO DA MAQUIAGEM. AASF,FEIRÃO DA MAQUIAGEM
28554,BERMUDA FITNESS 3D NILKAMP .FFSL,NILKAMP
28555,SHORT DOOL M/M C/RENDA MALHA/CANELADO.LINDA BELLA.FIAR,LINDA BELLA
28556,SHORT DOLL CANELADO COM RENDA.LINDA BELLA.FIAR,LINDA BELLA
28557,SHORT DOLL CANELADO CHILIADO C/ BOTOES.LINDA BELLA,LINDA BELLA
28558,SHORT DOLL DE ALCA C/ RENDA DE AMARRAR.LINDA BELLA.FIAR,LINDA BELLA
28559,TOP DE ALCA FINA.LINDA BELLA.FIAR,LINDA BELLA
28560,SHORT DOLL DE LIGANETE C/ RENDA.LINDA BELLA.FIAR,LINDA BELLA
28561,REGATA MASC DRY LOGO FITNESS .FRICOUT.MJAR,FRICOUT
28563,CAMISOLA DE RENDA C/CALCINHA.LINDA BELLA.FIAR,LINDA BELLA
28564,CAMISOLA NADADOR C/RENDA.LINDA BELLA.FIPR,LINDA BELLA
28565,CAMISOLA DE ALCA COM RENDA.LINDA BELLA.FIPR,LINDA BELLA
28566,BOLSA REDONDA DE PALHA C/ CORDA.GABRIEL KAMP. AASF,GABRIEL CAMP
28567,TOUCA TOALHA DE BANHO. GABRIEL KAMP. AASF,GABRIEL CAMP
28568,CANDY BALM HIDRATANTE LABIAL FRUITS. FEIRAO DA MAQUIAGEM. AASF,FEIRÃO DA MAQUIAGEM
28569,KIT DE ESPONJA DIVERSOS P/ MAKE . GABRIEL KAMP. AASF,GABRIEL CAMP
28597,SAIA MID ESTAMP TRANSPASSADA. MODALOKA. FJPR,MODA LOKA
28598,CROPPED ALCA LARGA C/ RECORTE. MODALOKA. FJPR,MODA LOKA
28635,CALCA PANTA THAIS.BELA CHICCA.FCAR,BELA CHICCA
28640,CALCA FEM MONICA ESTAMPADA .BELA CHICCA.FJAR,BELA CHICCA
28644,VESTIDO LIGANETE FLOR DE PAULA.FCAR,FLOR DE PAULA
28654,CALCA FITNESS RECORTE NO PE SCHUMACHER,SCHUMACHER
28658,BLUSA FEM NILZA LISA/ ESTAMPADA.BELLA CHICCA.FCAR,BELA CHICCA
28695,REGATA ALCA RIBANA CANELADA FLOR DE PAULA. FBSL,FLOR DE PAULA
28696,BERMUDA SUPLEX JATEADA ESTAMPADA . FLOR DE PAULA. FFBC,FLOR DE PAULA
28697,BERMUDA MASC HELANCA 3 LISTRAS LATERAL.SS.MJAR,SS
28698,SHORT FEM TACTEL ELASTANO.SS.FJAR,SS
28706,CONJUNTO INTIMO CAROLINE FIO DUPLO.TOQUE SECRETO.FIPR,TOQUE SECRETO
28707,CONJUNTO INTIMO LUCIA DE POLIESTE.TOQUE SECRETO.FIPR,TOQUE SECRETO
28708,CONJUNTO INTIMO JULIETA.TOQUE SECRETO.FIPR,TOQUE SECRETO
28709,CONJUNTO INTIMO MILENA.TOQUE SECRETO.FIPR,TOQUE SECRETO
28710,CONJUNTO INTIMO LAVINIA.TOQUE SECRETO.FIPR,TOQUE SECRETO
28711,CONJUNTO INTIMO VITORIA PLUS SIZE.TOQUE SECRETO.FIPR,TOQUE SECRETO
28712,CAMISOLA FLORA C/ BOJO LISA.TOQUE SECRETO.FIPR,TOQUE SECRETO
28713,HOBBY VIOLETA.TOQUE SECRETO.FIPR,TOQUE SECRETO
28716,CUECA REGULAR IMPORTADA SEA SURF .MISL,SEA SURF
28717,CALCINHA BASIC FIO IMPORTADA SEA SURF.FISL,SEA SURF
28719,SHORT FEM JEANS 100% ESCURO DESFIADO.MADORA.FEPR,MADORA
28720,SHORT FEM JEANS 100% C/ CORACAO.MADORA.FEPR,MADORA
28721,CALCA JEAN FEM C/ ELASTANO.MADORA.FEPR,MADORA
28722,CALCA JEANS FEM C/ELASTANO ESCURA.MADORA.FEPR,MADORA
28723,CALCA JEANS FEM C/ELASTANO.MADORA.FEPR,MADORA
28724,CALCA JEANS MASC BLACK.MADORA.MEPR,MADORA
28725,CALCA JEANS MASC.MADORA.MEPR,MADORA
28726,CALCA JEANS MASC.MADORA.MEPR,MADORA
28727,CALCA JEANS FEM BRANCA.MADORA.FEPR,MADORA
28729,SHORT FEM JEANS BRANCO.MADORA.FEPR,MADORA
28730,SHORT FEM JEANS BRANCO PLUS.MADORA.FEPR,MADORA
28731,KIT MEIA SOQUETE FEM ESTAMPADO IMPORTADA .ABC,BETO
28734,CROPPED C/ AMARRACAO LISO. AME - SE. FCPR,AME -SE
28735,CROPPED C/ AMARRACAO ESTAMPADO. AME - SE. FCPR,AME -SE
28744,MEIA SOQUETE FEM LISA IMPORTADA BETO .,BETO
28745,MEIA SOQUETE MASC LISA IMPORTADA BETO .,BETO
28746,CALCA FEM VISCOLINHO (Boliviana).AGTEX.FJAR,AGTEX
28747,SUTIA C/BOJO LISO LAZARO .FIBC,LAZARO
28751,SHORT JEANS FEM CARGO. IDISE. FEPR,IDISE
28774,CALCINHA DE COTTON COS NEON.LINDA BRASIL.FIBC,LINDA BRASIL
28776,CALCOLA DE COTTON COS COLORIDO.LINDA BRASIL.FIBC,LINDA BRASIL
28778,CALCINHA COTTON C/VIES ABERTO LISA.LINDA BRASIL.FIBC,LINDA BRASIL
28780,CALCINHA COTTON COMUM LISA.LINDA BRASIL.FIBC,LINDA BRASIL
28821,BLOCO DE NOTAS C/ CANETA E POST IT. GABRIEL KAMP. AASF,GABRIEL CAMP
28822,BLOCO DE NOTAS SIMPLES C/ ELASTICO. GABRIEL KAMP. AASF,GABRIEL CAMP
28823,CADERNO NOTEBOOK ANOTACOES. GABRIEL KAMP. AASF,GABRIEL CAMP
28824,PORTA REMEDIO ORGANIZADOR / DIAS. GABRIEL KAMP. AASF,GABRIEL CAMP
28825,ESCOVA C/ PEDRA ESFOLIANTE. GABRIEL KAMP. AASF,GABRIEL CAMP
28826,ROLO PARA TIRAR PELOS LAVAVEL. GABRIEL KAMP. AASF,GABRIEL CAMP
28827,PANO DE MICROFIBRA KIT C 3. GABRIEL KAMP. AASF,GABRIEL CAMP
28828,POTE MARMITA C/ GARFO E COLHER. FEIRAO DA MAQUIAGEM. AASF,FEIRÃO DA MAQUIAGEM
28829,CARREGADOR TURBO TIPO C. GABRIEL KAMP. AASF,GABRIEL CAMP
28830,FONE DE OUVIDO TIPO C. GABRIEL KAMP. AASF,GABRIEL CAMP
28831,GARRAFA INFANTIL DE PERSONAGENS. GABRIEL KAMP. AASF,GABRIEL CAMP
28837,COPO TERMICO REDONDO STANLEY. GABRIEL KAMP. AASF,GABRIEL CAMP
28839,GARRAFA RETRATIL COLORIDA. SCHUMACHER. AASF,SCHUMACHER
28841,CARTEIRA FEMININA VARIADAS. GABRIEL KAMP. AASF,GABRIEL CAMP
28842,TOP INF FEM C/ BOJO. SCHUMACHER. IA4SL,SCHUMACHER
28843,CALCINHA BOX INF IMPORTADO. SCHUMACHER. IA4SL,SCHUMACHER
28844,CALCINHA INF IMPORTADO. SCHUMACHER. IA4SL,SCHUMACHER
28845,CUECA BOX IMPORTADO. SCHUMACHER. IO4SL,SCHUMACHER
28846,CUECA INF IMPORTADO. SCHUMACHER. IO4SL,SCHUMACHER
28847,BOLSAS FEM VARIADAS. GABRIEL KAMP. AASF,GABRIEL CAMP
28848,BOLSAS FEM VARIADAS. GABRIEL KAMP. AASF,GABRIEL CAMP
28852,GARRAFA HORARIOS GRANDE. GABRIEL KAMP. AASF,GABRIEL CAMP
28853,GARRAFA HORARIOS MEDIA. GABRIEL KAMP. AASF,GABRIEL CAMP
28854,GARRAFA HORARIOS PEQUENA. GABRIEL KAMP. AASF,GABRIEL CAMP
28857,SUTIA DENISE LISO TOQUE SECRETO.FIBC,TOQUE SECRETO
28860,ELASTICO PARA CABELO NO TUBINHO. GABRIEL KAMP. AASF,GABRIEL CAMP
28861,PRENDEDOR PARA CABELO PEQUENO. FEIRAO DA MAQUIAGEM. AASF,FEIRÃO DA MAQUIAGEM
28862,XUXINHA SANFONA. FEIRAO DA MAQUIAGEM. AASF,FEIRÃO DA MAQUIAGEM
28863,BANDANA VARIADAS. GABRIEL KAMP. AASF,GABRIEL CAMP
28864,FITA ADESIVA LEVANTA SEIOS. GABRIEL KAMP. AASF,GABRIEL CAMP
28865,PORTA ALCOOL EM GEL. GABRIEL KAMP. AASF,GABRIEL CAMP
28866,ESCOVA DE CABELO ANTI-QUEBRA. FEIRAO DA MAQUIAGEM. AASF,FEIRÃO DA MAQUIAGEM
28867,DEPILADOR ELETRONICO DE SOBRANCELHAS. GABRIEL KAMP. AASF,GABRIEL CAMP
28868,PORTA CARTAO. GABRIEL KAMP. AASF,GABRIEL CAMP
28869,MINI PRENDEDORR VARIADOS. GABRIEL KAMP. AASF,GABRIEL CAMP
28876,BOLSA PARA PRESENTE VARIADAS VELCRO PP. GABRIEL KAMP. AASF,GABRIEL CAMP
28878,BOLSA PARA PRESENTE VARIADAS VELCRO P. GABRIEL KAMP. AASF,GABRIEL CAMP
28879,BOLSA PARA PRESENTE VARIADAS M. GABRIEL KAMP. AASF,GABRIEL CAMP
28880,BOLSA PARA PRESENTE VARIADAS VELCRO G. GABRIEL KAMP. AASF,GABRIEL CAMP
28881,SACO PARA PRESENTE VARIADOS M. GABRIEL KAMP. AASF,GABRIEL CAMP
28883,SACO PARA PRESENTE VARIADOS G. GABRIEL KAMP. AASF,GABRIEL CAMP
28884,TIARA PEROLA FINA. GABRIEL KAMP. AASF,GABRIEL CAMP
28887,BERMUDA MASC JEANS VARIADAS JEZZIAN .MJMS,JEZZIAN
28888,CALCA JEANS FEM CENOURA COM PEDRARIA. IDISE. FEPR,IDISE
28889,CALCA JEANS BARRA DOBRADA. IDISE. FEPR,IDISE
28890,CALCA JEANS BLACK COM BRILHO. IDISE. FEPR,IDISE
28891,CALCA WIDE LEG CRU. IDISE. FEPR,IDISE
28892,SAIA JEANS MID COM FENDA. IDISE. FEPR,IDISE
28893,CALCA JEANS PLUS BARRA DOBRADA. IDISE. FEPR,IDISE
28894,CALCA JEANS PLUS C/ ELASTANO. IDISE. FEPR,IDISE
28895,SHORT JEANS PLUS SIZE. IDISE. FEPR,IDISE
28896,SHORT JEANS PLUS DESTROYER. IDISE. FEPR.,IDISE
28913,KIT MEIA FEM LISA.HAD DO BRAZIL. AASF,HAD DO BRAZIL
28914,KIT MEIA INF LISA BRANCA. HAD DO BRAZIL. AASF,HAD DO BRAZIL
28929,REGATA DE COTTON LISA P/MG DAISA.FJAR,DAISA
29059,SHORT SAIA CURTO NEOPRENE.AGTEX.FJPR,AGTEX
29089,BATA VISCOLINHO MANGA VAZADA ESTAMPADA.AGTEX.FCPR,AGTEX
29135,KIT COLAR INFANTIL. GABRIEL KAMP. AASF,GABRIEL CAMP
29150,CALCA DUNA C/ NERVURA. ART LIMA. FCSL,ART LIMA
29152,BLUSA MORCEGO COM NO. ART LIMA. FCSL,ART LIMA
29155,BLUSA ELASTICO NA CINTURA. ART LIMA. FJSL,ART LIMA
29158,CALCA VISCOSE PANTALONA LISA. ART LIMA. FCSL,ART LIMA
29167,SHORT FEM LEVANTA BUMBUM IMPORTADO.FINA.FFAR,MINHA ESTAMPA
29168,NECESSAIRE M P/ VIAGEM. FEIRAO DA MAQUIAGEM. AASF,FEIRÃO DA MAQUIAGEM
29170,BLUSA FEM DRY C/ FENDA.JOJO.FFAR,JOABE
29172,BLUSA FEM M/M CANELADO.SEA SURF.FJAR,SEA SURF
29173,TOP FITNESS ALCA FINA POLIAMIDA .MINHA ESTAMPA.FFAR,MINHA ESTAMPA
29174,CONJUNTO FITNESS TOP NADADOR E SHORT POLIAMIDA.FINA.FFPR,MINHA ESTAMPA
29177,VESTIDO LONGO M/M ESTAMPADO.AME-SE.FCPR,AME -SE
29183,VESTIDO LONGO M/M LISO.AME-SE.FCPR,AME -SE
29188,MACACAO JULIANA DE ALCA VISCOSE SARJADA. CANDY BEE. FCPR,CANDY BEE
29207,BERMUDA MASC MAURICNHO C/CADARCO.CONI.MJPR,KONI JEANS
29208,CASACO FEM MOLETOM C/CAPUZ E PUXADOR.GOOD BLESS.FJAR,GOOD BLESS
29209,CASACO FEM MOLETOM C/ GOLINHA.GOOD BLESS.FJAR,GOOD BLESS
29210,VESTIDO DE MOLETOM C/CAPUZ E PUXADOR.GOOD BLESS.FJAR,GOOD BLESS
29211,CONJ MOLETOM FEM CROPPED M/M C/ SHORT.GOOD BLESS.FJAR,GOOD BLESS
29212,CONJUNTO MASC DE MOLETOM CAMISETA E SHORT.GOOD BLESS.MJAR,GOOD BLESS
29213,BRINCOS ARGOLAS PRATA + BELA FOLHEADOS. AASF,MAIS BELA FOLHEADOS
29214,PULSEIRAS VARIADAS PRATA + BELA FOLHEADOS. AASF,MAIS BELA FOLHEADOS
29215,SHOKER SIMPLES PRATA + BELA FOLHEADOS. AASF,MAIS BELA FOLHEADOS
29216,HOBBY MARVILA C/TULE.TOQUE SECRETO.FIPR,TOQUE SECRETO
29217,CONJUNTO INTIMO SAMANTHA. TOQUE SECRETO. FIPR,TOQUE SECRETO
29218,CONJUNTO INTIMO FEM MARCELIA. TOQUE SECRETO. FIPR,TOQUE SECRETO
29219,CONJUNTO INTIMO FEM DONATELLA. TOQUE SECRETO. FIPR,TOQUE SECRETO
29220,CONJUNTO INTIMO FEM DAMILA. TOQUE SECRETO. FIPR,TOQUE SECRETO
29221,CONJUNTO INTIMO FEM THAMARA. TOQUE SECRETO. FIPR,TOQUE SECRETO
29222,CONJUNTO INTIMO FEM JENIFFER. TOQUE SECRETO. FIPR,TOQUE SECRETO
29223,CONJUNTO INTIMO FEM KALIANE. TOQUE SECRETO. FIPR,TOQUE SECRETO
29224,BERMUDA JEANS COLLOR MASC. IDISE.MJPR,IDISE
29225,BERMUDA JEANS MASC C/ RASGO.IDISE.MJPR,IDISE
29227,JAQUETA JEANS MASC C/ BOLSOS.IDISE.MJPR,IDISE
29228,TOP FEM JEANS DE ALCA C/FLOR.IDISE.FEPR,IDISE
29229,SAIA CURTA JEANS C/ ZIPER.IDISE.FEPR,IDISE
29230,SAIA LONGA JEANS ESCURA C/FENDA.IDISE.FEPR,IDISE
29231,SAIA FEM JEANS C/BOLSO.IDISE.FEPR,IDISE
29232,SHORT FEM JEANS.IDISE.FEPR,IDISE
29233,SHORT FEM JEANS PLUS.IDISE.FEPR,IDISE
29234,BERMUDA FEM SUPLEX ESTAMPADA.FLOR DE PAULA .FFAR,FLOR DE PAULA
29235,CALCA MAS JEANS COLOR.IDISE.MJPR,IDISE
29236,CALCA MASC JEANS ELLEVE.IDISE.MJPR,IDISE
29237,CAMISETA MASC M/M.LEASH.MJPR,LEASH
29238,CAMISETA MASC M/M CARRO.LEASH.MJPR,LEASH
29239,CAMISETA MASC M/M OUTSIDER.LEASH.MJPR,LEASH
29240,CAMISETA MASC M/M MOTO.LEASH.MJPR,LEASH
29241,CAMISETA MASC M/M C/ CARROS.LEASH.MJPR,LEASH
29242,CAMISETA MASC M/M RESILIENCE.LEASH.MJPR,LEASH
29243,CAMISETA MASC M/M ESTONADA .LEASH.MCPR,LEASH
29244,CAMISETA MASC M/M ESTONADA.LEASH.MCPR,LEASH
29255,CAMISA MASC POLO PLUS M/M MALHA.HAR TEXTIL.MPPR,HAR TEXTIL
29256,CAMISA MASC POLO M/M MALHA.HAR TEXTIL.MCPR,HAR TEXTIL
29268,SHORT FEM DE SUEDE C/FIVELA E BOLSO.AGTEX.FJPR,AGTEX
29274,BLUSA FEM M/M CREPE C/AMARRACAO NA MANGA.AGTEX.FCAR,AGTEX
29279,MEIAS DIVERTIDAS MELANCIA VERMELHA.INAJA.AASF,INAJÁ
29280,MEIA DIVERTIDA CEREJA PRETA.INAJA.AASF,INAJÁ
29281,MEIAS DIVERTIDAS PINEAPPLE AZUL.INAJA.AASF,INAJÁ
29282,MEIAS DIVERTIDAS SUSHI WHITE.INAJA.AASF,INAJÁ
29283,MEIAS DIVERTIDAS ESCOCESA.INAJA.AASF,INAJÁ
29284,MEIAS DIVERTIDAS QUADRICULADA P&B.INAJA.AASF,INAJÁ
29285,MEIAS DIVERTIDAS RUN ROSA CANO ALTO.INAJA.AASF,INAJÁ
29286,MEIAS DIVERTIDAS RUN BRANCA CANO ALTO.INAJA.AASF,INAJÁ
29287,MEIAS DIVERTIDAS DUAS LISTRAS PRETAS.INAJA.AASF,INAJÁ
29288,MEIAS DIVERTIDAS MEIA LISTRAS.INAJA.AASF,INAJÁ
29289,MEIAS DIVERTIDAS CAVEIRA LISTRA P&B.INAJA.AASF,INAJÁ
29290,MEIAS DIVERTIDAS,INAJÁ
29291,MEIAS DIVERTIDAS FIVE COLLEGE,INAJÁ
29292,MEIAS DIVERTIDAS FLAMINGO.INAJA.AASF,INAJÁ
29293,MEIAS DIVERTIDAS CAVEIRA PRETOC/BRANCO.INAJA.AASF,INAJÁ
29294,MEIAS DIVERTIDAS CAVEIRA BRANCO C/ PRETO.INAJA.AASF,INAJÁ
29296,CALCA FEM FITNESS C/ FILETE. LIDERY. FFPR,LIDERY
29297,SHORT FEM FITNESS C/ FILETE.LIDERY. FFPR,LIDERY
29298,TOP FEM FITNESS C/ FILETE.LIDERY.FFPR,LIDERY
29299,REGATA FEM FITNESS DRY C/ LISTRAS.LIDERY.FFPR,LIDERY
29300,CALCA FEM FITNESS METALIZADA .LIDERY.FFPR,LIDERY
29301,SHORT FEM FITNESS METALIZADO.LIDERY.FFPR,LIDERY
29302,TOP FEM FITNESS METALIZADO C/ DUAS ALCAS.LIDERY.FFPR,LIDERY
29303,TOP FEM FITNESS METALIZADO CRUZADO.LIDERY.FFPR,LIDERY
29304,CALCA FEM FITNESS PLUS C/ FILETE.LIDERY.FFPR,LIDERY
29305,CALCA FEM FITNESS C/ RECORTE FEM.LIDERY.FFPR,LIDERY
29306,SHORT FEM FITNESS C/ RECORTE.LIDERY.FFPR,LIDERY
29307,TOP FEM FITNESS C/ RECORTE.LIDERY.FFR,LIDERY
29308,TOP FEM C/ RECORTES. LIDERY.FFPR,LIDERY
29309,CALCA FITNESS POLIAMIDA C/ BOLSO.LIDERY.FFPR,LIDERY
29310,SHORT FEM FITNESS POLIAMIDA C/ BOLSOS. LIDERY.FFPR,LIDERY
29313,TOP FITNESS ALCA DUPLA. LIDERY.FFPR,LIDERY
29314,TOP FITNESS LISO.LIDERY.FFPR,LIDERY
29315,CALCA FEM FITNESS POLIAMIDA C/RECORTE.LIDERY.FFPR,LIDERY
29316,SHORT FEM FITNESS POLIAMIDA .LIDERY.FFPR,LIDERY
29317,TOP FEM FITNESS POLIAMIDA TRANSPASSADO .LIDERY.FFPR,LIDERY
29318,TOP FEM FITNESS POLIAMIDA.LIDERY.FFPR,LIDERY
29320,CALCA FEM FITNESS POLIAMIDA.LIDERY.FFPR,LIDERY
29321,SHORT FEM FITNESS POLIAMIDA.LIDERY.FFPR,LIDERY
29322,TOP FEM FITNESS POLIAMIDA NADADOR .LIDERY.FFPR,LIDERY
29323,TOP FEM FITNESS DE ALCAPOLIAMIDA.LIDERY.FFPR,LIDERY
29324,TOP FEM FITNESS.LIDERY.FFPR,LIDERY
29326,BERMUDA MASC DE DRY S/FAIXA.SAQUINHO.MJAR,SAQUINHO
29327,CALCA FEM JO.BELA CHICCA.FCAR,BELA CHICCA
29328,CALCA FEM NILZA.BELA CHICCA.FCAR,BELA CHICCA
29329,BLUSA FEM MONICA.BELA CHICCA.FCAR,BELA CHICCA
29330,CALCA FEM DE LINHO ALICE.BELA CHICCA.FCAR,BELA CHICCA
29331,BLUSA FEM DE LINHO FLORA.BELA CHICCA.FCAR,BELA CHICCA
29332,SHORT FEM DE LINHO LAVINIA.BELA CHICCA.FCAR,BELA CHICCA
29333,BLUSA FEM CLARA.BELA CHICCA.FCPR,BELA CHICCA
29337,BLUSA FEM DEBORA.BELA CHICCA.FCPR,BELA CHICCA
29338,CALCA JEANS IINFANTIL C/FLORES.IDISE.IA4PR,IDISE
29339,CALCA JEANS JUVENIL.IDISE.MJPR,IDISE
29340,CALCA JEANS JUVENIL C/ RASGO.IDISE.FJPR,IDISE
29341,CALCA JEANS JUVENIL CORACAO.IDISE.IAPR,IDISE
29342,SHORT JEANS FEM DESFIADO.IDISE.FJPR,DECIZÃO
29344,SHORT DOLL C/DETALHES DE BOTOES.LINDA BELLA.FIAR,LINDA BELLA
29345,SHORT DOLL EM SUEDE.LINDA BELLA.FIAR,LINDA BELLA
29346,CALCA FEM FITNESS POLIAMIDA BASICA.LIDERY.FFPR,LIDERY
29348,BERMUDA FEM FITNESS POLIAMIDA BASICA.LIDERY.FIPR,LIDERY
29349,SUTIA SEM BOJO DE RENDA.VERSALLY.FIPR,VERSALLY
29350,SUTIA MICROFIBRA C/BOJO.VERSALLY.FIPR,VERSALLY
29351,SUTIA CROPPED DE BOJO C/RENDA.VERSALLY.FIPR,VERSALLY
29352,SUTIA C/ TULE E BOJO RENDADO.VERSALLY.FIPR,VERSALLY
29353,CALCINHA S/ELASTICO FIO DUPLO.VERSALLY.FIPR,VERSALLY
29356,CROPPED GOLA ALTA M/M CANELADO MESCLA.NILKAMP.FJAR,NILKAMP
29362,SUTIA S/ BOJO PLUS SIZE .VERSALLY.FPPR,VERSALLY
29363,SUTIA S/BOJO C/ RENDA PLUS .VERSALLY .FPPR,VERSALLY
29364,CONJUNTO INTIMUS PLUS SIZE MICROFIBRA C/RENDA.VERSALLY.FPPR,VERSALLY
29365,CALCINHA FEM C/RENDA PLUS SIZE.VERSALLY.FIPR,VERSALLY
29366,CONJUNTO INTIMUS ANGELICA.TOQUE SECRETO.FIPR,TOQUE SECRETO
29367,CONJUNTO INTIMUS BRUNA FIO DENTAL.TOQUE SECRETO.FIPR,TOQUE SECRETO
29368,SUTIA COM RENDA SUELLEN.TOQUE SECRETO.FIPR,TOQUE SECRETO
29369,SUTIA C/RENDA DRICA.TOQUE SECRETO.FIPR,TOQUE SECRETO
29370,COLETE FEM JEANS C/ FLORZINHA.DECIZAO.FEPR,DECIZÃO
29371,CALCA JEANS WIDE LEG BORDADA.DECIZAO.FEPR,DECIZÃO
29372,BERMUDA FEM CREME DESFIADA.DECIZAO.FEPR,DECIZÃO
29373,BERMUDA FEM JEANS CLARA S/COSTURA .DICIZAO.FEPR,DECIZÃO
29374,CAMISETA MASC HELANCA M/M.SCOPINO.MPAR,SCOPINO
29375,SHORT ANAGUA INTIMO C/RENDA PLUS.DUDA MEL.FIPR,DUDAMEL
29376,CAMISETA MASC M/M BASICA.ALEGORIA.MJAR,ALEGORIA
29377,SHORT ANAGUA INTIMO S/RENDA PLUS.DUDAMEL.FIPR,DUDAMEL
29378,SHORT ANAGUA INTIMO C/RENDA.DUDAMEL.FIPR,DUDAMEL
29379,KIT VIAGEM. GABRIEL KAMP. AASF,GABRIEL CAMP
29380,FACIAL CARE DEPILADOR. GABRIEL CAMP. AASF,GABRIEL CAMP
29382,KIT COSTURA DE VIAGEM. GABRIEL KAMP. AASF,GABRIEL CAMP
29383,SHORT FEM DE LIGANETE.CONCEITO.FCAR,CONCEITO
29384,FITA ADESIVA DUPLA FACE. GABRIEL KAMP. AASF,GABRIEL CAMP
29385,TRITURADOR DE ALHO. GABRIEL KAMP. AASF,GABRIEL CAMP
29386,MINI MIXER. GABRIEL KAMP. AASF,GABRIEL CAMP
29387,KIT PENEIRA C/3. GABRIEL KAMP. AASF,GABRIEL CAMP
29388,PORTA ESCOVA DE DENTE. GABRIEL KAMP. AASF,GABRIEL CAMP
29389,MEIA DE SILICONE PARA SAPATO. GABRIEL KAMP. AASF,GABRIEL CAMP
29390,FAIXA ELASTICA PARA EXERCIOS. GABRIEL KAMP. AASF,GABRIEL CAMP
29391,MUNHEQUEIRA AJUSTAVEL. GABRIEL KAMP. AASF,GABRIEL CAMP
29392,TIRA PELO LAVAVEL. GABRIEL KAMP. AASF,GABRIEL CAMP
29393,PEDRA DE JADE ROLO. GABRIEL KAMP. AASF,GABRIEL CAMP
29394,CROPPED FEM M/M COTTON.HANG..FJAR,HANG CONFECÇÕES
29395,PEDRA DE JADE SKIN CARE. GABRIEL KAMP. AASF,GABRIEL CAMP
29396,BOLSINHA DE ELASTICO INFANTIL. GABRIEL KAMP. AASF,GABRIEL CAMP
29397,PORTA JOIA ACESSORIO. GABRIEL KAMP. AASF,GABRIEL CAMP
29398,NECESSAIRE VARIADA. GABRIEL KAMP. AASF,GABRIEL CAMP
29399,ESPELHO C/ PENTE PARA BOLSA. GABRIEL KAMP. AASF,GABRIEL CAMP
29400,KIT PINCEL DE MAQUIAGEM. GABRIEL KAMP. AASF,GABRIEL CAMP
29401,DEPILADOR SENSITIVE PRECISION. GABRIEL KAMP. AASF,GABRIEL CAMP
29402,KIT AGULHA VARIADAS. GABRIEL KAMP. AASF,GABRIEL CAMP
29406,SHORT LIGANETE ESTAMPADO. FINA. FJSL,MINHA ESTAMPA
29407,BLUSA FEM MANGA JAPONESA PLUS.REACAO BRASIL.FPPR,REAÇÃO BRASIL
29408,SHORT FEM COM LISTRAS.REAL UNIAO.FCAR,REAL UNIÃO
29410,VESTIDO DE ALCA PLUS ESTAMPADO.GLOSS.FPAR,GLOSS MODA
29416,MINI MASSAGEADOR STICK RECARREGAVEL. FEIRAO DA MAQUIAGEM. AASF,FEIRÃO DA MAQUIAGEM
29417,PORTA PERFUME SPRAY RECARREGAVEL 5ML. FEIRAO DA MAQUIAGEM.AASF,FEIRÃO DA MAQUIAGEM
29418,ESPELHO DE BOLSA. FEIRAO DA MAQUIAGEM.AASF,FEIRÃO DA MAQUIAGEM
29419,CURVEX MODELADOR DE CILIOS EM METAL. FEIRAO DA MAQUIAGEM.AASF,FEIRÃO DA MAQUIAGEM
29420,NECESSAIRE DE VIAGEM C/ DIVISORIA. FEIRAO DA MAQUIAGEM.AASF,FEIRÃO DA MAQUIAGEM
29421,DEPILADOR DE CRISTAL INDOLOR. FEIRAO DA MAQUIAGEM.AASF,FEIRÃO DA MAQUIAGEM
29422,FRASCO SKIN CARE COM VALVULA ESPUMADORA 120ML. FEIRAO DA MAQUIAGEM.AASF,FEIRÃO DA MAQUIAGEM
29423,TIARA INFANTIL LACO GRANDE LUXO. FEIRAO DA MAQUIAGEM.AASF,FEIRÃO DA MAQUIAGEM
29424,PULSEIRAS MICANGAS FRUTINHAS. FEIRAO DA MAQUIAGEM.AASF,FEIRÃO DA MAQUIAGEM
29425,PRESILHA PEDRARIA VARIADAS. FEIRAO DA MAQUIAGEM.AASF,FEIRÃO DA MAQUIAGEM
29426,GARRAFA SQUEEZE MOTIVACIONAL HORAS 300ML. FEIRAO DA MAQUIAGEM.AASF,FEIRÃO DA MAQUIAGEM
29427,TIARA BEL.FEIRAO DA MAQUIAGEM.AASS,FEIRÃO DA MAQUIAGEM
29428,GARRAFA SQUEEZE MOTIVACIONAL HORAS 900ML. FEIRAO DA MAQUIAGEM.AASF,FEIRÃO DA MAQUIAGEM
29429,FAIXA DE CABELO BEBE FINA.FEIRAO DA MAQUIAGEM.AASF,FEIRÃO DA MAQUIAGEM
29430,BOLSA DE PAPEL DECORADA M. FEIRAO DA MAQUIAGEM.AASF,FEIRÃO DA MAQUIAGEM
29431,PULSEIRA INFANTIL DE MICANGA.FEIRAO DA MAQUIAGEM .AASF,FEIRÃO DA MAQUIAGEM
29432,BOLSA DE PAPEL DECORADA G. FEIRAO DA MAQUIAGEM.AASF,FEIRÃO DA MAQUIAGEM
29433,SACO PARA PRESENTE 15X29. FEIRAO DA MAQUIAGEM.AASF,FEIRÃO DA MAQUIAGEM
29434,SACO PARA PRESENTE 20X29. FEIRAO DA MAQUIAGEM.AASF,FEIRÃO DA MAQUIAGEM
29435,SACO PARA PRESENTE 25X36. FEIRAO DA MAQUIAGEM.AASF,FEIRÃO DA MAQUIAGEM
29436,ESCOVA POLVO. FEIRAO DA MAQUIAGEM.AASF,FEIRÃO DA MAQUIAGEM
29437,TESOURA APARADOR DE SOBRANCELHA.FEIRAO DA MAQUIAGEM.AASF,FEIRÃO DA MAQUIAGEM
29438,ESCOVA DE CABELO RAQUETE. FEIRAO DA MAQUIAGEM.AASF,FEIRÃO DA MAQUIAGEM
29439,PRESILHA LACO GRANDE LUXO. FEIRAO DA MAQUIAGEM.AASF,FEIRÃO DA MAQUIAGEM
29440,BRINCO RESINADO COLOR. FEIRAO DA MAQUIAGEM.AASF,FEIRÃO DA MAQUIAGEM
29441,BOLSA DE PRESENTE VELCRO M. FEIRAO DA MAQUIAGEM.AASF,FEIRÃO DA MAQUIAGEM
29442,SACO PARA PRESENTE 30X44. FEIRAO DA MAQUIAGEM.AASF,FEIRÃO DA MAQUIAGEM
29443,XUXINHA SCRUNCHIE FAIXA. FEIRAO DA MAQUIAGEM.AASF,FEIRÃO DA MAQUIAGEM
29444,FAIXA INFANTIL C/ ORELHA. FEIRAO DA MAQUIAGEM.AASF,FEIRÃO DA MAQUIAGEM
29445,FRASCO VIAGEM 2 PCS. FEIRAO DA MAQUIAGEM.AASF,FEIRÃO DA MAQUIAGEM
29446,PORTA COMPRIMIDO SEMANAL RETANGULAR. FEIRAO DA MAQUIAGEM.AASF,FEIRÃO DA MAQUIAGEM
29447,XUXINHA POMPOM.FEIRAO DA MAQUIAGEM.AASF,FEIRÃO DA MAQUIAGEM
29448,XUXINHA DE PANO.FEIRAO DA MAQUIAGEM.AASF,FEIRÃO DA MAQUIAGEM
29449,KIT MINI PIRANHA CARTELA C/10.FEIRAO DA MAQUIAGEM.AASF,FEIRÃO DA MAQUIAGEM
29450,RALO PARA PIA FLEXIVEL KIT C/2. FEIRAO DA MAQUIAGEM.AASF,FEIRÃO DA MAQUIAGEM
29451,"CORDA PARA MALHACAO 2,7CM. FEIRAO DA MAQUIAGEM.AASF",FEIRÃO DA MAQUIAGEM
29452,KIT MINI PIRANHA ACRILICO C/6.FEIRAO DA MAQUIAGEM.AASF,FEIRÃO DA MAQUIAGEM
29453,ESCOVAO PARA BANHO 33CM. FEIRAO DA MAQUIAGEM.AASF,FEIRÃO DA MAQUIAGEM
29454,LIXA DE PE 22CM. FEIRAO DA MAQUIAGEM.AASF,FEIRÃO DA MAQUIAGEM
29455,TIARA INFANTIL ORELHINHA FRUFRU.DEIRAO DA MAQUIAGEM.AASF,FEIRÃO DA MAQUIAGEM
29456,XUXINHA SCRUNCHIE C/2.FEIRAO DA MAQUIAGEM.AASF,FEIRÃO DA MAQUIAGEM
29457,XUXINHA SCRUNCHIE C/3.FEIRAO DA MAQUIAGEM.AASF,FEIRÃO DA MAQUIAGEM
29458,TIARA PEROLA SIMPLES.FEIRAO DA MAQUIAGEM.AASF,FEIRÃO DA MAQUIAGEM
29459,TIARA PEROLA LUXO.FEIRAO DA MAQUIAGEM.AASF,FEIRÃO DA MAQUIAGEM
29460,TIARA DE TECIDO VARIADAS.FEIRAO DA MAQUIAGEM.AASF,FEIRÃO DA MAQUIAGEM
29461,FAIXA PARA BEBE DE SEDA.FEIRAO DA MAQUIAGEM.AASF,FEIRÃO DA MAQUIAGEM
29462,KIT XUXINHA COM ORELHA.FEIRAO DA MAQUIAGEM.AASF,FEIRÃO DA MAQUIAGEM
29463,FITA BOOB TAPE.FEIRAO DA MAQUIAGEM,FEIRÃO DA MAQUIAGEM
29464,MINI XUXINHA C/50.FEIRAO DA MAQUIAGEM.AACS,FEIRÃO DA MAQUIAGEM
29465,PROTETOR DE MAMILO NIPPLE COVER.FEIRAO DA MAQUIAGEM.AASF,FEIRÃO DA MAQUIAGEM
29466,ESPONJA DE MAQUIAGEN PIZZA.FEIRAO DA MAQUIAGEM.AASF,FEIRÃO DA MAQUIAGEM
29467,ELASTICO DE CABELO SILICONE.FEIRAO DA MAQUIAGEM,FEIRÃO DA MAQUIAGEM
29468,KIT MINI PIRANHA CLIPS COLORIDA.FEIRAO DA MAQUIAGEM.AASF,FEIRÃO DA MAQUIAGEM
29469,ELASTICO DE SILICONE CARTELA. FEIRAO DA MAQUIAGEM. AASF,FEIRÃO DA MAQUIAGEM
29470,TERERE DE CABELO VARIADO. FEIRAO DA MAQUIAGEM. AASF,FEIRÃO DA MAQUIAGEM
29472,ESPONJA FOREO PARA MAKE. FEIRAO DA MAQUIAGEM. AASF,FEIRÃO DA MAQUIAGEM
29473,CALCA FEM DUNA ESTAMPADA. AGTEX. FCAR,AGTEX
29475,SAIA FEM PLISSADA.AGTEX.FJAR,AGTEX
29478,SAIA DE COURO LISA MID.AGTEX.FJPR,AGTEX
29487,VESTIDO MID SUPLEX C/FENDA.AGTEX.FJPR,AGTEX
29488,CALCA FEM CARGO IMPORTADA.AGTEX.FJAR,AGTEX
29489,SAIA FEM DE COURO CURTA.AGTEX.FJPR,AGTEX
29490,SAIA FEM DE COURO C/AMARRACAO.AGTEX.FJPR,AGTEX
29491,CALCA FEM CARGO IMPORTADA.AGTE.FJAR,AGTEX
29492,CALCA FEM CARGO IMPORTADA.AGTEX.FJRA,AGTEX
29498,CALCA FEM VISCOLYCRA PLUS SIZE.REACAO BRASIL.FPAR,REAÇÃO BRASIL
29499,CONJUNTO INTIMO JUVENIL.RG.FJAR,RG
29500,CAMISA DE ELASTANO M/M COM BOTOES. JEZZIAN. MCPR,JEZZIAN
29501,CALCA DE BRIM MASCULINA. JEZZIAN. MCPR,JEZZIAN
29502,BLUSA FEM P,FINA ESTAMPA
29503,BLUSA FEM M,FINA ESTAMPA
29507,BERMUDA FEM JEANS DESFIADA.LINDA BEL.FEPR,LINDA BEL
29509,VESTIDO DE ALCA PLUS SIZE LISO.GLOSS.FPPR,GLOSS MODA
29517,CALCA FEM CREPE FLARE C/BOLSO.AGTYEX.FJAR,AGTEX
29519,BLUSA FEM EM SUEDE C/AMARRACAO.AGTEX.FJAR,AGTEX
29520,SHORT FEM DE SUEDE C/AMARRACAO.AGTEX.FJAR,AGTEX
29532,BLUSA FEM M/L PLUS GOLA ALTA.SEMINAS.FPAR,SEMINAS
29533,BLUSA FEM PLUS GOLA ALTA.SEMINAS.FPAR,SEMINAS
29534,BERMUDA MASC DE ALFAIATARIA.KONI.MCPR,KONI JEANS
29536,BERMUDA MASC ALFAIATARIA.ALEGORIA.MCPR,ALEGORIA
29540,CAMISETA MASC M/M ESTAMPADA.CARIOCA SOUL.MJAR,CARIOCA SOUL
29543,CALCA FEM VISCOLINHO PLUS.AGTEX.FPAR,AGTEX
29545,REGATA MALHA MASC LISA.ALEGAM.MJAR,ALEGAM
29546,BOLSA FEM METALASSE TRIANGULO CHANEL .FEIRAO SA MAQUIAGEM.AASF,FEIRÃO DA MAQUIAGEM
29547,BOLSA FEM VARIADAS.FEIRAO DA MAQUIAGEM.AASF,FEIRÃO DA MAQUIAGEM
29548,BOLSA FEM VARIADAS.FEIRAO DA MAQUIAGEM.AASF,FEIRÃO DA MAQUIAGEM
29549,BOLSA FEM ALCA ENRRUGADA VARIADAS.FEIRAO DA MAQUIAGEM.AASF,FEIRÃO DA MAQUIAGEM
29550,BOLSA FEM VARIADAS.FEIRAO DA MAQUIAGEM.AASF,FEIRÃO DA MAQUIAGEM
29551,BOLSA FEM VARIADAS.FEIRAO DA MAQUIAGEM.AASF,FEIRÃO DA MAQUIAGEM
29552,BOLSA FEM VARIADAS.FEIRAO DA MAQUIAGEM.AASF,FEIRÃO DA MAQUIAGEM
29553,BOLSA FEM VARIADAS ENRRUGADA .FEIRAO DA MAQUIAGEM.AASF,FEIRÃO DA MAQUIAGEM
29554,BOLSA FEM VARIADAS.FEIRAO DA MAQUIAGEM.AASF,FEIRÃO DA MAQUIAGEM
29555,BOLSA FEM VARIADAS TRANSVERSAL .FEIRAO DA MAQUIAGEM.AASF,FEIRÃO DA MAQUIAGEM
29556,BOLSA FEM VARIADAS.FEIRAO DA MAQUIAGEM.AASF,FEIRÃO DA MAQUIAGEM
29557,BOLSA FEM VARIADAS QUADRADA.FEIRAO DA MAQUIAGEM.AASF,FEIRÃO DA MAQUIAGEM
29558,BOLSA FEM VARIADAS ALCA CORRENTE.FEIRAO DA MAQUIAGEM.AASF,FEIRÃO DA MAQUIAGEM
29559,BOLSA FEM VARIADAS.FEIRAO DA MAQUIAGEM.AASF,FEIRÃO DA MAQUIAGEM
29560,BOLSA FEM METALASSE OVAL .FEIRAO DA MAQUIAGEM.AASF,FEIRÃO DA MAQUIAGEM
29561,BOLSA FEM METALASSE LOSANGO.FEIRAO SA MAQUIAGEM.AASF,FEIRÃO DA MAQUIAGEM
29562,CONJUNTO FEM INTIMO DANILA.CALIFORNIA.FIPR,CALIFORNIA
29563,SUTIA FEM THAIS C/RENDA.CALIFORNIA.FIAR,CALIFORNIA
29564,SUTIA COSTA NUA ALCA DE SILCONE.CALIFORNIA.FIPR,CALIFORNIA
29565,SUTIA CONFORTO BABI.CALIFORNIA.FIPR,CALIFORNIA
29566,CONJUNTO FEM C/RENDA.CALOFORNIA.FIPR,CALIFORNIA
29567,CONJINTO INTIMO JADI.CALIFORNIA.FIPR,CALIFORNIA
29568,SUTIA FLOR C/RENDA PLUS SIZE.CALIFORNIA.FIPR,CALIFORNIA
29569,SUTIA JULIA.CAIFORNIA.FIPR,CALIFORNIA
"2,96E+04",SUTIA BIA.CALIFORNIA.FIPR,CALIFORNIA
"2,96E+04",SUTIA LIVIA.CALIFORNIA.FIPR,CALIFORNIA
29572,CAMISETA MASC M/M DRY BASQUETE.SAQUINHO.MJAR,SAQUINHO
29573,KIT MEIAS INVISIVEL BRANCA.ALTOMAX.AASF,ALTO MAX
29574,KIT MEIA INVISIVEL BRAMCA/PRETA/CINZA.ALTOMAX.AASF,ALTO MAX
29575,KIT MEIA INFANTIL BRENCO/RETO/CINZA 28-33.ALTOMAX.AASF,ALTO MAX
29576,KIT MEIA INF MENINA 28-33.ALTOMAX.AASF,ALTO MAX
29577,CINTO QUADRADO COLOR. GABRIEL KAMP. AASF,GABRIEL CAMP
29578,TOUCA DE CETIM BASICA. GABRIEL KAMP. AASF,GABRIEL CAMP
29579,KIT CALCINHA BRANCO/PRETO/BEGE.ALTOMAX.AASF,ALTO MAX
29580,BOLSA MARMITA. GABRIEL KAMP. AASF,GABRIEL CAMP
29581,KIT CALCINHA BEGE/ROSA/BORDO.ALTOMAX.AASF,ALTO MAX
29582,KIT MEIA INF MENINO 28-33.ALTOMAX.AASF,ALTO MAX
29585,KIT CALCONHA BIQUINI SALMAO/BEGE/LILAS.ALTOMAX.AASF,ALTO MAX
29589,BONE LISO BASICO.FEIRAO DA MAQUIAGEM.AASF,FEIRÃO DA MAQUIAGEM
29590,BONE NEW NY.FEIRAO DA MAQUIAGEM.AASF,FEIRÃO DA MAQUIAGEM
29591,BOLSA FEM METALASSE QUADRADA.FEIRAO DA MAQUIAGEM.AASF,FEIRÃO DA MAQUIAGEM
29593,SHORT DOOL CANELADO.LINDA BELLA.FIAR,LINDA BELLA
29594,TOUCA TOALHA DE SECAR CABELO.FEIRAO DA MAQUIAGEM.AASF,FEIRÃO DA MAQUIAGEM
29595,KIT VIAGEM ESTOJO 5 PCS.FEIRAO DA MAQUIAGEM.AASF,FEIRÃO DA MAQUIAGEM
29596,GUARDA CHUVA INFANTIL.GABRIEL KAMP.AASF,GABRIEL CAMP
29597,GUARDA CHUVA TRANSPARENTE. GABRIEL KAMP. AASF,GABRIEL CAMP
29598,SHORT FEM DE VISCOLINHO.MINHA ESTAMPA .FPAR,MINHA ESTAMPA
29599,KIT BICO DE PATO INFANTIL.FEIRAO DA AMQUIAGEM.AASF,FEIRÃO DA MAQUIAGEM
29600,DEPILADOR DE PELOS NOSE E EAR.FEIRAO DA MAQUIAGEM.AASF,FEIRÃO DA MAQUIAGEM
29601,BOLSA SILICONE UNICORNIO.FEIRAO DA MAQUIAGEM.AASF,FEIRÃO DA MAQUIAGEM
29602,BICO DE PATO PLASTICO C/12.FEIRAO DA MAQUIAGEM.AASF,FEIRÃO DA MAQUIAGEM
29603,GARRAFA INFANTIL PERDONAGENS.FEIRAO DA MAQUIAGEM.AASF,FEIRÃO DA MAQUIAGEM
29604,KIT ESPONJA SKIN DIVERSAS.FEIRAO DA MAQUIAGEM.AASF,FEIRÃO DA MAQUIAGEM
29605,ESPONJA FRUTINHAS.FEIRAO DA MAQUIAGEM.AASF,FEIRÃO DA MAQUIAGEM
29606,BLUSA M/M GOLA V BASICA MALHA PREMIUM. GOODBLESS. FJMS,GOOD BLESS
29607,GARRAFA SQUEEZER INFINITY NEON 600 ML.FEIRAO DA MAQUIAGEM.AASF,FEIRÃO DA MAQUIAGEM
29608,NECESSAIRE WASH BAG P.FEIRAO DA MAQUIAGEM.AASF,FEIRÃO DA MAQUIAGEM
29609,TOALHA DE BANHO LISA IMPORTADA.CLARITTA,RIOS
29610,TOALHA DE BANHO ESTAMPADA IMPORTADA,RIOS
29611,BOLSA DE PRESENTE VELCRO PP.FEIRAO DA MAQUIAGEM.AASF,FEIRÃO DA MAQUIAGEM
29612,MINI XUXINHA C/30.FEIRAO DA MAQUIAGEM.AASF,FEIRÃO DA MAQUIAGEM
29613,BLUSA FEM M/M GOLA V CANELADA.IRODRIGUES.FJAR,IRODRIGUES
29615,CALCA FEM VISCOLYCRA C/PUNHO.IRODRIGUES.FJAR,IRODRIGUES
29621,REGATA MASC BASQUETE.MINI ART.MJAR,MINI ART
29622,CAMISETA MASC DRY M/M BASQUETE.MINI ART.MJAR,MINI ART
29627,CALCA FEM DE CREPE ESTAMPADA.MUNDO MIX.FCAR,MUNDO MIX
29630,BERMUDA MASC MALHA CHIMPA 3 CORES.B STAR.MJAR,B STAR -BACCI
29631,CALCA JEANS MASC ADULTO BASICA SLIM.NITRIX.MJMS,NITRIX
29632,CALCA JEANS MASC ADULTO SKINNY.NITRIX.MJMS,NITRIX
29633,CALCA JEANS MASC ADULTO SLIM.NITRIX.MJMS,NITRIX
29634,CALCA JEANS MASC ADULTO SKINNY.NITRIX.MJOR,NITRIX
29635,CALCA JEANS MASC ADULTO SLIM.NITRIX.MJPR,NITRIX
29636,CALCA JEANS MASC ADULTO SKINNY.NITRIX.MJPR,NITRIX
29637,CALCA JEANS MASC ADULTO SKINNY PRETA.NITRIX.MJPR,NITRIX
29638,BERMUDA INFANTIL.NITRIX.IO4PR,NITRIX
29639,BERMUDA JUVENIL.NITRIX.MJUPR,NITRIX
29640,SUTIA BASIC C/BOJO IMPORTADO.SEA SURF.FIPR,SEA SURF
29641,"SUTIA BASIC SEM COSTURA IMPORTADO.SEA SURF,FIPR",SEA SURF
29642,CALCINHA BASIC S/COSTURA IMPORTADA..SEA SURF.FIPR,SEA SURF
29643,CALCINHA BASIC IMPORTADA.SEA SURF.FIBC,SEA SURF
29644,VESTIDO CANELADO DE ALCA MID COM FENDA.BCC.FJAR,BCC
29645,SHORT FEM CANELADO COS C/ELASTICO.BCC.FCAR,BCC
29646,CROPPED FEM VISCOLYCRA M/L.BCC.FJAR,BCC
29647,FRASCO SKIN CARE C/ VALCULA ESPUMADA 200ML.FEIRAO DA MAQUIAGEM.AASF,FEIRÃO DA MAQUIAGEM
29648,LIP GLOSS FRUTAS PINK 21.FEIRAO DA MAQUIAGEM.AASF,FEIRÃO DA MAQUIAGEM
29650,CALCA PANTALONA C/FENDA.GLOSS.FCAR,GLOSS MODA
29651,CALCA PANTALONA MONTARIA.GLOSS.FCAR,GLOSS MODA
29652,VESTIDO GOLA ALTA MID CANELADO M/M.GLOSS.FJAR,GLOSS MODA
29657,VESTIDO LONGO DE ALCA FINA CANELADO .GLOSS.FJAR,GLOSS MODA
29658,CONJUNTO INTIMO DE RENDA C/CORACAO LUNA.VINI.FIPR,VINI
29659,CONJUNTO INTIMO LENA TOP C/RENDA CORACAO S/BOJO.VINI.FIPR,VINI
29660,CONJUNTO INTIMO LAIANE RENDA CORACAO C/BOJO.VINI.FIPR,VINI
29661,CONJUNTO INTIMO LAILA RENDA CORACAO C/BOJO.VINI.FIPR,VINI
29662,CAMISOLA RENDA CORACAO LILY.VINI.FIPR,VINI
29663,HOBBY C/RENDA CORACAO BEBEL.VINI.FIPR,VINI
29664,BABY DOOL JANE.VINI.FIPR,VINI
29665,CAMISOLA NAOMI C/RENDA.VINI.FIPR,VINI
29670,BERMUDA SUPLEX LISA.FLOR DE PAULA.FFAR,FLOR DE PAULA
29671,REGATA FEM DE ALCA FINA PLUS.MINHA ESTAMPA.FPAR,MINHA ESTAMPA
29674,CONJUNTO DE LIGANETE REGATA E BERMUDA .FLOR DE PAULA.FCAR,FLOR DE PAULA
29675,SAIA DE VISCOLINHO 3 MARIAS.ART LIMA.FCAR,ART LIMA
29676,BLUSA FEM GOLA ALTA M/M CANELADA.MINHA ESTAMPA.FJAR,MINHA ESTAMPA
29677,BERMUDA MASC MAURICINHO.FABIO.MJAR,FABIO
29680,CALCA FEM LEG RAJADA.FLOR DE PAULA.FJAR,FLOR DE PAULA
29685,SHORT FEM FITNES CANELADO IMPORTADO .MINHA ESTAMPA .FFAR,MINHA ESTAMPA
29686,TOP FEM ALFAIATARIA .MINHA ESTAMPA.FJAR,MINHA ESTAMPA
29688,SHORT FEM ALFAIATARIA C/BOLSO.AGTEX.FJPR,AGTEX
29690,VESTIDO MID M/M SUPLEX.AGTEX.FJPR,AGTEX
29691,CALCA FEM JOGGER CIRRE.AGTEX.FJPR,AGTEX
29693,TOP ALCA FINA DE CIRRE.AGTEX.FJPR,AGTEX
29695,SAIA CURTA ANA RUGA.AGTEX.FJPR,AGTEX
29696,CALCA FEM PANTALONA C/BOLSO CANELADA.AGTEX.FJPR,AGTEX
29697,BLUSA FEM M/M DE AMARRAR PICOCA.AGTEX.FCAR,AGTEX
29698,CALCA FEM DE ALFAIATARIA COM BOTOES.AGTEX.FJPR,AGTEX
29703,BLUSA FEM CANELADA GOLA REDONDA . ALEGAM.FJAR,ALEGAM
29704,CROPPED GOLA ALTA M/M SUEDE ALEGAM.FJAR,ALEGAM
29705,CALCA FEM CARGO IMPORTADA.AGTEX.FJAR,AGTEX
29706,CALCA FEM LEG ESPORTIVA CANELADA.MINHA ESTAMPA.FFAR,MINHA ESTAMPA
29707,SHORT FEM CANELADO IMPORTADO.MINHA ESTAMPA.FFAR,MINHA ESTAMPA
29708,REGATA FEM CANELADA IMPORTADA .MINHA ESTAMPA.FJAR,MINHA ESTAMPA
29709,TOP FAIXA CANELADO IMPORTADO TMQ.MINHA ESTAMPA.FJAR,MINHA ESTAMPA
29710,BLUSA FEM CANELADA WAKANDA.MINHA ESTAMPA.FJAR,MINHA ESTAMPA
29711,TOP FEM SEM COSTURA DE ALCA.MINHA ESTAMPA.FJAR,MINHA ESTAMPA
29712,TOP FEM SEM COSTURA TMQ.MINHA ESTAMPA.FJAR,MINHA ESTAMPA
29713,CALCINHA SEM COSTURA COM BABADINHO.MINHA ESTAMPA.FIBC,MINHA ESTAMPA
29714,CALCOLA BASIC IMPORTADA LISA .SEA SURF.FIBC,SEA SURF
29715,REGATA FEM NADADOR CANELADA IMPORTADA.STULE BOX.FJAR,STYLE BOX
29716,REGATA FEM GOLA ALTA CANELADA IMPORTADA.STYLE BOX.FJAR,STYLE BOX
29717,CROPPED FEM ALCA LARGA CANELADA IMPORTADA.STYLE BOX.FJAR,STYLE BOX
29718,TOP FEM ALCA CANELADO.STYLE BOX.FJAR,STYLE BOX
29719,REGATA FEM CANELADA DIAGONAL.SYLE BOX.FJAR,STYLE BOX
29720,REGATA FEM CANELADA DIAGONAL .STYLE BOX.FJAR,STYLE BOX
29721,REGATA FEM FITNESS DRY.MINHA ESTAMPA.FFAR,MINHA ESTAMPA
29723,VESTIDO LONGO DE ALCA C/FENDA.BELA CHICCA.FCPR,BELA CHICCA
29724,BLUSA FEM DE ALCA DANY VISCOLINHO.BELA CHICCA.FCPR,BELA CHICCA
29725,SHORT FEM DE ALFAIATARIA.BELA CHICCA.FCPR,BELA CHICCA
29726,VESTIDO LONGO SARA DE VISCOSE C/LASTEX.BELA CHICCA.FCPR,BELA CHICCA
29727,BLUSA FEM REGATA DE VISCOLINHO .BELA CHICCA.FCPR,BELA CHICCA
29728,BLUSA FEM M/M DE VISCOLINHO.BELA CHICCA.FCPR,BELA CHICCA
29729,COPO ACRILICO PARA CAFE TRANSPARENTE C/ TAMPA SIDWAY.AASF,SIDWAY
29730,BAG MASCULINA C/ BOLSO.SIDWAY.AASF,SIDWAY
29731,MOCHILA INFANTIL PELUCIADA SIDWAY,SIDWAY
29732,BAG MASCULINA.SIDWAY.AASF,SIDWAY
29733,BOLSA UNICORNIO INFANTIL SIDWAY,SIDWAY
29734,BAG MASC C/2 BOLSO.SIDWAY.AASF,SIDWAY
29735,FAIXA DE CABELO DIVERDOS P/ MAKE SIDWAY.AASF,SIDWAY
29736,NECESSAIRE MASC C/LISTRA.SIDWAY.AASF,SIDWAY
29737,NECESSAIRE MASC XADREZ.SIDWAY.AA SF,SIDWAY
29738,CARTEIRA MASC COURO SINTETICO SIDWAY,SIDWAY
29739,NECESSAIRE MASC COURO SINTETICO.SIDWAY.AASF,SIDWAY
29740,KIT 3 NECESSAIRE FEM TRANSPARENTE SIDWAY,SIDWAY
29741,CINTO MASCULINO SIDWAY.AASF,SIDWAY
29742,NECESSAIRE FEM PELUCIADA SIDWAY,SIDWAY
29743,NECESSAIRE FEM PELUCIADA CORACAO.SIDWAY.AASF,SIDWAY
29744,NECESSAIRE FEM PELUCIADA SIDAWAY,SIDWAY
29745,NECESSAIRE FEM .SIDWAY.AASF,SIDWAY
29746,BOLSA FEMININA SIDWAY.AASF,SIDWAY
29747,SHORT MASC DE HELANCA.SAQUINHO.MJAR,SAQUINHO
29748,CONJUNTO FEM INTIMO MONICA.TOQUE SECRETO.FIPR,TOQUE SECRETO
29749,MULLET C/FENDA PLUS SIZE.JRA.FPAR,JRA MARCELO
29750,BLUSA FEM MUSCLE.JRA.FCAR,JRA MARCELO
29751,BABY LOOK ESTAMPADA GOLA REDONDA.JRA.FCAR,JRA MARCELO
29752,BABY LOOK LISA GOLA V .JRA.FCAR,JRA MARCELO
29753,SACO DE PRESENTE LISO E ESTAMPADO.LILI.AASF,LILI
29754,MEIA ARRASTAO VERMELHA.GABRIEL KAMP.AASF,GABRIEL CAMP
29755,MEIA ARRASTAO DOURADA.GABRIEL KAMP.AASF,GABRIEL CAMP
29756,MEIA ARRASTAO GRANDE.GABRIEL KAMP.AASF,GABRIEL CAMP
29757,MEIA ARRASTAO MEDIA.GABRIEL KAMP.AASF,GABRIEL CAMP
29758,MEIA ARRASTAO PEQUENA.GABRIEL KAMP.AASF,GABRIEL CAMP
29759,MEIA ARRASTAO COM RENDA.GABRIEL KAMP.AASF,GABRIEL CAMP
29762,BLUSA BASICA C/ELASTICO.AME-SE.FJPR,AME -SE
29763,BLUSA FEM BASICA C/ELASTICO.AME-SE.FJPR,AME -SE
29764,VESTIDO LONGO REGATA.AME-SE.FCPR,AME -SE
29765,VESTIDO LONGO REGATA LISO .AME-SE.FCPR,AME -SE
29766,BLUSA FEM MANGA SINO ESTAMPADA.AME-SE.FCPR,AME -SE
29767,BLUSA DEM MANGA SINO LISA.AME-SE.FCPR,AME -SE
29768,KIMONO ESTAMPADO PLUS.AME-SE.FPPR,AME -SE
29769,KIMONO LISO PLUS.AME-SE.FPPR,AME -SE
29770,MACACAO PANTACURT ESTAMPADO.AME-SE.FPPR,AME -SE
29771,MACACAO PANTACURT LISO.AME-SE.FPPR,AME -SE
29772,BLUSA DEM MANGA DE SINO.AME-SE.FPPR,AME -SE
29773,BLUSA FEM MANGA DE SINO.AME-SE.FCPR,AME -SE
29774,CROPPED FEM REGATA ESTAMPADO.AME-SE.FPPR,AME -SE
29775,CROPPED FEM REGATA LISA.AME-SE.FPPR,AME -SE
29776,COBERTOR MANTA LISA/ESTAM.CAMESA. AASF,CAMESA
29777,GARRAFA DE VIDRO 280 ML. SIDWAY. AASF,SIDWAY
29778,COPO ACRILICO COFFEE CUP 350 ML. SIDWAY. AASF,SIDWAY
29779,CALCA LEGGING BASICA WAVE. LIDERY. FFPR,LIDERY
29780,MACAQUINHO JACA FRENTE UNICA.LIDERY.FFPR,LIDERY
29781,TOP ALCINHA TONES. LIDERY.FIPR,LIDERY
29782,SHORT TONES RECORTE BRILHOSO. LIDERY.FFPR,LIDERY
29783,SHORT FEM C/RECORTE METALIZADO.LIDERY.FFPR,LIDERY
29784,SACO DE PRESENTE LISO E ESTAMPADO 25X36. LILI. AASF,LILI
29785,CALCA FEM FITNESSC/RECORTE METALIZADO.LIDERY.FFPR,LIDERY
29786,TOP FEM FITINESS C/ RECORTE.LIDERY.FFPR,LIDERY
29787,TOP FEM FITNESS C/ RECORTE.LIDERY.FFPR,LIDERY
29788,SACO DE PRESENTE LISO E ESTAMPADO 35X45. LILI. AASF,LILI
29789,CALCA FEM FITNESS PLUS C/ LISTRA.LIDERY.FFPR,LIDERY
29790,SHORT FEM FITNESS PLUS C/ LISTRA.LIDERY.FFPR,LIDERY
29791,TOP FEM FOTNESS PLUS C/ LISTRA. LIDERY. FFPR,LIDERY
29792,TOP FEM FITNESS PLUS BASICO.LIDERY.FFPR,LIDERY
29794,TOP PALAS TONES. LIDERY.FFPR,LIDERY
29795,CALCA FEM FITNESS POLIAMIDA.LIDERY.FFPR,LIDERY
29796,SHORT FEM FITNESS.LIDERY.FFPR,LIDERY
29797,SHORT FEM FITNESS.LIDERY.FFPR,LIDERY
29798,SHORT FITNESS POLIAMIDA. FINA. FFPR,MINHA ESTAMPA
29799,SHORT FEM TRANSPASSADO FRONTAL.MODA LOKA.FJPR,MODA LOKA
29800,CROPPED FEM COM ARGOLA.MOA LOKA.FJPR,MODA LOKA
29801,VESTIDO MIDI COM AMARRACAO.MODA LOKA.FJPR,MODA LOKA
29802,MACAQUINHO ALCA LARGA C/CINTO CORDA.MODA LOKA.FJPR,MODA LOKA
29803,CALCA FEM CPM CADARCO.MODA LOKA.FJPR,MODA LOKA
29804,BOLSA FEM.SIDWAY.AASF,SIDWAY
29805,BOLSA FEM.SIDWAY.AASF,SIDWAY
29806,TOP FEM ALCA C/CADARCO.MODA LOKA.FJPR,MODA LOKA
29808,CALCA FEM FITNESS.LIDERY.FFPR,LIDERY
29809,VESTIDO LISTRADO ALCA FINA C/REGULAGEM.MODA LOKA.FJPR,MODA LOKA
29810,COLETE ASSIMETRICO LISTRADO.MODA LOKA.FJPR,MODA LOKA
29811,SEMI CROPPED LISTRADO.MODA LOKA.FJPR,MODA LOKA
29812,T-SHIRT COM TUNEL NA BARRA.MODA LOKA.FJPR,MODA LOKA
29813,SHORT FEM ESTAMPADO C/ CINTO CADARCO.NODA LOKA.FJPR,MODA LOKA
29814,KIMONO AMPLO ESTAMPADO.MODA LOKA.FJPR,MODA LOKA
29815,SAIA MIDI ESTAMPADA.MODA LOKA.FJPR,MODA LOKA
29816,CROPPED FEM ESTAMPADO C/ COLISSE.MODA LOKA.FJPR,MODA LOKA
29817,TOP FEM LISO DE ALCA.MODA LOKA.FJPR,MODA LOKA
29818,BOLSA DE PRESENTE VELCRO P.FEIRAO DA MAQUIAGEM.AASF,FEIRÃO DA MAQUIAGEM
29819,BLUSA M/M GOLA REDONDA BASICA MALHA PREMIUM.GOODBLESS .FJAR,GOOD BLESS
29820,CALCA FEM JEANS DIVERSAS.WONE.FEAR,WONE
29823,BLUSA FEM M/M CANELADA GOLA V.MINHA ESTAMPA.FJAR,MINHA ESTAMPA
29825,BLUSA FEM M/M PLUS CANELADA GOLA V.MINHA ESTAMPA.FPAR,MINHA ESTAMPA
29826,REGATA MASC SILK CLASSIC .LEASH.MJPR,LEASH
29827,KIMONO ESTAMPADO.AME-SE.FJAR,AME -SE
29828,KIMONO LISO.AME-SE.FCAR,AME -SE
29829,BOLSINHA DE XUXINHA INF. GABRIEL KAMP. AASF,GABRIEL CAMP
29830,CAMISETA C/ BOLSO.AGATHOS.MJPR,AGATHOS
29831,CAMISETA M/M MASCULINA.AGATHOS.MJPR,AGATHOS
29832,CAMISETA MASCULINA M/M.AGATHOS.MJPR,AGATHOS
29833,CAMISETA MASCULINA M/M.AGATHOS.MJPR,AGATHOS
29834,REGATA M/M DE MALHA.AGATHOS.MJPR,AGATHOS
29835,REGATA M/M DE MALHA MASC.AGATHOS.MJPR,AGATHOS
29836,BERMUDA MOLETOM LISTRA FINA.AGATHOS.MJPR,AGATHOS
29837,BERMUDA MASC DE MOLETOM LINHO FAKE.AGATHOS.MJPR,AGATHOS
29838,BERMUDA MOLETOM REC LATERAL.AGATHOS.MJPR,AGATHOS
29839,ESFOLIANTE CORPORAL 3 em 1. GABRIEL KAMP. AASF,GABRIEL CAMP
29840,REGATA MASC BASICA C/ SILK REGULAR.LEASH.MJPR,LEASH
29841,REGATA MASC SUP SURFING.LEASH.MJPR,LEASH
29842,REGATA MASC MACHAO.LEASH.MJPR,LEASH
29843,CAMISA MASC BASICA PLUS.LEASH.MJPR,LEASH
29844,"CAMISETA MASC PLUS C/BOLSO.LEASH,MPPR",LEASH
29845,CAMISETA MASC ESTONADA PARADISE.LEASH.MJPR,LEASH
29846,CAMISETA MASC ESTONADA HIGHTLIGHTS.LEASH.MJPR,LEASH
29847,CAMISETA MASC COM SILK REGULAR.LEASH.MJPR,LEASH
29848,CAMISETA MASC COM SILK.LEASH.MJPR,LEASH
29849,CAMISETA MASC COM SILK REGULAR.LEASH.MJPR,LEASH
29850,CAMISETA MASC SURFBOARDS.LEASH.MJPR,LEASH
29851,CAMISETA MASC CREATE NEW PATHS.LEASH.MJPR,LEASH
29852,CAMISETA MASC DISCONNECT.LEASH.MJPR,LEASH
29854,REGATA MASC MACHAO CONVICTION.LEASH.MJPR,LEASH
29855,CAMISETA MASC MINDSET.LEASH.MJPR,LEASH
29856,REGATA MASC CAVADA BREAKING.LEASH.MJPR,LEASH
29857,REGATA MASC TROPCS.LEASH.MJPR,LEASH
29858,REGATA MASC FIGHTING BACK.LEASH.MJPR,LEASH
29859,VISEIRA FEM SPORT.FEIRAO DA MAQUIAGEM.AASF,FEIRÃO DA MAQUIAGEM
29860,BONE LISO DRY FIT.FEIRAO DA MAQUIAGEM.AASF,FEIRÃO DA MAQUIAGEM
29862,CAMISETA MASC M/M LISTRADA.LEASH.MJPR,LEASH
29863,CAMISETA MASC JUVENIL LISTRADA.LEASH.O4PR,LEASH
29864,CAMISETA M/M INFANTIL LISTRADA.LEASH.O4PR,LEASH
29865,CAMISETA FEM JUVENIL LISTRADA.LEASH.A4PR,LEASH
29866,CAMISETA FEM INFANTIL LISTRADA.LEASH.A4PR,LEASH
29867,CAMISETA MASC ADULTO ALTO RELEVO.LEASH.MJPR,LEASH
29868,CAMISETA MASC JUVENIL ALTO RELEVO.LEASH.O4PR,LEASH
29869,CAMISETA MASC INFANTIL ALTO RELEVO.LEASH.O4PR,LEASH
29870,CAMISETA M/M FEM JUVENIL ALTO RELEVO.LEASH.A4PR,LEASH
29871,CAMISETA FEM INFANTIL ALTO RELEVO.LEASH.A4PR,LEASH
29872,CROPPED FEM JUVENIL ALTO RELEVO.LEASH.A4PR,LEASH
29873,CROPPED FEM INFANTIL ALTO RELEVO.LEASH.A4PR,LEASH
29874,CROPPED FEM JUVENIL LISTRADO.LEASH.A4PR,LEASH
29875,CROPPED FEM INFANTIL.LISTRADA.LEASH.A4PR,LEASH
29876,VESTIDO M/M MID ESTONADO.LEASH.FJPR,LEASH
29877,VESTIDO MID REGATA ESTONADO.LEASH.FJPR,LEASH
29878,VESTIDO REGATA CURTO ESTONADO.LEASH.FJPR,LEASH
29879,VESTIDO M/M CURTO ESTONADO ABACAXI.LEASH.FJPR,LEASH
29880,CROPPED M/M BLUSE C/ELASTICO.LEASH.FJPR,LEASH
29881,REGATA FEM NADADOR ESTONADO.LEASH.FJPR,LEASH
29882,BLUSA CROPPED FEM C/BOLSO.LEASH.FJPR,LEASH
29883,CROPPED FEM VIVE LA VIE.LEASH.FJPR,LEASH
29884,CROPPED M/M PINEAPLE.LEASH.FJPR,LEASH
29885,CROPPED FEM CALIFORNIA.LEASH.FJPR,LEASH
29886,CROPPED FEM NEVER STOP.LEASH.FJPR,LEASH
29887,REGATA FEM MUSCLE ESTONADA.LEASH.FJPR,LEASH
29888,REGATA FEM MUSCLE TRUE LOVE ESTONADA.LEASH.FJPR,LEASH
29889,REGATA FEM MUSCLE CHERRY ESTONADA.LEASH.FJPR,LEASH
29890,REGATA FEM MUSCLE ESTONADA.LEASH.FJPR,LEASH
29891,CAMISETA FEM OVERSIZED BASICA.LEASH.FJPR,LEASH
29892,BLUSA FEM OVERSIZED SPACE.LEASH.FJPR,LEASH
29893,CONJUNTO INTIMO SABRINA.TOQUE SECRETO.FIPR,TOQUE SECRETO
29894,CONJUNTO INTIMO LIZ SEM BOJO.TOQUE SECRETO.FIPR,TOQUE SECRETO
29895,CAMISOLA HORTENCIA.TOQUE SECRETO.FIPR,TOQUE SECRETO
29896,SUTIA LAVINIA.TOQUE SECRETO.FIPR,TOQUE SECRETO
29897,SUTIA PLUS SIZE.TOQUE SECRETO.FIPR,TOQUE SECRETO
29898,SUTIA JULIETA.TOQUE SECRETO.FIPR,TOQUE SECRETO
29899,BLUSA M/M FEM ALTO RELEVO ADULTO.LEASH.FJPR,LEASH
29900,BLUSA FEM LISTRADA ADULTO.LEASH.FJPR,LEASH
29901,BLUSA JUVENIL OVERSIZED.LEASH.FJPR,LEASH
29902,CALCA FEM JEANS VARIADAS.DERICK JEANS.FEMS,DERICK JEANS
29903,BABY DOLL ESTAMPADO.RUANTEX.FIAR,RUANTEX
29904,CAMISOLA ESTAMPADA.RUANTEX.FIAR,RUANTEX
29905,CUECA BOXER THOR DE COTTON.THOR.MISF,THOR
29906,BLUSA FEM M/M CANELADA GOLA ALTA.MINHA ESTAMPA.FJAR,MINHA ESTAMPA
29907,REGATA FEM CANELADA GOLA ALTA.MINHA ESTAMPA.FJAR,MINHA ESTAMPA
29908,BLUSA FEM M/M SUEDE C/BABADO.AGTEX.FCAR,AGTEX
29909,SHORT FEM ZARA DE ALFAIATARIA PLUS .AGTEX.FPPR,AGTEX
29910,SHORT FEM ALFAIATARIA PLUS.AGTEX.FPPR,AGTEX
29911,LENCO DEMAQUILANTE SUPER PODERES VARIADOS. GABRIEL KAMP,GABRIEL CAMP
29912,BOLSINHA DE ELASTICO P/ CABELO INF. GABRIEL KAMP,GABRIEL CAMP
29913,PORTA CARTAO COM ID DE AUTISMO. GABRIEL KAMP,GABRIEL CAMP
29914,KIT MODELADOR NATURAL DE CACHOS. GABRIEL KAMP. AASF,GABRIEL CAMP
29915,KIT COLAR INFANTIL C/ PULSEIRA. GABRIEL KAMP. AASF,GABRIEL CAMP
29916,KIT PINCA + EXTRATOR DE ACNE E CRAVOS. GABRIEL KAMP. AASF,GABRIEL CAMP
29917,SACO DE XUXINHA C/12. GABRIEL KAMP. AASF,GABRIEL CAMP
29918,KIT SKIN CARE 9 PCS. GABRIEL KAMP. AASF,GABRIEL CAMP
29919,ESPATULA ESFOLIANTE PARA SKIN CARE. GABRIEL KAMP. AASF,GABRIEL CAMP
29920,ESPATULA ESFOLIANTE PARA SKIN CARE PATA DE GATO. GABRIEL. AASF,GABRIEL CAMP
29921,TAPA OLHO PARA DORMIR COM GEL. GABRIEL KAMP. AASF,GABRIEL CAMP
29922,CALCA JEANS MASC VARIADAS.KDORE.MEAR,KDORE
29923,SHORT JEANS FEM VARIADOS.KDORE.FEAR,KDORE
29924,BERMUDA JEANS FEM VARIADAS.KDORE.FEAR,KDORE
29926,BABY DOLL DE ALCA C/ RENDA SUEDE ESTAMPADO.TO NA MODA.FIAR,TO NA MODA
29928,CROPPED REGATA FORRADO CANELADO.TO NA MODA.FJAR,TO NA MODA
29929,TOP REGATA FEM BICOLOR.TO NA MODA.FJAR,TO NA MODA
29930,BABY DOLL EM SUEDE DE ALCA.DIAS FASHION.FIAR,DIAS FASHION
29931,CROPPED FEM EVELIN PLUS ALCA FORRADO.DIAS FASHION.FPAR,DIAS FASHION
29932,CUECA BOXER MASCULINA.RUANTEX.MIBC,RUANTEX
29933,CAMISA MASC UV.JRA.MJAR,JRA MARCELO
29934,SHORT FEM FITNESS LEVANTA BUMBUM.MINHA ESTAMPA.FFAR,MINHA ESTAMPA
29935,PO BANANA DISPLAY.MIA MAKE.AASF,MIA MAKE
29936,BASE LIQUIDA ANTIOXIDANTE CORES CLARAS.MIA MAKE.AASF,MIA MAKE
29937,BASE LIQUIDA ANTIOXIDANDE CORES MEDIAS.MIA MAKE.AASF,MIA MAKE
29938,BASE LIQUIDA ANTIOXIDANTE CORES ESCURAS.MIA MAKE.AASF,MIA MAKE
29939,CORRETIVO LIQUIDO ANTIOXIDANTE VANILLA CLARO.MIA MAKE.AASF,MIA MAKE
29940,CORRETIVO LIQUIDO ANTIOXIDANTE BEGE MEDIO.MIA MAKE.AASF,MIA MAKE
29941,ILUMIINADOR BRILHO DAS FADAS.MIA MAKE.AASF,MIA MAKE
29942,CAMISA MASC M/M PINCELADA.ALEGAM.MJAR,ALEGAM
29943,REGATA MASC INFANTIL PINCELADA.ALEGAM.MO4AR,ALEGAM
29944,CAMISA MASC INF M/M PINCELADA.ALEGAM.MO4AR,ALEGAM
29945,ILUINADOR ABACAXI SALADA MISTA.MIA MAKE.AASF,MIA MAKE
29946,BLUSH MORANGUETE.MIA MAKE.AASF,MIA MAKE
29947,CORRETIVO SERUM HIDRATANTE.MIA MAKE.AASF,MIA MAKE
29948,TRIO DE ILUMINADOR BAKED ACUCAR DOURADO.MIA MAKE.AASF,MIA MAKE
29949,ILUMINADOR BAKED PEROLA.MIA MAKE.AASF,MIA MAKE
29950,MASCARA DE CILIOS MILAGROSA.MIA MAKE.AASF,MIA MAKE
29951,FIX E ANTIFRIZZ GEL INCOLOR.MIA MAKE.AASF,MIA MAKE
29952,MASCARA DE CILIOS LOVE.MIA MAKE.AASF,MIA MAKE
29953,GEL INCOLOR FIXADOR.MIA MAKE.AASF,MIA MAKE
29954,CANETA DE SOBRANCELHAS COPACABANA BROW.MIA MAKE.AASF,MIA MAKE
29955,SOMBRA BRILHO BRASILEIRO.MIA MAKE.AASF,MIA MAKE
29956,LIP TINT.MIA MAKE.AASF,MIA MAKE
29957,CANDY LIPS LIP OIL C/D-PANTHENOL.MIA MAKE.AASF,MIA MAKE
29958,GLOSS BOCAO LOVE TRANSPARENTE.MIA MAKE.AASF,MIA MAKE
29959,LIP GLOSS GALAXIA.MIA MAKE.AASF,MIA MAKE
29960,LIP BALM CHOCOMENTA.MIA MAKE.AASF,MIA MAKE
29961,LIP OIL RAIOS DE SOL.MIA MAKE.AASF,MIA MAKE
29962,LIP BALM FEITICARI.MIA MAKE.AASF,MIA MAKE
29963,BALM STATUS AVATAR.MIA MAKE.AASF,MIA MAKE
29964,LIP GLOSS UPDATE.MIA MAKE.AASF,MIA MAKE
29965,BALM CACTO TEENMIA MAKE.AASF,MIA MAKE
29966,BALM SPINNER TEEN.MIAMAKE.AASF,MIA MAKE
29967,BALM RELOGIO TICTAC.NIAMAKE.AASF,MIA MAKE
29968,LIP BALM REI DAS FRUTAS.MIA MAKE.AASF,MIA MAKE
29969,LIP GLOW OLI GUMMY.MIA MAKE.AASF,MIA MAKE
29970,GLOSS MEU PICOLE COLORIDO.MIA MAKE.AASF,MIA MAKE
29971,GLOSS PUMP VOLUMIZADOR.MIA MAKE.AASF,MIA MAKE
29972,GEL TINT TATTOO GUMMY.MIA MAKE.AASF,MIA MAKE
29973,GLOSS NA CASQUINHA.MIA MAKE.AASF,MIA MAKE
29974,LIP OIL SALADA MISTA.MIA MAKE.AASF,MIA MAKE
29975,SABONETE PARA OLIOSIDADE.MIA MAKE.FREE,MIA MAKE
29976,OLEO DE ROSA MOSQUETA.MIA MAKE.AASF,MIA MAKE
29977,FIX S.O.S BLINDAGEM.MIA MAKE.AASF,MIA MAKE
29978,SABONETE MOUSSE DE LIMPEZA CORACAO.MIA MAKE.AASF,MIA MAKE
29979,SABONETE MOUSSE FLOR CALENDULA+LAVANDA.MIA MAKE.AASF,MIA MAKE
29980,BRUMA MATTE FIXADORA GUMMY.MIA MAKE.AASF,MIA MAKE
29981,PRIMER EFEITO PORCELANA.MIA MAKE.AASF,MIA MAKE
29982,CAMISA MASC POLO.PONTO DA CAMISETA,PONTO DA CAMISETA
29983,BABY DOLL M/M DE SUEDE.TO NA MODA.FIAR,TO NA MODA
29984,BLUSA FEM SUEDE MANGA JAPONESA.ALEGAM.FCMS,ALEGAM
29985,VESTIDO MID M/M ESTAMPADO.BCC.FPAR,BCC
29986,SHORT MASC DE JOGADOR DRY.JOAO DO NORTE.MJAR,JOAO DO NORTE
29987,REGATA MASC DRY.JOAO dO NORTE.MJAR,JOAO DO NORTE
29988,SHORT FEM TWILL COM AMARRACAO.FOCUS.FJAR,FOCUS
29989,KIT MECHAS COLORIDAS.GABRIEL KAMP.AASF,GABRIEL CAMP
29990,TOUCA PROTETORA PARA BANHO.GABRIEL KAMP.AASF,GABRIEL CAMP
29991,KIT PINCEL COM 5.GABRIEL KAMP.AASF,GABRIEL CAMP
29992,XUXINHA COM LACO DE TECIDO.GABRIEL KAMP.AASF,GABRIEL CAMP
29993,KIT TIARA +LACO.GABRIEL KAMP.AASF,GABRIEL CAMP
29994,CHAVEIRO 3D.GABRIEL KAMP.AASF,GABRIEL CAMP
29995,SHORT MASC TACTEL.SS.MJAR,SS
29998,CALCA FEM LEVANTA BUMBUM.MINHA ESTAMPA.FFAR,MINHA ESTAMPA
29999,CAMISETA MASC M/M MALHA 100% PIMA.KENATEX.MJPR,KENATEX
30000,SHORT FEM FITNESS IMPORTADO LEVANTA BUMBUM.FFAR,MINHA ESTAMPA
30001,CINTO MASC DE COURO.GABRIEL KAMP.AASF,GABRIEL CAMP
30002,CINTO MASC DE COURO NA CAIXINHA.GABRIEL KAMP.AASF,GABRIEL CAMP
30003,CAMISETA MASC M/M MOLETINHO ESSENTIALS.GOOD BLESS.MJAR,GOOD BLESS
30004,BERMUDA MASC DE MOLETOM.GOOD BLESS.MJAR,GOOD BLESS
30005,CROPPED FEM CANELADO IMPORTADO C/ BOJO.SEA SURF.FJPR,SEA SURF
30006,CROPPED FEM NADADOR CANELADO IMPORTADO.SEA SURF.FJPR,SEA SURF
30007,REGATA FEM CANELADA IMPORTADA NADADOR.SEA SURF.FJPR,SEA SURF
30008,BOLSA FEM COM FUNDO TERMICO.SCHUMACHER.AASF,SCHUMACHER
30009,BOLSA FEM POCHET.SCHUMACHER.AASF,SCHUMACHER
30010,REGATA FEM NADADOR COM GOLA.SEA SURF.FJAR,SEA SURF
30011,REGATA FEM ALCA LARGA CANELADA IMPORTADA.SEA SURF.FJAR,SEA SURF
30012,CROPPED FEM ALCA REGULAVEL CANELADA IMPORTADA.SEA SURF.FJPR,SEA SURF
30013,REGATA FEM CANELADA PLUS.SEMINAS.FPAR,SEMINAS
30014,BERMUDA MASC DRY.MINHA ESTAMPA.MJAR,MINHA ESTAMPA
30015,SHORT FEM DE DUNA C/ 2 BOTOES.CHIC.FJAR,CHIC
30016,VESTIDO BICOLOR NADADOR.FREITAS E DIAS.FJAR,FREITAS E DIAS
30017,CALCA FEM PANTALONA DUNA C/NERVURA.CHIC.FJAR,CHIC
30018,SHORT FEM DUNA COM ZIPER.CHIC.FJAR,CHIC
30019,VESTIDO FEM M/M DE BABADO.CHIC.FCAR,CHIC
30020,CALCA FEM DE DUNA THAIS LISA .CHIC.FCAR,CHIC
30021,CALCA FEM VISCOSE THAIS ESTAMPADA.CHIC.FCAR,CHIC
30022,CONJUNTO FEM INTIMO LARISSA.TOQUE SECRETO.FIPR,TOQUE SECRETO
30023,CALCINHA ANITA.TOQUE SECRETO.FIPR,TOQUE SECRETO
30024,ESFOLIANTE CORPORAL.GABRIEL KAMP.AASF,GABRIEL CAMP
30025,"CINTO DE FIVELA,GABRIEL KAMP.AASF",GABRIEL CAMP
30026,SUTIA TOMARA QUE CAIA C/ RENDA LETICIA .TOQUE SECRETO.FIPR,TOQUE SECRETO
30027,CONJUNTO INTIMO PLUS KARINY.TOQUE SECRETO.FIPR,TOQUE SECRETO
30028,CONJUNTO INTIMO PLUS DENISE.TOQUE SECRETO.FIPR,TOQUE SECRETO
30029,CONJUNTO INTIMO PLUS DORA.TOQUE SECETO.FIPR,TOQUE SECRETO
30030,CAMISOLA PLUS SIZE COM RENDA.TOQUE SECRETRO.FIPR,TOQUE SECRETO
30031,SUPORTE PARA CARRO.FEIRAO DA MAQUIAGEM.AASF,FEIRÃO DA MAQUIAGEM
30032,RELOGIO PULSEIRA DE COURO.FEIRAO DA MAQUIAGEM.AASF,FEIRÃO DA MAQUIAGEM
30033,RELOGIO DE PULSEIRA FURADA .FEIRAO DA MAQUIAGEM.AASF,FEIRÃO DA MAQUIAGEM
30034,RELOGIO MASC BASICO.FEIRAO DA MAQUIAGEM.AASF,FEIRÃO DA MAQUIAGEM
30035,REGATA MASC DE MOLETOM.GOOD BLESS.MJAR,GOOD BLESS
30036,BERMUDA MASC DE MOLETOM.GOOD BLESS.MJAR,GOOD BLESS
30037,SHORT SAIA COM BOTOES.AGTEX.FJPR,AGTEX
30038,SAIA CARGO TIPO COURO.AGTEX.FJPR,AGTEX
30039,SHORT FEM ALFAIATARIA COM CINTO.AGTEX.FJPR,AGTEX
30040,CALCA FEM TIPO COURO C/AMARRACAO.AGTEX.FJAR,AGTEX
30041,SHORT FEM DE ALFAIATARIA CARGO.AGTEX.FJPR,AGTEX
30042,BLUSA FEM PLUS VISCOYCRA GOLA V LISA .MINHA ESTAMPA.FCAR,MINHA ESTAMPA
30043,ESCOVA DE CABELO COM ORELHA DO MICKEY.FINA.GABRIEL KAMP.AASF,GABRIEL CAMP
30044,CHAVEIRO COM LETRA E PEROLA.GABRIEL KAMP.AASF,GABRIEL CAMP
30045,BRINCO ARGOLINHA DE ACO VARIADAS.GABRIEL KAMP.AASF,GABRIEL CAMP
30046,BERMUDA DE ALFAIATARIA.MCPR.JEZZIAN,JEZZIAN
30047,ESCOVA DE CABELO RAQUETE.GABRIEL KAMP.AASF,GABRIEL CAMP
30049,SUTIA PLUS SIZE SEM BOJO.VERSALLY.FIPR,VERSALLY
30050,SUTIA LISO BOJO REMOVIVEL SEM FECHO.VERSALLY.FIPR,VERSALLY
30051,CALCINHA FIO DUPLO BASICA.VERSALLY.FIPR,VERSALLY
30052,CALCINHA FIO DUPLO C/ BICO DE RENDA.VERSALLY.FIPR,VERSALLY
30053,CALCINHA COM BABADOS DE RENDA NA CINTURA.VERSALLY.FIPR,VERSALLY
30054,CALCINHA COM MICROFIBRA EM RENDA NAS LATERAIS.VERSALLY.FIPR,VERSALLY
30055,TOP COM BOJO REMOVIVEL C/FRANZIMENTO FRONTAL.VERSALLY.FIPR,VERSALLY
30056,SUTIA CONFORT CANELADO .CALIFORNIA.FIPR,CALIFORNIA
30057,SITIA NADADOR COM BOJO.CALIFORNIA.FIPR,CALIFORNIA
30058,SUTIA PARAISO COM BOJO.CALIFORNIA.FIPR,CALIFORNIA
30059,SUTIA MARINES COM RENDA.CALIFORNIA.FIPR,CALIFORNIA
30060,SUTIA FLOR LISO PLUS.CALIFORNIA.FIPR,CALIFORNIA
30061,"SUTIA FLOR DE RENDA PLUS,CALIFORNIA.FIPR",CALIFORNIA
30062,SUTIA IZABELA COM RENDA.CALIFORNIA.FIPR,CALIFORNIA
30063,SUTIA JULIA S/BOJO.CALIFORNIA.FIPR,CALIFORNIA
30064,BLUSA FEM NADADOR JUVENIL CANELADO IMPORTADO.SEA SURF.FI4AR,SEA SURF
30065,REGATA NADADOR JUVENIL CANELADA IMPORTADO.SEA SURF.IA4AR,SEA SURF
30066,REGATA JUVENIL CANELADA IMPORTADA.SEA SURF.IA4AR,SEA SURF
30067,SHORT JEANS INFANTIL 4A8.IDISE.IA4PR,IDISE
30068,SHORT JEANS INFANTIL S/COSTURA 4A8.IDISE.IA4PR,IDISE
30069,SHORTJEANS INFANTIL C/FLORES.IDISE.IA4PR,IDISE
30070,SHORT JEANS JUVENIL COM RASGO.IDISE.IA4PR,IDISE
30071,SHORT JEANS JUVENIL DESFIADO S/COSTURA 10AO16.IDISE.IA4PR,IDISE
30072,SHORT JEANS JUVENIL C/FLORES.IDISE.IA4PR,IDISE
30073,CALCA COLLOR INFANTIL 4A8.IDISE.IA4PR,IDISE
30074,CALCA JEANS INFANTIL 4A8 LAVAGEM CLARA.IDISE.IA4PR,IDISE
30075,CALCA JEANS INFANTIL COM RASGO.IDISE.IA4PR,IDISE
30076,CALCA JEANS INFANTIL.IDISE.IA4PR,IDISE
30077,CALCA JEANS JUVENIL COLOR 10A16.IDISE.IA4PR,IDISE
30078,CALCA JEANS JUVENIL WIDE LEG.ELLEVE.IA4PR,IDISE
30079,CALCA JEANS JUVENIL MOM.IDISE.IA4PR,IDISE
30080,CALCA JEANS JUVENIL.IDISE.IA4PR,IDISE
30081,CALCA MASC SOCIAL TRADICIONAL RETA.SEA SURF.MCPR,SEA SURF
30082,CALCA MASC SARJA ELASTANO ESPORTE FINO.SEA SURF.MCPR,SEA SURF
30083,CALCA MASC SOCIAL SLIM SARJA C/ELASTANO ESPORTE FINO.SEA SURF.MCPR,SEA SURF
30084,CALCA MASC POLIESTER COM ELASTANO.SEA SURF.MCPR,SEA SURF
30085,CAMISETA MASC M/M UV.SEA SURF.MJPR,SEA SURF
30086,CAMISETA MASC M/L UV.SEA SURF.MJPR,SEA SURF
30087,CALCA MASC SARJA C/ELASTANO.SEA SURF.MJPR,SEA SURF
30088,CALCA MASC MICROFIBRA C/ELASTANO.SEA SURF.MCPR,SEA SURF
30089,BERMUDA MASC CARGO MICROFIBRAC/ELASTANO.SEA SURF.MCPR,SEA SURF
30090,BERMUDA MASC MURICINHO MICROFIBRA C/ELASTANO.SEA SURF.MJPR,SEA SURF
30091,BERMUDA MASC MAURICINHO C/ ELASTANO .SEA SUF.MJAR,SEA SURF
30092,SHORT MASC MAURICINHO MICROFIBRA C/ELASTANO.SEA SURF.MJAR,SEA SURF
30093,SACOLA PARA PRESENTE P. LILI. AASF,LILI
30094,SACOLA PARA PRESENTE M. LILI. AASF,LILI
30095,SHORT TACTEL FEM INFANTIL.IA4SL.ALTERACAO,ALTERAÇÃO
30096,SHORT TACTEL FEM JUVENIL.IJSL.ALTERACAO,ALTERAÇÃO
30097,SHORT SUBLIMADO MASC INFANTIL.IA4SL.ALTERACAO,ALTERAÇÃO
30098,SHORT SUBLIMADO MASC JUVENIL.MJSL.ALTERACAO,ALTERAÇÃO
30099,CALCINHA IMPORTADA CANELADA. FIBC. MINHA ESTAMPA,MINHA ESTAMPA
30100,CALCINHA IMPORTADA TEXTURIZADA.FIBC.MINHA ESTAMPA,MINHA ESTAMPA
30101,REGATA INFANTIL.ZHOR.IO4PR.,ZHOR (SJ TEXTIL)
30102,REGATA INFANTIL BEACH.ZHOR. IO4PR,ZHOR (SJ TEXTIL)
30103,REGATA INFANTIL.ZHOR.IO4PR,ZHOR (SJ TEXTIL)
30104,REGATA JUVENIL MASC.ZHOR.MJPR,ZHOR (SJ TEXTIL)
30105,REGATA JUVENIL MASC.ZHOR.MJPR,ZHOR (SJ TEXTIL)
30106,REGATA INFANTIL MASC.ZHOR.MJPR,ZHOR (SJ TEXTIL)
30107,REGATA JUVENIL MASC ESTAMPADA.ZHOR.MJPR,ZHOR (SJ TEXTIL)
30108,CAMISETA M/M JUVENIL MENINO.ZHOR.MJPR,ZHOR (SJ TEXTIL)
30109,CAMISETA M/M JUVENIL MENINO.ZHOR.MJPR,ZHOR (SJ TEXTIL)
30110,CAMISETA M/M JUVENIL MENINO.ZHOR.MJPR,ZHOR (SJ TEXTIL)
30111,CAMISETA M/M JUVENIL MENINO.ZHOR.MJPR,ZHOR (SJ TEXTIL)
30112,CAMISETA M/M MASC.ZHOR.MJPR,ZHOR (SJ TEXTIL)
30113,CAMISETA M/M MASC.ZHOR.MJPR,ZHOR (SJ TEXTIL)
30114,CAMISETA M/M MASC.ZHOR.MJPR.,ZHOR (SJ TEXTIL)
30115,CAMISETA M/M MASC.ZHOR.MJPR,ZHOR (SJ TEXTIL)
30116,CAMISETA M/M MASC.ZHOR.MJPR,ZHOR (SJ TEXTIL)
30117,CAMISETA M/M MASC.ZHOR.MJPR,ZHOR (SJ TEXTIL)
30118,CAMISETA M/M JUVENIL..ZHOR.MJPR,ZHOR (SJ TEXTIL)
30119,CAMISETA M/M JUVENIL.ZHOR.MJPR,ZHOR (SJ TEXTIL)
30120,MACACAO MARIANA.BELA CHICCA.FCSL,BELA CHICCA
30121,VESTIDO CIGANA.BELA CHICCA.FCSL,BELA CHICCA
30122,MACACAO ELLA FEM.BELA CHICCA.FCSL,BELA CHICCA
30123,VESTIDO FEM CHARLOTTE.BELA CHICCA.FCSL,BELA CHICCA
30124,BERMUDA FEM GIOVANA.BELA CHICCA.FCSL,BELA CHICCA
30125,BLUSA ESTAMPADA GIOVANA.BELA CHICCA.FCSL,BELA CHICCA
30126,BLUSA FEM MIA.BELA CHICCA.FCSL,BELA CHICCA
30127,CROPPED FEM AURORA.BELA CHICCA.FCSL,BELA CHICCA
30128,CAMISA M/M ESTAMPADA VISCOSE.BY FOR MEN.MCPR,BY FOR MEN
30129,CAMISA M/M ESTAMPADA MASC.BY FOR MEN.MCPR,BY FOR MEN
30130,CAMISA M/M ESTAMP VISCOSE MASC.BY FOR MEN.MCPR,BY FOR MEN
30131,CAMISA M/M ESTAMPADA LINHO.BY FOR MEN.MCPR,BY FOR MEN
30132,CAMISA M/M MASC.BY FOR MEN.MCPR,BY FOR MEN
30133,CAMISA M/M MASC.BY FOR MEN.MCPR,BY FOR MEN
30134,CAMISA M/M MASC.BY FOR MEN.MCPR,BY FOR MEN
30135,CONJUNTO REGATA C/ SHORT MOLETINHO JUVENIL.GOOD BLESS.IOJSL,GOOD BLESS
30136,CONJUNTO CAMISA M/M C/ BERMUDA JUVENIL.GOOD BLESS.MJSL,GOOD BLESS
30137,BERMUDA MOLETINHO JUVENIL.GOOD BLESS.MJSL,GOOD BLESS
30138,CAMISA M/M BASICA JUVENIL.GOOD BLESS.IO4SL,GOOD BLESS
30139,SHORT FEM MOLETINHO C/ BOLSO.GOOD BLESS.IAJMS,GOOD BLESS
30140,CROPPED FEM M/M BASICO.GOOD BLESS.IAJMS,GOOD BLESS
30141,BLUSA M/M BASICA JUVENIL FEM.GOOD BLESS.IAJPR,GOOD BLESS
30142,BERMUDA MASC LISTRADA.AFORTUNADOS.MCPR,AFORTUNADOS
30143,BERMUDA MASC JEANS AREIA .AFORTUNADOS.MEPR,AFORTUNADOS
30144,CALCA JEANS BASICA ELASTANO. ELLEVE. FEPR,ELLEVE
30145,KIT PULSEIRA INFANTIL.GABRIEL KAMP.AASF,GABRIEL CAMP
30146,KIT 3 ESPONJAS PARA MAQUIAGEM. GABRIEL. AASF,GABRIEL CAMP
30147,BODY SPLASH MISS LARY. GABRIEL KAMP. AASF,GABRIEL CAMP
30148,QUARTETO DE CONTORNO. GABRIEL KAMP. AASF,GABRIEL CAMP
30149,QUARTETO DE BLUSH ULTRA FINO. GABRIEL KAMP. AASF,GABRIEL CAMP
30150,LIP GLOSS VOLUMOSO. GABRIEL KAMP. AASF,GABRIEL CAMP
30151,CALCA JEANS C/ DETALHE.DECIZAO.FEPR,DECIZÃO
30152,CALCA COLOR CARGO FEM.DECIZAO.FEPR,DECIZÃO
30153,CALCA JEANS ZARA.DECIZAO.FEPR,DECIZÃO
30154,CALCA JEANS BASICA C/ ELASTANO. ELLEVE.FEPR,ELLEVE
30155,CALCA JEANS BASICA C/ ELASTANO.ELLEVE.FEPR,ELLEVE
30156,SHORT JEANS BASICO SEM BAINHA.ELLEVE.FEPR,ELLEVE
30157,SHORT JEANS BASICO BAINHA DESFIADA.ELLEVE.FEPR,ELLEVE
30158,SHORT JEANS BASICO PLUS SIZE. ELLEVE. FEPR,ELLEVE
30159,SHORT JEANS BASICO C/ DESFIADO PLUS SIZE. ELLEVE.FEPR,ELLEVE
30160,CALCA JEANS CARGO.DECIZAO.FEPR,DECIZÃO
30161,SHORT JEANS BASICO PINCELADO PLUS SIZE. ELLEVE.FEPR,ELLEVE
30162,CALCA JEANS BASICA MASCULINA. ELLEVE. MEPR,ELLEVE
30163,SAIA LONGA C/ FENDA.DECIZAO.FEPR,DECIZÃO
30164,BERMUDA JEANS MASC BASICO. ELLEVE.MEPR,ELLEVE
30165,SHORT JEANS DESFIADO SEM BAINHA. IDISE. FEPR,IDISE
30166,SHORT JEANS C/ ILHOS E CINTO. IDISE. FEPR,IDISE
30167,SAIA LONGA C/ FENDA.DECIZAO.FEPR,DECIZÃO
30168,CALCA JEANS SKINNY C/ ELASTANO. IDISE. FEPR,IDISE
30169,SAIA CURTA JEANS ESCURA.DECIZAO.FEPR,DECIZÃO
30170,CALCA JEANS SKINNY C/ ELASTANO. IDISE. FEPR,IDISE
30171,SAIA CURTA JEANS CLARA.DECIZAO.FEPR,DECIZÃO
30172,SHORT SAIA BLACK C/ BOLSO.DECIZAO.FEPR,DECIZÃO
30173,SAIA CURTA C/ PREGAS.DECIZAO.FEPR,DECIZÃO
30174,BERMUDA JORTS FEM JEANS.DECIZAO.FEPR,DECIZÃO
30175,SHORT JEANS C/ RESPINGO.DECIZAO.FEPR,DECIZÃO
30176,SHORT JEANS FEM ESTAMPADO.DECIZAO.FEPR,DECIZÃO
30177,SHORT JEANS C/ ELASTICO.DECIZAO.FEPR,DECIZÃO
30178,SHORT JEANS BORDADO.DECIZAO.FEPR,DECIZÃO
30179,CROPPED JEANS TOMARA QUE CAIA C/ REGULAGEM.DECIZAO.FEPR,DECIZÃO
30180,TOP JEANS C/ ALCA LARGA.DECIZAO.FEPR,DECIZÃO
30181,TOMARA QUE CAIA JEANS C/ BOTOES.DECIZAO.FEPR,DECIZÃO
30182,MACAQUINHO JEANS.DECIZAO.FEPR,DECIZÃO
30183,LIP TINT DP. MIA MAKE. AASF,MIA MAKE
30184,BLUSA BATA DUNA PIPOCA ALCA DE AMARRACAO. VAGALUME. IA4SL,VAGALUME
30185,SHORT DUNA PIPOCA C/ BOTAO. VAGALUME. IA4SL,VAGALUME
30186,SHORT CARGO DUNA PIPOCA. VAGALUME. IA4SL,VAGALUME
30187,BLUSA BOTOES DUNA PIPOCA ALCA C/ AMARRACAO. VAGALUME. IA4SL,VAGALUME
30188,MACACAO PANTACOURT ESTAMPADO. VAGALUME KIDS. IA4PR,VAGALUME
30189,VESTIDO VISCOLINHO C/ BABADO.VAGALUME. IA4PR,VAGALUME
30190,MACAQUINHO C/ BABADO VISCOSE.VAGALUME. IA4PR,VAGALUME
30191,MACAQUINHO ESTAMPADO VISCOSE C/ BOTAO.VAGALUME. IA4PR,VAGALUME
30192,MACAQUINHO ESTAMPADO C/ BABADO E ALCA DE AMARRACAO.VAGALUME. IA4PR,VAGALUME
30193,CALCA POLIAMIDA C/ ELASTANO LUPO ALTA PRESSAO. SEA SURF. FFPR,SEA SURF
30194,BLUSA BASIC ALCA FINA POLIESTER C/ ELASTANO IMPORTADO.SEA SURF.FIPR,SEA SURF
30195,REGATA BASIC NADADOR POLIESTER C/ ELASTICO.SEA SURF.FIPR,SEA SURF
30196,BERMUDA CARGO JEANS MASC.NITRIX.MEPR,NITRIX
30197,BERMUDA COLLOR KAKHI MASC.NITRIX.MEPR,NITRIX
30198,BERMUDA COLLOR JEANS BLACK MASC.NITRIX.MEPR,NITRIX
30199,BERMUDA COLLOR MASC INFANTIL.ELLO JEANS.IO4PR,ELLO JEANS
30200,BERMUDA COLLOR INFANTIL MASC.ELLO JEANS.IO4PR,ELLO JEANS
30201,BERMUDA CARGO JEANS INF.ELLO JEANS.IO4PR,ELLO JEANS
30202,SHORT LINHO JUVENIL MENINO.ELLO JEANS.IO4PR,ELLO JEANS
30203,BERMUDA JEANS.ELLO JEANS.IO4PR,ELLO JEANS
30204,TOP MEIA TACA FITNESS LIDERY.FFPR,LIDERY
30205,CALCINHA COS COM ELASTICO LIDERY.FFPR,LIDERY
30206,CONJUNTO REAGATA E SAIA FENDA MOFAL .AGTEX.FCPR,AGTEX
30207,CROPPED M/M CANELADO BASICO POLIAMIDA IMPORTADO. MINHA ESTAMPA. FJSL,MINHA ESTAMPA
30208,VESTIDO ALCA FINA CANELADO LONGO C/ FENDA.SAQUNHO.FJSL,SAQUINHO
30209,PRENDEDOR DE CABELO PLASTICO. GABRIEL KAMP. AASF,GABRIEL CAMP
30210,PRENDEDOR DE CABELO METAL. GABRIEL CAMP. AASF,GABRIEL CAMP
30211,GLOSS LABIAL MORANGUINHO. GABRIEL CAMP. AASF,GABRIEL CAMP
30212,AGENDA INFANTIL VARIADAS. GABRIEL CAMP. AASF,GABRIEL CAMP
30213,BRINCOS VARIADOS. GABRIEL CAMP. AASF,GABRIEL CAMP
30214,CAMISETA MASC M/M OFF.GANGSTER.MJPR,GANGSTER
30215,CAMISETA MASC M/M VERDE LICHER.GANGSTER.MJPR,GANGSTER
30216,CAMISETA MASC M/M C/LISTRAS E BOLSO.GANGSTER.MJPR,GANGSTER
30217,CAMISETA MAS M/M BASICA VERDE ACINZENTADO..GAMGSTER.MJPR,GANGSTER
30218,CAMISETA MASC M/M BASICA OFF.GANGSTER.MJPR,GANGSTER
30219,CAMISETA MASC M/M VARIADA.GANGSTER.MJPR,GANGSTER
30220,CAMISETA MASC M/M VARIADAS.GANGSTER.MJPR,GANGSTER
30221,CALCA MASC CARGO BLACK.GANGSTER.MJPR,GANGSTER
30222,CALCA MASC ALFAIATARIA.GANGSTER.MCPR,GANGSTER
30223,CAMISETA MASC M/M.GANGSTER.MJPR,GANGSTER
30224,CAMISETA MASC M/M BASICA.GANGSTER.MJPR,GANGSTER
30225,CAMISETA MASC M/M.GANGSTER.MJPR,GANGSTER
30226,CAMISETA MASC M/M ALTO RELEVO VERDE.GANGSTER.MJPR,GANGSTER
30227,CAMISETA MASC M/M ALTO RELEVO BRANCA.GANGSTER.MJPR,GANGSTER
30228,CAMISETA MASC M/M ALTO RELEVO CARAMELO.GANGSTER.MJPR,GANGSTER
30229,CAMISETA MASC M/M ALTO RELEVO CAMEL.GANGSTER.MJPR,GANGSTER
30230,CAMISETA MASC M/M ALTO RELEVO VERMELHA.GANGSTER.MJPR,GANGSTER
30231,CAMISETA MASC M/M PRETA.GANGSTER.MJPR,GANGSTER
30232,CAMISETA MASC M/M VERDE OLIVA.GANGSTER.MJPR,GANGSTER
30233,CAMISETA MASC M/M BRANCA.GANGSTER.MJPR,GANGSTER
30234,CAMISETA MASC M/M OFF.GANGSTER.MJPR,GANGSTER
30235,CAMISETA MASC M/M.GANGSTER.MJPR,GANGSTER
30236,BERMUDA MASC MOLETINHO CINZA.GANGSTER.MJPR,GANGSTER
30237,BERMUDA MASC MOLETINHO VERDE ACINZENTADO.GANGSTER.MJPR,GANGSTER
30238,BERMUDA MASC MOLETOM MARINHO.GANGSTER.MJPR,GANGSTER
30239,BERMUDA MASC MOLETOM COMEL.GANGSTER.MJPR,GANGSTER
30240,BERMUDA MASC MOLETOM OFF.GANGSTER.MJ,GANGSTER
30241,BERMUDA MASC ALFAIATARIA AREIA.GANGSTER.MCPR,GANGSTER
30242,BERMUDA MASC ALFAIATARIA CINZA.GANGSTER.MCPR,GANGSTER
30243,BERMUDA MASC ALFAIATARIA CINZA C/PRETO.GANGSTER.MCPR,GANGSTER
30244,BERMUDA MASC ALFAIATARIA AZUL MESCLA.GANGSTER.MCPR,GANGSTER
30245,CAMISETA MASC PLUS.GANGSTER.MPPR,GANGSTER
30246,CAMISETA MASC PRETA PLUS.GANGSTER.MPPR,GANGSTER
30247,CAMISETA MASC PLUS VERDE LICHER.GANGSTER.MPPR,GANGSTER
30248,BERMUDA MASC MOLETOM PLUS.GANGSTER.MPPR,GANGSTER
30249,BODY EM SUPLEX.AGTEX.FJPR,AGTEX
30250,BODY EM SUPLEX DECOTE QUADRADO.AGTEX.FJPR,AGTEX
30251,SHORT FEM DE LINHO C/PREGA.AGTEX.FJPR,AGTEX
30252,CALCA FEM LINHAO.AGTEX.FJPR,AGTEX
30253,SHORT SAIA COM PREGAS DE LINHO.AGTEZX .FJPR,AGTEX
30254,VESTIDO SUPLEX COM BOJO.AGTEX.FJPR,AGTEX
30255,VESTIDO RUCHED FESTA ALCA FINA.AGTEX.F,AGTEX
30256,VESTIDO DE ALCA BALONE.AGTEX.FJPR,AGTEX
30257,SAIA LISA BALONE.AGTEX.FJPR,AGTEX
30258,VESTIDO ANA RUGA TOMARA QUE CAIA BICOLOR.AGTEX.FJPR,AGTEX
30259,BODY TOMARA QUE CAIA ANA RUGA BICOLOR.AGTEX.FJPR,AGTEX
30260,CONJUNTO TOP DE ALCA C/SAIA ANA RUGA BICOLOR.AGTEX.FJPR,AGTEX
30261,CONJUNTO ALFAIATARIA C/LACO.AGTEX.FJPR,AGTEX
30262,SHORT FEM COM DETALHE NO BOLSO EM BOTOES.AGTEX.FJPR,AGTEX
30263,CARTEIRA MASC PORTA DOCUMENTO .LILI.AASF,LILI
30264,CARTEIRA MASC COM PLASTICO.LILI.AASF,LILI
30265,CARTEIRA MASC MAGICA.LILI.AASF,LILI
30266,CARTEIRA MASC COURO C/BRILHO.AASF,LILI
30267,CINTO MASC MILITAR.LILI.AASF,LILI
30268,CINTO MASC DE COURO.LILI.AASF,LILI
30269,SHORT SAIA ALFAIATARIA.AGTEX.FCPR,AGTEX
30270,CALCA VISCOSE ESTAMPADA PLUS.AGTEX.FPAR,AGTEX
30271,CALCA VISCOSE LISA.AGTEX.FCAR,AGTEX
30272,BLUSA FEM M/M C/ BOTOES.AGTEX.FCPR,AGTEX
30273,BLUSA FEM PLISSADA DE AMARRAR.AGTEX.FCPR,AGTEX
30274,BLUSA FEM VISCOSE C/ BABADO ESTAMPADA.CANDY BEE.FCPR,CANDY BEE
30275,CALCA FEM ENVELOPE VISCOSE SARJADA LISA.CANDY BEE.FCPR,CANDY BEE
30276,MACACAO PANTALONA DE ALCA VISCOSE SARJADA.CANDY BEE.FCPR,CANDY BEE
30277,VESTIDO ENVELOPE ESTAMPADO VISCOSE SARJADO.CANDY BEE.FCPR,CANDY BEE
30278,BLUSA FEM DUNA C/AMARRACAO ESTAPADA.AGTEX.FCPR,AGTEX
30279,BLUSA FEM DUNA M/M C/AMARRACAO LISA.AGTEX.FCPR,AGTEX
30280,VESTIDO VISCOLINHO MORCEGO ESTAMPADO.AGTEX.FCPR,AGTEX
30281,SAIA PLISSADA 5 MARIA LISA.AGTEX.FCPR,AGTEX
30282,SAIA PLISSADA 5 MARIA ESTAMPADA.AGTEX.FCPR,AGTEX
30283,BLUSA FEM M/M C/BOTOES E BOLSO.AGTEX.FCPR,AGTEX
30284,BLUSA FEM M/M C/BOTOES E BOLSO ESTAMPADA.AGTEX.FCPR,AGTEX
30285,SAIA MID ALFAIATARIA C/BOLSO.AGTEX.FCPR,AGTEX
30286,CALCA FEM DE ALFAIATARIA C/NERVURA.AGTEX.FCPR,AGTEX
30287,CINTO FEM COLORIDOS.GABRIEL KAMP.AASF,GABRIEL CAMP
30288,CINTO FERM CORES NEUTRAS.GABRIEL KAMP.AASF,GABRIEL CAMP
30289,COLETE FEM LINHO C/ELASTANO.CANDY BEE.FCPR,CANDY BEE
30290,CALCA FEM PANTALONA VSCOSE SARJADA C/CINTO.CANDY BEE.FCPR,CANDY BEE
30291,KIMONO VISCOSE SARJADA LISO COM ILHOES.CANDY BEE.FCPR,CANDY BEE
30292,VESTIDO LONGO VISOSE SARJADA UM OMBRO SO LISO.CANDY BEE.FCPR,CANDY BEE
30293,CROPPED C/ LASTEX UMA BOLA.CANDY BEE.FCPR,CANDY BEE
30294,SAIA LONGA BICOLOR.CANDY BEE.FCPR,CANDY BEE
30295,BLUSA FEM DE ALCA BOLA VISCOSE SARJASA LISA.CANDY BEE.FCPR,CANDY BEE
30296,VESTIDO DE ALCA LASTEX ESTAMPADO.CANDY BEE.FCPR,CANDY BEE
30297,VESTIDO M/M EM LASTEX ESTAMPADO.CANDY BEE.FCPR,CANDY BEE
30298,SHORT FEM LISO PLUS VISCOSE SARJADA.CANDY BEE.FPPR,CANDY BEE
30299,MACACAO DE ALCA PANTALONA PLUS.CANDY BEE.FPPR,CANDY BEE
30300,CALCA FEM FRISO PANTALONA ENVELOPE VISCOSE SARJADA.CANDY BEE.FPPR,CANDY BEE
30301,LENCO DEMAQUILANTE REMOVEDOR DE MAQUIAGEM. GABRIEL CAMP. AASF,GABRIEL CAMP
30302,PORTA CARTAO ESTAMPADO. GABRIEL CAMP. AASF,GABRIEL CAMP
30303,LAPIS DE OLHO 2 CORES. GABRIEL CAMP. AASF,GABRIEL CAMP
30304,LIP GLOSS HIDRADANTE RUBY ROSE. GABRIEL CAMP. AASF,GABRIEL CAMP
30305,"CINTO FEMININO VARIADOS. GABRIEL CAMP, AASF",GABRIEL CAMP
30306,CINTO FEMININO QUADRADO VARIADOS.GABRIEL CAMP. AASF,GABRIEL CAMP
30307,GLOSS LABIAL MAGIC GOLD C/ CORACAO. GABRIEL CAMP. AASF,GABRIEL CAMP
30308,BLUSA FEM DE LISTRA COM GOLA.GATA D+.FJAR,GATA D+
30309,SHORT SAIA C/3 BOTOES LISTRADO.GATA D+.FJAR,GATA D+
30310,TOP FEM LISO DE ALCA LARGA.GATA D+.FJPAR,GATA D+
30311,VESTIDO POLIAMIDA C/ARGOLA.GATA D+.FJAR,GATA D+
30312,SAIA COM ELASTICO NA CINTURA.GATA D+.FCAR,GATA D+
30313,BLUSA FEM S/MANGA FRENTE CURTA.GATA D+.FCAR,GATA D+
30314,VESTIDO ALCA DE ELASTICO 3MARIAS.GATA D+.FCAR,GATA D+
30315,CROPPED FEM DE LINHO ALCA C/ LACO(FESTA).MENINA MIMOSA.FJPR,MENINA MIMOSA
30316,BLUSA FEM TQC DE LINHO COM ELASTANO(FESTA).MENINA MIMOSA.FJPR,MENINA MIMOSA
30317,SHORT SAIA LACO DE LINHO C/ELASTANO(FESTA).MENINA MIMOSA.FJPR,MENINA MIMOSA
30318,MACAQUINHO FEM ALCA C/BRILHO LISTRADO.MENINA MIMOSA.FJPR,MENINA MIMOSA
30319,"CROPPED FEM DE ALCA LARGA CO, LEVE BABADO.MENINA MIMOSA.FJPR",MENINA MIMOSA
30320,BERMUDA FEM COM BOLSO E CINTO.MENINA MIMOSA.FJPR,MENINA MIMOSA
30321,SHORT FEM COM BOLSO GRANDE E BOTAO.MENINA MIMOSA.FJPR,MENINA MIMOSA
30322,BLUSA FEM M/M DE LESE C/FECHO(FESTA).MENINA MIMOSA.FJPR,MENINA MIMOSA
30323,SAIA BALONE DE LESE (FESTA) .MENINA MIMOSA.FJPR,MENINA MIMOSA
30324,CROPPED FEM LESE DE ALCA LARGA C/BABADO(FESTA).MENINA MIMOSA.FJPR,MENINA MIMOSA
30325,SHORT FEM LESE C/ELASTICO NA CINTURA(FESTA).MENINA MIMOSA.FJPR,MENINA MIMOSA
30326,VESTIDO MID DE LESE ALCA LARGA(FESTA).MENINA MIMOSA.FJPR,MENINA MIMOSA
30327,SAIA FEM MID C/FENDA(FESTA).MENINA MIMOSA.FJPR,MENINA MIMOSA
30328,VESTIDO PLISSADO DE ALCA (COLECAO FESTA COORDENADO 1).MODA LOKA.FJPR,MODA LOKA
30329,BLUSA FEM PLISSADA DE ALCA C/BABADO (COLECAO FESTA COORDENADO 1).MODA LOKA.FJPR,MODA LOKA
30330,BLUSA FEM M/M PLISSADA (COLECAO FESTA COORDENADO 1).MODA LOKA.FJPR,MODA LOKA
30331,BLUSA FEM PLISSADA DUAS ALCAS (COLECAO FESTA COORDENADO 1).MODA LOKA.FJPR,MODA LOKA
30332,VESTIDO TORCIDO EM UMA ALCA (COLECAO FESTA COORDENADO 2).FJPR,MODA LOKA
30333,SHORT SAIA (COLECAO FESTA COORDENADO 2).MODA LOKA.FJPR,MODA LOKA
30334,KIT P/MAKE COM 2.GABRIEL KAMP.AASF,GABRIEL CAMP
30335,KIT ESPONJA +PINCEL HEXAGONAL.GABRIEL KAMP.AASF,GABRIEL CAMP
30336,BLUSA FEM OMBRO A OMBRO (COLECAOFESTA COORDENADO 2).MODA LOKA.FJPR,MODA LOKA
30337,VESTIDO TULE DE ALCA (COLECAO FESTA COORDENADO 2)MODA LOKA.FJPR,MODA LOKA
30338,TOP FEM TCQ TULE (COLECAO FESTA COORDENADO 3).MODA LOKA.FJPR,MODA LOKA
30339,SAIA DE TULE(COLECAO FESTA COORDENADO 3).MODA LOKA.FJPR,MODA LOKA
30340,MACACAO DE ALCA C/ELASTICO NA CINTURA(COLECAO FESTA COORDENADO 4),MODA LOKA
30341,CALCA FEM PANTALONA (COLECAO FESTA COORDENADO 4).MODA LOKA.FJPR,MODA LOKA
30342,BLUSA FEM COM BABADO(COLECAO FESTA COORDENADO 4).MODA LOKA.FJPR,MODA LOKA
30343,CROPPED ALCA LARGA(COLECAO FESTA COODENADO 5).MODA LOKA.FJPR,MODA LOKA
30344,SHORT SAIA COM 3 BOTOES.MODA LOKA.FJPR(COLECAO FESTA COORDENADO 5,MODA LOKA
30345,BLUSA FEM UM OMBRO SO C/BABADO (COLECAO FESTA COORDENADO 5)MODA LOKA .FJPR,MODA LOKA
30346,SAIA BALONE (COLECAO FESTA COORDENADO 5).MODA LOKA.FJPR,MODA LOKA
30347,BERMUDA FEM LISTRADA (COLECAO FESTA).MODA LOKA.FJPR,MODA LOKA
30348,SHORT FEM COM BOLSO NA FRENTE (COORDENADO 6).MODA LOKA.FJPR,MODA LOKA
30349,KIMONO FEM (COORDENADO 6)MODA LOKA.FJPR,MODA LOKA
30350,BLUSA FEM M/M COQUEIRO(COORDENADO 6).MODA LOKA.FJPR,MODA LOKA
30351,VLUSA FEM M/M COSTELA DE ADAO(COORDENADO 6),MODA LOKA
30352,SHORT FEM COSTELA DE ADAO(COORDENADO 6)MODA LOKA.FJPR,MODA LOKA
30353,CALCA FEM PLUS LISTRADA C/BOTOES.MODA LOKA.FPPR,MODA LOKA
30354,COLETE FEM PLUS LISTRADO.MODA LOKA.FPPR,MODA LOKA
30355,KIMONO FEM PLUS COQUEIRO.MODA LOKA.FPPR,MODA LOKA
30356,SAIA PLISSADA PLUS.MODA LOKA.FPPR,MODA LOKA
30357,BLUSA FEM PLISSADA PLUS.MODA LOKA.FPPR,MODA LOKA
30358,VESTIDO PLISSADO DE ALCA PLUS.MODA LOKA.FPPR,MODA LOKA
30359,COLETE FEM PLUS C/CORDA.MODA LOKA.FPPR,MODA LOKA
30360,SAIA PLISSADA (COLECAO FESTA COORDENADO 1).MODA LOKA.FJPR,MODA LOKA
30361,CALCA JEANS FEM BASICA BELEZAURO.FEMS,BRUNO BELEZAURO
30362,REGATA FEM CANELADA FULL.MINHA ESTAMPA.FJAR,MINHA ESTAMPA
30363,BLUSA M/M CANELADA.MINHA ESTAMPA.FPSL,MINHA ESTAMPA
30364,BLUSA MANGA JAPONESA CANELADA.MINHA ESTAMPA.FPSL,MINHA ESTAMPA
30365,COLETE FEM JUVENIL 3 BOTOES.MODA LOKA.IA4PR,MODA LOKA
30366,CALCA JUVENIL COM FENDA.MODA LOKA.IA4PR,MODA LOKA
30367,CROPPED JUVENIL UM OMBRO SO.MODA LOKA.IA4PR,MODA LOKA
30368,SEMI CROPPED MAX LACO.MODA LOKA.IA4PR,MODA LOKA
30369,SHORT SAIA JUVENIL C/ CAMADAS.MODA LOKA.IA4PR,MODA LOKA
30370,VESTIDO INFANTIL PLISSADO.MODA LOKA.IA4PR,MODA LOKA
30371,BLUSA FEWM JUVENIL SOLTINHA COQUEIRO.MODA LOKA.IA4PR,MODA LOKA
30372,CROPPED FEM ALCA LARGA ESTAMPADO.PIME.FJAR,PRIME
30373,CROPPED ESTAMPADO FULL.PRIME.FJAR,PRIME
30374,CALCA FEM VISCOSE SARJADA LISA.CANDY BEE.FCPR,CANDY BEE
30375,BLUSA FEM UM OMBRO SO.CANDY BEE.FCPR,CANDY BEE
30376,VESTIDO LONGO LISO 2 MARIAS.CANDY BEE.FCPR,CANDY BEE
30377,PORTA ESCOVA E PASTA DE DENTE.SIDWAY.AASF,SIDWAY
30378,SHORT FEM DE CREPE ESTAMPADO.MUNDO MIX.FJPR,MUNDO MIX
30379,CALCA FEM JEANS COM LISTRAS.MAX DENIM.FEPR,MAX DENIM
30380,CALCA FEM DE LINHO C/CINTO.MAX DENIM.FCPR,MAX DENIM
30381,CALCA FEM SARJA WIDE LEG.MAX DENIM.FCPR,MAX DENIM
30382,CALCA FEM SARJADA COS ALTO PRETA.MAX DENIM.FCPR,MAX DENIM
30383,CALCA FEM SARJADA COS ALTO CINZA.MAX DENIM.FCPR,MAX DENIM
30384,CALCA FEM SARJADA CO ALTO AVEIA.MAX DENIM.FCPR,MAX DENIM
30385,CALCA FEM DE LINHO MOM.MAX DENIM.FCPR,MAX DENIM
30386,SHORT FEM SE LINHO PREMIUM.MAX DENIM.FCPR,MAX DENIM
30387,BERMUDA FEM DE LINHO COS ALTO .MAX DENIM.FCPR,MAX DENIM
30388,SHORT FEM JEANS COM LISTRA.MAX DENIM.FEPR,MAX DENIM
30389,BERMUDA FEM JORTS JEANS.MAX DENIM.FEPR,MAX DENIM
30390,BERMUDA FEM SARJA AREIA.MAX DENIM.FCPR,MAX DENIM
30391,BERMUDA FEM SARJA BRANCA.MAX DENIM.FCPR,MAX DENIM
30392,BERMUDA FEM SARJA ROSE.MAX DENIM.FCPR,MAX DENIM
30393,BERMUDA FEM JEANS PLUS.MAX DENIM.FEPR,MAX DENIM
30394,CALCA MASC SARJA PLUS CINZA.MAX DENIM.MPPR,MAX DENIM
30395,CALCA MASC SARJA PLUS GELO.MAX DENIM.MPPR,MAX DENIM
30396,KIT CAIXINHA C/ PRESILHAS E XUXINHA. GABRIEL KAMP. AASF,GABRIEL CAMP
30397,CALCA MASC SARJA PLUS CHUMBO.MAX DENIM,MAX DENIM
30398,CALCA MASC SARJA PLUS KAKI.MAX DENIM.MPPR,MAX DENIM
30399,CALCA MASC SARJA PLUS PRETA.MAX DENIM.MPPR,MAX DENIM
30400,CALCA MASC SARJA PLUS MARINHO.MAX DENIM.,MAX DENIM
30401,CALCA SARJA MASC PLUS AREIA.MAX DENIM.MPPR,MAX DENIM
30402,CALCA MASC SLIM SARJA PLUS AREIA.MAX DENIM.MPPR,MAX DENIM
30403,CALCA MASC SLIM SARJA PLUS KAKI.MAX DENIM.MPPR,MAX DENIM
30404,CALCA MASC SLIM SARJA PLUS CARAMELO.MAX DENIM.MPPR,MAX DENIM
30405,CALCA MASC SLIM SARJA PLUS OLIVA.MAX DENIM.MPPR,MAX DENIM
30406,CALCA MASC SLIM SARJA PLUS GRAFITE.MAX DENIM.MPPR,MAX DENIM
30407,CALCA JEANS MASC RETA.MAX DENIM.MEPR,MAX DENIM
30408,BERMUDA MASC MAURICINHO SARJA ROSE.MAX DENIM.MCPR,MAX DENIM
30409,BERMUDA MASC MAURICINHO SARJA AZUL.MAX DENIM.MCPR,MAX DENIM
30410,BERMUDA MASC MAURICINHO SARJA AMARELO.MAX DENIM.MCPR,MAX DENIM
30411,BERMUDA MASC SARJA SLIM AZUL.MAX DENIM.MJPR,MAX DENIM
30412,BERMUDA MASC SARJA SLIM ROSA.MAX DENIM.MCPR,MAX DENIM
30413,BERMUDA MASC SARJA SLIM AREIA.MAX DENIM.MCPR,MAX DENIM
30414,BERMUDA MASC SARJA SLIM KAKI.MAX DENIM.MCPR,MAX DENIM
30415,BERMUDA MASC SARJA PLUS AREIA.MAX DENIM.MPPR,MAX DENIM
30416,BERMUDA MASC SARJA PLUS KAKI.MAX DENIM.MPPR,MAX DENIM
30417,BERMUDA MASC SARJA PLUS MARINHO.MAX DENIM.MPPR,MAX DENIM
30418,BERMUDA MASC SARJA PLUS PRETA.MAX DENIM.MPPR,MAX DENIM
30419,BERMUDA MASC SARJA PLUS BRANCA.MAX DENIM.MPPR,MAX DENIM
30420,REGATA FEM GOLA ALTA CANELADO IMPORTADO.MINHA ESTAMPA.FJAR,MINHA ESTAMPA
30421,BLUSA FEM M/M DE MALHA GOLA REDONDA.YORK.FJAR,YORK
30422,CAMISETA MASC M/M MALHA BASQUETE.YORK.MJAR,YORK
30423,BERMUDA MASC MOLETOM C/ APLIQUE.GOOD BLESS.MJAR,GOOD BLESS
30424,REGATA MASC BASICA MALHA MACHAO.GOOD BLESS.MJAR,GOOD BLESS
30425,CONJUNTO FEM CROPPED COM SHORT SILK MALIBU.GOOD BLESS.FJAR,GOOD BLESS
30426,SHORT FEM PLUS MOLETOM C/CADARCO.GOOD BLESS.FPAR,FORE
30427,FONE DE OUVIDO REDMI BLUETOOTH.FEIRAO DA MAQUIAGEM.AASF,FEIRÃO DA MAQUIAGEM
30428,CONJUNTO COLAR ARO+BRINCO.FEIRAO DA MAQUIAGEM.AASF,FEIRÃO DA MAQUIAGEM
30429,RELOGIO FEM CASUAL.FEIRAO DA MAQUIAGEM.AASF,FEIRÃO DA MAQUIAGEM
30430,KIT CALCINHA CANELADA BEGE/BRANCO.CAEDU.FIPR,CAEDU
30431,SHORT FEM ALFAIATARIA PLUS.AGTEX.FPPR,AGTEX
30432,CALCINHA CINTURA ALTA S/ COSTURA.CAEDU.FIPR,CAEDU
30433,CALCINHA CINTURA SUPER ALTA S/COSTURA.CAEDU.FIPR,CAEDU
30434,KIT CALCINHA S/ COSTURA MAQUINETA ROSA/PRETO.CAEDU.FIPR,CAEDU
30435,PIJAMA M/L POLYBRUSH.CAEDU.FIPR,CAEDU
30436,PIJAMA M/M POLYBRUSH.CAEDU.FIPR,CAEDU
30437,PIJAMA AMERICANO POLAR ROSA M/L.CAEDU.FIPR,CAEDU
30438,PIJAMA M/L CORAL BORDADO.CAEDU.FIPR,CAEDU
30439,SUTIA S/ COSTURA PRETO/MESCLA/ROSA/BRANCO.CAEDU.FIPR,CAEDU
30440,TOP S/ COSTURA PRETO/ VERMELHO /ROSA/ BRANCO.CAEDU.FIPR,CAEDU
30441,PIJAMA FEM M/L CORAL CORACAO.CAEDU.FIPR,CAEDU
30442,ROBE CORAL FLEECE JACQUARD FLORES.CAREDU.FIPR LBJ043,CAEDU
30443,CALCA FEM INF PLUSH C/ GLITTE 4/8.CAEDU.IA4PR,CAEDU
30444,CALCA FEM INF MOL FUR C/ FOIL 4/8.CAEDU.IA4PR,CAEDU
30445,CALCA WIDE POLYBRUSH COLLEGE IMPORTADO 4/8 CAEDU.IA4PR,CAEDU
30446,CALCA FEM INF MOLETOM MESCLA RECORTE 4/8.CAEDU.IA4PR,CAEDU
30447,CALCA FEM INF MOLETOM MINNIE IMPORTADO.CAEDU.IA4PR,CAEDU
30448,LEGGING INF CANELADA SEM COSTURA 4/10.CAEDU.IA4MS,CAEDU
30449,SHORT FEM INF SARJA COLOR ROSA.CAEDU.IA4AR,CAEDU
30450,JAQUETA FEM INF OFF WHITE IMPORTADO 4/8.CAEDU.IA4PR,CAEDU
30451,JAQUETA FEM INF COM CAPUZ 4/8.CAEDU.IA4PR,CAEDU
30452,BLUSA FEM INF SEM COSTURA 4/10.CAEDU.IA4PR,CAEDU
30453,JAQUETA FEM INF COLLEGE ROSA C/PAETE 4/8.CAEDU.IA4PR,CAEDU
30454,CASACO FEM INF PLUSH BORDADO 4/8.CAEDU.IA4PR,CAEDU
30455,JAQUETA FEM INF SHERPA ESTAMPADO 4/8.CAEDU.IA4PR,CAEDU
30456,JAQUETA FEM INF CORACAO.CAEDU.IA4PR,CAEDU
30457,CASACO FEM INF DE MOLETOM MINIE.CAEDU.IA4PR,CAEDU
30458,CASACO FEM INF DE MOLETOM ROSA.CAEDU.IA4PR,CAEDU
30459,CASACO FEM INF DE MOLETOM UNICORNIO 4/8.CAEDU.IA4PR,CAEDU
30460,CONJUNTO FEM INF PELINHO C/ BOLSO 4/8.CAEDU.IA4BR,CAEDU
30461,CALCA MEN JUVENIL DE MOLETOM.CAEDU,CAEDU
30462,CALCA MASC JUVENIL DE MOLETOM.10/16.CAEDU.OA4PR,CAEDU
30463,CALCA MASC JUVENIL MOLETOM 10/16.CAEDU.IO4PR,CAEDU
30464,CALCA MASC JUVENIL DE MOLETOM PRETA 10/16.CAEDU.IO4PR,CAEDU
30465,CALCA MASC JUVENIL DE MOTELOM 10/16.CAEDU.IO4PR,CAEDU
30466,CAMISA MASC JUVENIL XADREZ 10/16.CAEDU.IO4PR,CAEDU
30467,CAMISA MASC JUVENIL XADREZ C/CAPUZ 10/16.CAEDU.IO4PR,CAEDU
30468,JAQUETA MASC JUVENIL FE MICROFIBRA C/CAPUZ 10/16.CAEDU.IO4PR,CAEDU
30469,JAQUETA MASC JUVENIL DE MOLETOM C/CAPUZ10/16.CAEDU.IO4PR,CAEDU
30470,JAQUETA MASC JUVENIL DE MOLETOM C/ZIPEBOLSO E LAPELA.CAEDU.IO4PR,CAEDU
30471,JAQUETA MASC JUVENIL SHERPA DE MOLETOM C/BOLSO 10/16.CAEDU.IO4PR,CAEDU
30472,CASACO MASC DE MOLETOM JUVENIL C/ CAPUZ 10/16.CAEDU.IO4PR,CAEDU
30473,CALCA MASC INFANTIL DE MOLETOM 4/8.CAEDU.IO4PR,CAEDU
30474,CALCA MASC INFANTIL DE MOLETOM 4/8.CAEDU.IO4PR,CAEDU
30475,CALCA MASC INFANTIL DE MOLETOM CARGO 4/8.CAEDU.IO4PR,CAEDU
30476,CALCINHA PLUS SIZE EM MICROFIBRA C/DETALHE EM RENDA.VERSALLY.FIPR,VERSALLY
30477,CALCINHA CINTURA ALTA.VERSALLY.FIPR,VERSALLY
30478,CALCINHA CINTURA ALTA TECIDO BRILHANTE DE LEVE COMPRESSAO.VESALLY.FIPR,VERSALLY
30479,SUTIA DE MICROFIBRA C/ DETACHESEM RENDA.VERSALLY.FIPR,VERSALLY
30480,CALCINHA PLUS FIO DUPLO TECIDO BRILHANTE .VERSALLY.FIPR,VERSALLY
30481,SUTIA PLUS SEM BOJO DE RENDA ECETINETE C/ARO.VERSALLY.FIPR,VERSALLY
30482,SUTIA SEM BOJO C/ ARO COM DETAHLES FRONTAL.VERSALLY.FIPR,VERSALLY
30486,CALCINHA FIO DENTAL C/DETALHES EM RENDA C/ALCAS AJUSTAVEIS.VERSALLY.FIPR,VERSALLY
30487,CAMISOLA COM DETALHES EM RENDA NO BUSTO.VERSALLY.FIPR,VERSALLY
30488,CAMISOLA EM TULE C/CALCINHA FIO DENTAL.VERSALLY.FIPR,VERSALLY
30489,CAIXA DE SOM PORTATIL C/MICROFONE INTEGRADO.FEIRAO DA MAQUIAGEM.AASF,FEIRÃO DA MAQUIAGEM
30490,KIT PINTURA PARA CABELO 3PCS.FEIRAO DA MAQUIAGEM.AASF,FEIRÃO DA MAQUIAGEM
30491,CONJUNTO INFANTIL M/M C/APLIQUE.DUKY.IO4PR,DUKY
30492,CONJUNTO INF BERMUDA C/CAMISETA M/M ESTAMPADA.DUKY.IO4PR,DUKY
30493,CONJUNTO INF C/APLIQUE BERMUDA E CAMISETA M/M.DIKY.IO4PR,DUKY
30494,CONJUNTO INF BERMUDA E CAMISETA M/M C/APLIQUE .DUKY.IOPR,DUKY
30495,CONJUNTO INF BERMUDA MOLETINHO E CAMISETA M/M .DUKY.IOPR,DUKY
30496,REGATA MASC.YORK.MJPR,YORK
30497,CARMED DENTADURA.CIMED.AASF,CIMED
30498,CARMED ACIDO HIALURONICO.CIMED.AASF,CIMED
30499,CARMED LABIAL MELANCIA.CIMED.AASF,CIMED
30500,CARMED PROT NLABFPS BEIJINHO.CIMED.AASF,CIMED
30501,CARMED ROSA GLITTER.CIMED.AASF,CIMED
30502,CARMED LAB BRIGADEIRO.CIMED.AASF,CIMED
30503,CALCA INF DE MOLETOM 4/8.CAEDU.IO4PR,CAEDU
30504,CALCA MASC INF DE MOLETOM.CAEDU.IO4PR,CAEDU
30505,CALCA MASC INF DE MOLETOM LICENCIADA.CAEDU.IO4PR,CAEDU
30506,CALCA MASC INF JOGGER SARJA C/BOLSO 4/8.CAEDU.IO4MS ITA059,CAEDU
30507,CALCA MASC JUVENIL JOGGER SARJA CARGO.CAEDU.IO4PR,CAEDU
30508,CAMISA MASC INF FLANELA 4/8.CADU.IO4PR,CAEDU
30509,LENCO UMEDECIDO SNOW BABY PREMIUM 140 UN.CIMED.AASF,CIMED
30510,LENCO UMEDECIDO SNOW BABY HIDRATACAO INTENSA 140 UN.CIMED.AASF,CIMED
30511,OCULOS DE SOL MASC.LILI.AASF,LILI
30512,OCULOS DE SOL FEMININO.LILI.AASF,LILI
30513,ESTOJO PARA OCULOS.LILI.AASF,LILI
30514,LENCO UMEDECIDO BEBE LIMPINHO PREMIUM.CIMED.AASF,CIMED
30515,CAMISA MASC INF FLANELA C/CAPUZ 4/8.CAEDU.IO4PR,CAEDU
30516,JAQUETA MASC INF PUFFA HEROIS MARVEL 4/8.CAEDU.IO4PR,CAEDU
30517,CASACO MASC INF FULL ZIPER E CAPUZ 4/8.CAEDU.IO4PR,CAEDU
30518,CASACO MASC INF DE MOLETOM FLEECE MARVEL C/CAPUZ 4/8.CAEDU.IO4PR,CAEDU
30519,CALCA FEM JUVENIL MOLETOM C/RECORTE CIRRE 10/16.CAEDU.IA4PR,CAEDU
30520,CALCA FEM JUVENIL WIDE COLLEGE 10/16.CARDU.IA4PR,CAEDU
30521,CALCA FEM JUVENIL MOLETOM JOGGER 10/16.CAEDU.IA4PR,CAEDU
30522,CALCA FEM JUVENIL DE MOLETOM PINK 10/16.CAEDU.IA4PR,CAEDU
30523,CALCA FEM JUVENIL MOLETOM C/CIRRE 10/16.CAEDU.IA4PR,CAEDU
30524,LEGGING JUVENIL SEAM SEM COSTURA 10/16.CAEDU.IA4MS,CAEDU
30526,SHORT FEM PLUS SIZE LISO EM DUNA .SAQUINHO.FPAR,SAQUINHO
30527,BLUSA FEM JUVENIL CANELADA SEM COSTURA 10/16.CAEDU,CAEDU
30528,JAQUETA FEM JUVENIL COLLEGE IMPORTADO 10/16.CAEDU.IA4PR,CAEDU
30529,CASACO FEM JUVENIL SHERPA COLOR BLOCK 10/16.CAEDU.IA4PR,CAEDU
30530,BLUSA FEM M/M GOLA ALTA.MINHA ESTAMPA.FJAR,MINHA ESTAMPA
30531,CROPPED CANELADO NADADOR CAVADO.MINHA ESTAMPA.FJAR,MINHA ESTAMPA
30532,CROPPED CANELADO DECOTE QUADRADO.MINHA ESTAMPA.FJAR,MINHA ESTAMPA
30533,TOP CANELADO ALCA LARGA.MINHA ESTAMPA.FJAR,MINHA ESTAMPA
30534,REGATA CROPPED FEM PINEAPPLE.LEASH.FJPR,LEASH
30535,REGATA CROPPED FEM FIGHTING BACK.LEASH.FJPR,LEASH
30536,REGATA CROPPED FEM KISS.LEASH.FJPR,LEASH
30537,REGATA CROPPED FEM CHERRY.LEASH.FJPR,LEASH
30538,REGATA CROPPED FEM ROCK.LEASH.FJPR,LEASH
30539,REGATA CROPPED FEM CALIFORNIA .LEASH.FJPR,LEASH
30540,REGATA CROPPED FEM CALIFORNIA.LEASH.FJPR,LEASH
30541,REGATA CROPPED FEM BASICA.LEASH.FJPR,LEASH
30542,REGATA CROPPED FEM TUCANO.LEASH.FJPR,LEASH
30543,BLUSA FEM M/M LOOSE ONCA.LEASH.FJPR,LEASH
30544,BLUSA FEM M/M OVER SIZE BRAVGRY.LEASH.FJPR,LEASH
30545,BLUSA FEM M/M OVER SIZE C/LISTRA.LEASH.FJPR,LEASH
30546,CALCA PANTALONA LISTRADA C/ BOLSO E ZIPER.LILAS CHIQUE.FJPR,LILÁS CHIQUE
30547,CROPPED ALCA FINA LISTRADO.LILAS CHIQUE.FJPR,LILÁS CHIQUE
30548,SHORT FEM JEANS C/BOLSO.DECIZAO.FEPR,DECIZÃO
30549,SHORT LISTRADO C/ BOLSO.LILAS CHIQUE.FJPR,LILÁS CHIQUE
30550,SHORT FEM JEANS CORACAO.DECIZAO.FEPR,DECIZÃO
30551,VESTIDO ALCA FINA LUREX.LILAS CHIQUE.FJPR,LILÁS CHIQUE
30552,SHORT FEM JEANS BRANCO E OFF C/CINTO.DECIZAO.FEPR,DECIZÃO
30553,VESTIDO COM DETALHE NO DECOTE LUREX.LILAS CHIQUE.FJPR,LILÁS CHIQUE
30554,SHORT FEM JEANS C/PEDRAS.DECIZAO.FEPR,DECIZÃO
30555,VESTIDO ALCA FINA C/ BOTAO DUNA.LILAS CHIQUE.FJPR,LILÁS CHIQUE
30556,SHORT FEM JEANS C/FLOZINHA BRANCO E OFF.DECIZAO.FEPR,DECIZÃO
30557,VESTIDO LONGO 1 MARIA ALCA FINA C/ BOTAO.LILAS CHIQUE.FJPR,LILÁS CHIQUE
30558,SHORT FEM JEANS BASICO DESFIADO.DECIZAO.FEPR,DECIZÃO
30559,SAIA CURTA COM PREGAS MIX DE CORES.LILAS CHIQUE.FJPR,LILÁS CHIQUE
30560,SHORT FEM JEANS ZARA.DECIZAO.FEPR,DECIZÃO
30561,VESTIDO C/ BABADO ALCA COM AMARRACAO MIX DE CORES.LILAS CHIQUE.FJPR,LILÁS CHIQUE
30562,SHORT FEM JEANS C/ CINTO DE CETEM.DECIZAO.FEPR,DECIZÃO
30563,BLUSA ALCA FINA BALONE.LILAS CHIQUE.FJPR,LILÁS CHIQUE
30564,"SHORT FEM JEANS C/BORDADOS.DECIZAO,FEPR",DECIZÃO
30565,BLUSA ALCA FINA C/ BOTAO E BABADO.LILAS CHIQUE.FJPR,LILÁS CHIQUE
30566,SHORT FEM JEANS BLACK C/CINTO.DECIZAO.FEPR,DECIZÃO
30567,BLUSA REGATA BASICA LESE.LILAS CHIQUE.FJPR,LILÁS CHIQUE
30568,SHORT FEM JEANSC/PEDRA E BROCHER.DECIZAO.FEPR,DECIZÃO
30569,VESTIDO TOMARA QUE CAIA C/ PREGAS.LILAS CHIQUE.FJPR,LILÁS CHIQUE
30570,SAIA JEANS C/FIVELA E BOTOES.DECIZAO.FEPR,DECIZÃO
30571,SAIA BALONE DE LESE.LILAS CHIQUE.FJPR,LILÁS CHIQUE
30572,SAIA JEANS COLOR CARGO.QUARTA GERACAO.FEPR,QUARTA GERAÇÃO
30573,VESTIDO LONGO C/ FENDA LESE.LILAS CHIQUE.FJPR,LILÁS CHIQUE
30574,MACAQUINHO DECOTE V LESE.LILAS CHIQUE.FJPR,LILÁS CHIQUE
30575,SHORT C/ BOLSO CREPE LOUISE.LILAS CHIQUE.FJPR,LILÁS CHIQUE
30576,VESTIDO JEANS TOMARA QUE CAIA.QUARTA GERACAO.FEPR,QUARTA GERAÇÃO
30577,BLUSA TOMARA QUE CAIA C/ LACO CREPE LOUISE.LILAS CHIQUE.FJPR,LILÁS CHIQUE
30578,MACACAO JEANS DE ALCA COM BOTOES.QUARTA GERACAO.FEPR,QUARTA GERAÇÃO
30579,MACACAO JEANS LEVE PANTA.QUARTA GERACAO.FEPR,QUARTA GERAÇÃO
30580,SAIA LONGA CARGO COLOR.QUARTA GERACAO.FEPR,QUARTA GERAÇÃO
30581,SAIA JEANS CURTA C/BRILHO.QUARTA GERACAO.FEPR,QUARTA GERAÇÃO
30582,SHORT FEM BRIM COLOR C/FLOR.QUARTA GERACAO.FEPR,QUARTA GERAÇÃO
30583,CONJUNTO FEM BRIM SHORT E TOP CORES.QUARTA GERACAO.FEPR,QUARTA GERAÇÃO
30584,SHORT FEM BRIM CARGO COLOR.QUARTA GERACAO.FEPR,QUARTA GERAÇÃO
30585,SHORT FEM JEANS CARGO.QUARTA GERACAO.FEPR,QUARTA GERAÇÃO
30586,CALCINHA BASIC CANELADA.SEA SURF.FIPR,SEA SURF
30587,SUTIA BASIC PLUS SIZE C/BOJO POLIAMIDA.FIPR,SEA SURF
30588,SUTIA BASIC EM POLIAMIDA P/M/G.SEA SURF.FIPR,SEA SURF
30589,VENTOSA PARA CELULAR.JULIA.AASF,JULIA
30590,CAMISA MASC POLO.SEA SURF.MCPR,SEA SURF
30591,CAMISA MASC POLO SEM COSTURA.SEA SURF.MCPR,SEA SURF
30592,CONJUNTO FEM INTIMO JOELMA.TOQUE SECRETO.FIPR,TOQUE SECRETO
30593,BABY DOLL MAGNOLIA C/RENDA TOQUE SECRETO.FIPR,TOQUE SECRETO
30594,BABY DOLL MARINA.TOQUE SECRETO.FIPR,TOQUE SECRETO
30595,CAMISOLA COM RENDA ELISA.TOQUE SECRETO,TOQUE SECRETO
30596,BABTY DOLL LIVIA.TOQUE SECRETO .FIPR,TOQUE SECRETO
30597,CONJUNTO FEM INTIMO SIMONE.TOQUE SECRETO.FIPR,TOQUE SECRETO
30598,CONJUNTO FEM INTIMO LUIZA.TOQUE SECRETO.FIPR,TOQUE SECRETO
30599,SUTIA TOMARA QUE CAIA JENNIFE.TOQUE SECRETO.FIPR,TOQUE SECRETO
30600,SUTIA PLUS DENISE.TOQUE SECRETO.FIPR,TOQUE SECRETO
30601,REGATA FEM CANELADA LISTRADA.ALEGAM.FJAR,ALEGAM
30602,REGATA FEM CANELADA LISA BICOLOR.ALEGAM.FJAR,ALEGAM
30603,CONJUNTO ALECIA TOQUE SECRETO.FIPR,TOQUE SECRETO
30604,REGATA MASC SUEDE PINCELADA.ALEGAM.MJAR,ALEGAM
30606,REGATA MASC BARQUINHO.LEASH.MJPR,LEASH
30607,REGATA MASC MACHAO.LEASH.MJPR,LEASH
30608,REGATA MASC WAVES.LEASH.MJPR,LEASH
30609,REGATA MASC SALT LIFE.LEASH.MJPR,LEASH
30610,REGATA MASC LEASH.MJPR,LEASH
30611,REGATA MASC LEASH.MJPR,LEASH
30612,REGATA MASC BASICA.LEASH.MJPR,LEASH
30613,CAMISETA MASC M/M LEASH.MJPR,LEASH
30614,CAMISETA MASC M/M BARQUINHOS.LEASH.MJPR,LEASH
30615,CAMISETA M/M MASC M/M .LEASH.MJPR,LEASH
30616,CAMISETA MASC M/M ESTONADA.LEASH.MJPR,LEASH
30617,CAMISETA MASC M/M BARCO ESTONADA.LEASH.MJPR,LEASH
30618,CAMISETA MASC M/M ESTONADA.LEASH.MJPR,LEASH
30619,CAMISETA MASC M/M ESTONADA.LEASH.MJPR,LEASH
30620,"CAMISETA ,ASC M/M ESTONADA.LEASH.MJPR",LEASH
30621,CAMISETA MASC M/M ESTONADA.LEASH.MJPR,LEASH
30622,REGATA MASC ESTONADA.LEASH.MJPR,LEASH
30623,BOLSA FEM ESTAMPADA LATERAL.BRUNO BELEZAURO.AASF,BRUNO BELEZAURO
30624,BOLSA MEDIA ESTAMPADA DE OMBRO.BRUNO BELEZAURO.AASF,BRUNO BELEZAURO
30625,BERMUDA MASC DE TACTEL MICROFIBRA.MINHA ESTAMPA.MJAR,MINHA ESTAMPA
30627,SHORT DOOL DE ALCINHA C/BOTOES.SONHO BOM.FIPR,SONHO BOM
30628,PIJAMA FEM AMERICANO /CORACOES.SONHO BOM.FIPR,SONHO BOM
30629,PIJAMA FEM M/M C/BOTOES E BOLSO.SONHO BOM.FIPR,SONHO BOM
30630,PIJAMA FEM C/ BOTOES.SONHO BOM.FIPR,SONHO BOM
30631,PIJAMA MASC M/M LISTRADSO.SONHO BOM.MIPR,SONHO BOM
30632,CALCA FEM DE DUNA C/BOLSO.AGTEX.FJAR,AGTEX
30633,SHORT FEM ALFAIATARIA ZARA.AGTEX.FJAR,AGTEX
30634,SHORT FEM C/ELASTICO.AGTEX.FJAR,AGTEX
30635,BLUSA FEM UM OMBRO SO FLOR.AGTEX.FJAR,AGTEX
30636,TOP ALCA FINA BUBBLE.AGTEX.FJAR,AGTEX
30637,TOP ALCA LARGA SUPLEX.AGTEX.FJPR,AGTEX
30638,TOP FEM ALFAIATARIA.AGTEX.FJPR,AGTEX
30639,CROPPED CORSELETE ALCA FINA CETIM.AGTEX.FJPR,AGTEX
30640,CALCA FEM COM BOTOES IMPORTADA.AGTEX.FJR,AGTEX
30641,VESTIDO LONGO VISCOLINHO ALCA 2 MARIAS ETAMPADO.AGTEX.FJPR,AGTEX
30642,VESTIDO LONGO VISCOLINHO ALCA FINA DETALHE NO BUSTO.AGTEX.FJPR,AGTEX
30643,VESTIDO M/M CREPE LONGO ESTAMPADO.AGTEX.FJPR,AGTEX
30644,VESTIDO FEM DE ALCA LISO 3 MARIAS,AGTEX
30645,VESTIDO LASTEX ALCA DUNA ESTAMPADO SEREIA.AGTEX.FJPR,AGTEX
30646,VESTIDO TQC LISO RUCHED.AGTEX.FJPR,AGTEX
30647,VESTIDO TQC SUPLEX C/ FENDA DETALHE NO BUSTO.AGTEX.FJPR,AGTEX
30648,VESTIDO LONGO TQC SUPLEX LISO C/FENDA.AGTEX.FJPR,AGTEX
30649,VESTIDO TQC ANA RUGA OMBRO A OMBRO.ATEX.FJPR,AGTEX
30650,VESTIDO DE ALCA C/BORDADO.AGTEX.FJPR,AGTEX
30651,MACAQUINHO DE ALCA LISO.AGTEX.FJPR,AGTEX
30652,VESTIDO DE ALCA ESTAMPADO.AGTEX.FJPR,AGTEX
30653,MACAQUINHO LISO DE ALCA VISCOSE.AGTEX.FJPR,AGTEX
30654,MACAQUINHO ESTAMPADO C/ AMARRACAO VISCOSE.AGTEX.FJPR,AGTEX
30655,MACAQUINHO DE ALCA DUAS CORES DUNA.AGTEX.FJPR,AGTEX
30656,SHORT DUAS CORES.AGTEX.FJPR,AGTEX
30657,TOP CANELADO EVELIN ALCA FINA FORRADO.DIAS FASHION.FJSL,DIAS FASHION
30658,VESTIDO TQC C/ NO LISO.AGTEX.FJPR,AGTEX
30659,CROPPED MAISA SUPLEX ALCA FINA.DIAS FASHION.FJSL,DIAS FASHION
30660,SAIA MIDI CANELADA C/ FENDA.DIAS FASHION.FJSL,DIAS FASHION
30661,VESTIDO TQC C/NO DUNA ESTAMPADO.AGTEX.FJPR,AGTEX
30662,CALCA FEM CARGO IMPORTADA.AGTEX.FJSL,AGTEX
30663,CALCA FEM DOIS CINTOS IMPORTADA.AGTEX.FJPR,AGTEX
30664,VESTIDO BUBBLE DE ALCA C/DETALHE.AGTEX.FJPR,AGTEX
30665,MACAQUINHO TQC BUBBLE LISO.AGTEX.FJPR,AGTEX
30666,VESTIDO DE ALCA SUPLEX COM BRILHO.AGTEX.FJPR,AGTEX
30667,VESTIDO DE ALCA SUPLEX.AGTEX.FJPR,AGTEX
30668,VESTIDO CURTO DE ALCA BUBBLE LISO.AGTEX.FJP,AGTEX
30669,VESTIDO TQC DE TULE ESTAMPADO.AGTEX.FJPR,AGTEX
30670,VESTIDO LONGO VISCOSE DE ALCA ESTAMPADO.AGTEX.FJPR,AGTEX
30671,VESTIDO VISCOSE DE ALCA LISO.AGTEX.FJPR,AGTEX
30672,VESTIDO TQC C/BICO LISO.AGTEX.FJPR,AGTEX
30673,SAIA DE ALFAIATARIA C/BOLSO.AGTEX.FJPR,AGTEX
30674,CALCA FEM DE CREPE FRISO.AGTEX.FJAR,AGTEX
30675,CALCA FEM DE ALFAIATARIA C/ARMACAO.AGTEX.FJPR,AGTEX
30676,VESTIDO M/M DUNA LISO.AGTEX.FCAR,AGTEX
30677,VESTIDO M/M DUNA ESTAMPADO.AGTEX.FCAR,AGTEX
30678,VESTIDO LONGO DE ALCA BUBBLE LISO.AGTEX.FCPR,AGTEX
30679,VESTIDO ESTAMPADO.AGTEX.FCAR,AGTEX
30680,VESTIDO BUBBE MID DE ALCA.AGTEX.FCPR,AGTEX
30681,MACAQUINHO DE DUNA LISO.AGTEX.FCPR,AGTEX
30682,VESTIDO DE ALCA ALFAIATARIA C/FENDA.AGTEX.FCPR,AGTEX
30683,MACAQUINHO ALFAIATARIA C/AMARRACAO E ZIPER.AGTEX.FCAR,AGTEX
30684,SHORT FEM DE ALFAIATARIA C/CINTO.AGTEX.FCPR,AGTEX
30685,SHORT ALFAIATARIA C/ FIVELA.AGTEX.FCPR,AGTEX
30686,SAIA LONGA C/LASTEX E FENDA N LATEAL.AGTEX.FCAR,AGTEX
30687,SHORT JORTS ALFAIATARIA.AGTEX.FCAR,AGTEX
30688,CALCA RISCA GIZ ALFAIATARIA.AGTEX.FCPR,AGTEX
30689,CALCA ALFAIATARIA C/FIVELA.AGTEX.FCPR,AGTEX
30690,CALCA PANTA ALFAIATARIA TRACK PANTS.AGTEX.FPPR,AGTEX
30691,SHORT JEANS FEM C/BRILHO.IDISE.FEPR,IDISE
30692,SHORT JEANS FEM C/BRILHO SEM COSTURA.IDISE.FEPR,IDISE
30693,SHORT JEANS FEM CARGO.IDISE.FEPR,IDISE
30694,SHORT JEANS FEM DESFIADO.IDISE.FEPR,IDISE
30695,TOALHA DE BANHO ADULTA SECA MAIS.CAMESA.CAMS,CAMESA
30696,TOALHA DE BANHO ADULTO SAMBA.CAMESA.CAMS,CAMESA
30697,TOALHA DE BANHO INFANTIL SECA MAIS.CAMESA.CAMS,CAMESA
30698,PONCHO INFANTIL.CAMESA.CAPR,CAMESA
30699,ROUPAO INFANTIL MICROFIBRA 4 A 6 ANOS.CAMESA.CAMPR,CAMESA
30700,ROUPAO INFANTIL MICROFIBRA 8 A 10 ANOS.CAMESA.CAMPR,CAMESA
30701,ROUPAO INFANTIL NICROFIBRA 12 A 14 ANOS.CAMPR,CAMESA
30702,ROUPAO ADULTO MICROFIBRA AVULSO.CAMESA.CAMPR,CAMESA
30703,SHORT JEANS C/ ELASTANO.ELLEVE.FEPR,ELLEVE
30704,SHORT JEANS FEM C/ ELASTANO BLACK.ELLEVE.FEPR,ELLEVE
30705,CALCA JEANS FEM ELASTANO.ELLEVE.FEMS,ELLEVE
30706,TAPETE REMIX.CAMESA.CAMSL,CAMESA
30708,SHORT JEANS PLUS.ELLEVE.FEPR,ELLEVE
30709,SHORT JEANS FEM PLUS.ELLEVE.FEPR,ELLEVE
30710,PANO MULTI USO 3 PECAS.CAMESA.CAMPR,CAMESA
30711,TAPETE RISQUE.CAMESA.CAMSL,CAMESA
30712,CALCA JEANS FEM PLUS.ELLEVE.FEPR,ELLEVE
30713,BERMUDA JEANS MASC.ELLEVE.MEPR.,ELLEVE
30714,PANO DE PRATO SECA MAS.CAMESA.CAMSL,CAMESA
30715,TOALHA PARA CABELO ANTI FRIZZ.CAMESA.CAMPR,CAMESA
30716,FRONHA OUTLET.CAMESA.CAMPR,CAMESA
30717,PISO ATOALHADO.CAMESA.CAMPR,CAMESA
30718,VISEIRAS DE MEIA FEM. LILI. AASF,LILI
30719,VESTIDO CANELADO TOMARA QUE CAIA PLUS.DIAS FASHION.FPAR,DIAS FASHION
30720,VESTIDO CANELADO DE ALCA PLUS.DIAS FASHION.FPAR,DIAS FASHION
30721,CAMISOLA ALCA FINA DE SUEDE ESTAMPADA .DIAS FASHION.FIAR,DIAS FASHION
30722,REGATA NADADOR CANELADA INF.ALEGAM.IA4AR,ALEGAM
30723,SHORT COLLOR INFANTIL.ELLEVE.IA4PR,ELLEVE
30724,SHORT JEAS FEM INFANTIL MINI.ELLEVE.IA4PR,ELLEVE
30725,CALCA FEM JUVENIL COLLOR.ELLEVE.IA4PR,ELLO JEANS
30726,CALCA JEANS FEM JUVENIL C/ BRILHO.ELLEVE.IA4PR,ELLEVE
30727,BERMUDA MASC INFANTIL S/RASGO.ELLEVE.IO4PR,ELLEVE
30728,CALCA JEANS MASC INFANTIL.ELLEVE.IO4PR,ELLEVE
30729,CONJUNTO SOFT.HERLLUS.FIPR,HERLLUS
30730,CALCA JEANS MASC INFANTIL.ELLEVE.IO4PR,ELLEVE
30731,CALCA JEANS MASC JUVENIL.ELLEVE.IO4PR,ELLEVE
30732,SUTIA VERA.HERLLUS.FIPR,HERLLUS
30733,CONJUNTO LK.HERLLUS.FIPR,HERLLUS
30734,SUTIA ESTHER.HERLLUS.FIPR,HERLLUS
30735,CALCA JEANS MASC JUVENIL.ELLEVE.IO4PR,ELLEVE
30736,SUTIA PLUS SIZE C/ RENDA.HERLLUS.FIPR,HERLLUS
30737,CONJUNTO CARLA.HERLLUS.FIPR,HERLLUS
30738,SUTIA LUIZA.HERLLUS.FIPR,HERLLUS
30739,CONJUNTO LISTRA.HERLLUS.FIPR,HERLLUS
30740,CONJUNTO KARINE.HERLLUS.FIPR,HERLLUS
30741,SUTIA ISA PLUS SIZE.ART INTIMA.FIPR,ART ÍNTIMA
30742,CONJUNTO BIA.ART INTIMA.FIPR,ART ÍNTIMA
30743,CONJUNTO DE MILLUS.ART INTIMA.FIPR,ART ÍNTIMA
30744,SHORT FEM ENVELOPE DRY FITNESS .MARIA CHIC.FFAR,MARIA CHIC
30745,BLUSA FEM DRY M/M MULLET FITNESS .MARIA CHIC.FFAR,MARIA CHIC
30746,SHORT FEM MICROFIBRA FERNANDA.MARIA CHIC.FJAR,MARIA CHIC
30747,TOP CROPPED ALCA DUPLA.MARIA CHIC.FJAR,MARIA CHIC
30748,REGATA FEM FAMMY .MARIA CHIC.FJPAR,MARIA CHIC
30749,SHORT FEM DE MOLETINHO.MARIA CHIC.FJAR,MARIA CHIC
30750,BERMUDA FEM JORTS CANELADO.MARIA CHIC.FJAR,MARIA CHIC
30751,VESTIDO MID CANELADO NADADOR.MARIA CHIC.FJAR,MARIA CHIC
30752,CROPPED REGATA CANELADA CHERRY MARIA CHIC.FJAR,MARIA CHIC
30753,SHORT DOLL DE ALCA.DIONES.FIPR,DIONES
30754,SHORT DOLL M/M C/ BOTOES.DIONES.FIPR,DIONES
30755,SAMBA CANCAO DE LIGANETE.DIONES.MIPR,DIONES
30756,SHORT DOLL M/M ESTAMPADO.DIONES.FIPR,DIONES
30757,REGATA INFANTIL MASC.AGATHOS.IO4AR,AGATHOS
30758,CAMISA M/M MASC INFANTIL.AGATHOS.IO4AR,AGATHOS
30759,BERMUDA MOLETOM MASC INFANTIL.AGATHOS.IO4AR,AGATHOS
30760,BERMUDA MOLETOM INFANTIL MASC.AGATHOS.IO4AR,AGATHOS
30761,BERMUDA MASC INFANTIL.AGATHOS.IO4PR,AGATHOS
30762,BERMUDA MASC INFANTIL.AGATHOS.IO4PR,AGATHOS
30763,BERMUDA LISTRA MASC INFANTIL.AGATHOS.IO4PR,AGATHOS
30764,CAMISA MASC JUVENIL M/M.AGATHOS.IO4PR,AGATHOS
30765,CAMISA MASC JUVENIL SURF.AGATHOS.IO4PR,AGATHOS
30766,REGATA MASC JUVENIL.AGATHOS.IO4PR,AGATHOS
30767,CROPPED FEM FITNESS S/ BOJO.SEA SURF.FFAR,SEA SURF
30768,REGATA MASC JUVENIL.AGATHOS.IO4PR,AGATHOS
30769,BERMUDA MASC JUVENIL LISA.AGATHOS.IO4SL,AGATHOS
30770,BERMUDA MASC JUVENIL DE MOLETOM.AGATHOS.IO4SL,AGATHOS
30771,BERMUDA MASC JUVENIL MOLETOM FAKE LINHO.AGATHOS.IO4PR,AGATHOS
30772,REGATA MASC JUVENIL BASICA.AGATHOS.IO4AR,AGATHOS
30773,CAMISA MASC JUVENIL BASICA.AGATHOS.IO4AR,AGATHOS
30774,SHORT FEM DRY BEACH TENNIS.LEDERY.FFR,LIDERY
30775,CALCA FEM FITNESS.LIDERY.FFPR,LIDERY
30776,TOP FEM FITNESS ALCA LARGA.LIDERY.FFPR,LIDERY
30777,TOP FEM LISO FITNESS.LIDERY.FFPR,LIDERY
30778,TOP FEM FITNESS.LIDERY.FFPR,LIDERY
30779,TOP FEM FITNESS CRUZADO.LIDERY.FFPR,LIDERY
30780,TOP FEM FITNESS ALCA FINA.LIDERY.FFPR,LIDERY
30781,TOP FEM DE POLIAMIDA.LIDERY.FFPR,LIDERY
30782,TOP FEM FITNESS ALCA CRUZADA.LIDERY.FFPR,LIDERY
30784,CALCA FEM FITNESS POLIAMIDA.LIDERY.FFPR,LIDERY
30787,SHORT FEM POLIAMIDA.LIDERY.FFPR,LIDERY
30788,CALCA FEM EM POLIAMIDA.LIDERY.FFPR,LIDERY
30789,TOP FEM POLIAMIDA COM TIRAS.LIDERY.FFPR,LIDERY
30790,SHORT FEM DE POLIAMIDA.LIDERY.FFPR,LIDERY
30791,CALCA FEM POLIAMIDA FITNESS.LIDERY.FFPR,LIDERY
30794,MACAQUINHO LISO FITNESS.LIDERY.FFPR,LIDERY
30795,CALCA FEM BASICA FITNESS PLUS.LIDERY.FFPR,LIDERY
30796,SHORT FEM FITNESS BASICO.LIDERY.FFPR,LIDERY
30797,TOP FEM FITNESS POLIAMIDA TRANPASSADO.LIDERY.FFPR,LIDERY
30798,TOP FEM FITNESS NADADOR COLOR.LIDERY.FFPR,LIDERY
30799,SHORT FEM FITNESS COLOR.LIDERY.FFPR,LIDERY
30800,CALCA FEM POLIAMIDA C/BOLSO.LIDERY.FFPR,LIDERY
30801,SHORT FEM FITNESS POLIMIDA C/BOLSO.LIDERY.FFPR,LIDERY
30802,TOP FEM FITNESS NADADOR POLIAMIDA.LIDERY.FFPR,LIDERY
30803,CALCA FEM FITNESS CANELADA.LIDERY.FFPR,LIDERY
30804,TOP FEM FITNESS CANELADO.LIDERY.FFPR,LIDERY
30805,SHORT FEM FITNESS CANELADO.LIDERY.FFPR,LIDERY
30806,TOP FEM FITNESS CANELADO.LIDERY.FFPR,LIDERY
30807,SHORT JEANS 100%.IDISE.FEPR,IDISE
30808,TOP FEM FITNESS LIDERY PLUS SIZE .FFPR,LIDERY
30809,SHORT JEANS C/DETALHE NA LATERAL. IDISE.FEPR,IDISE
30810,SHORT JEANS 100% C/CINTO NA LATERAL.FEM.IDISE.FEPR,IDISE
30811,SHORT JEANS BLACK.IDISE.FEPR,IDISE
30812,SHORT JEANS S/ COSTURA.IDISE.FEPR,IDISE
30813,SHORT JEANS BRANCO FEM.IDISE.FEPR,IDISE
30814,SHORT SAIA JEANS S/COSTURA.IDISE.FEPR,IDISE
30815,SHORT SAIA JEANS C/AMARRACAO.FEM.IDISE.FEPR,IDISE
30816,VESTIDO JEANS TQC.IDISE.FEPR,IDISE
30817,MACAQUINHO JEANS TQC COM BOTOES.IDISE.FEPR,IDISE
30818,BLUSA FEM DE ALCA FINA SUPLEX.DIAS FASHION.FJAR,DIAS FASHION
30819,CROPPED TOP MAYARA LISO/ESTAMPADO.BELA CHICCA.FCAR,BELA CHICCA
30820,CALCA MAYARA PANTALONA C/BOTAO LISO/ESTAMPADO.BELA CHICCA.FCAR,BELA CHICCA
30821,SAIA MIRELLA LISO/ESTAMPADA.BELA CHICCA.FCAR,BELA CHICCA
30822,VESTIDO LONGO POLIANA.BELA CHICCA.FCAR,BELA CHICCA
30823,REGATA DANI ESTAMPADA.BELA CHICCA.FCAR,BELA CHICCA
30824,MACAQUINHO SUZAN COM LACO LISO/ESTAMPADO.BELA CHICCA.FCAR,BELA CHICCA
30825,VESTIDO LONGO HANNA DE ALCA.BELA CHICCA.FCAR,BELA CHICCA
30826,VESTIDO LONGO SERENA .BELA CHICCA.FCAR,BELA CHICCA
30827,VESTIDO PLUS SIZE M/M MELINDA.BELA CHICCA.FCAR,BELA CHICCA
30828,BLUSA PLUS SIZE EMILLY.BELA CHICCA.FCAR,BELA CHICCA
30829,SUTIA SEM BOJO ALCA .DUDELON.FIBC,DUDELON
30830,BERMUDA FEM JEANS CICLISTA.IDISE.FEPR,IDISE
30831,CALCA FEM JEANS WID LEG C/ BRILHO SEM COSTURA.IDISE.FEPR,IDISE
30832,SAIA JEANS COM CINTO.IDISE.FEPR,IDISE
30833,SAIA JEANS LONGA C/ PEDRA E ABERTURA.IDISE.FEPR,IDISE
30834,CALCA JEANS FEM BASICA C/ELASTANO.IDISE.FEPR,IDISE
30835,CALCA JEANS FEM C/ELASTANO BLACK.IDISE.FEPR,IDISE
30836,CALCA JEANS FEM C/ELASTANO CLARA.IDISE.FEPR,IDISE
30837,CALCA JEANS FEM MOM C/BRILHO.IDISE.FEPR,IDISE
30838,CUECA BOX COTTON.LIFE ZOOM.MISL,LIFE ZOOM
30839,BIQUINI DE CORTININHA COQUEIRO.HANGAR.FPAR,HANGAR
30840,BIQUINI ESTAMPADO DE CORTININHA.HANGAR.FPAR,HANGAR
30841,BIQUINI COM BABADINHO ALCA TOP.HANGAR.FPAR,HANGAR
30842,BIQUINI DE AMARRAR LASER 2 ALCAS.HANGAR.FPAR,HANGAR
30843,BIQUINI CORTININHA COQUEIRO DE AMARRAR.HANGA.FPAR,HANGAR
30844,BIQUINI CONCHA DE AMARRAR.HANGAR.FPAR,HANGAR
30845,TOP S/BOJO BASIC PLUS SIZE.SEA SURF.,SEA SURF
30846,BIQUINI COM ARO EM V. DE AMARRAR CALCINHA CAVADA.HANGAR.FPAR,HANGAR
30847,BIQUINI LISO COM CALCINHA 2 TIRAS.HANGAR.FPAR,HANGAR
30848,BIQUINI TOP COM ALCA DE AMARRAR LISO.HANGAR.FPAR,HANGAR
30849,BIQUINI C/DETALHE NO BUSTO E CALCINHA DE AMARRAR.HANGAR.FPAR,HANGAR
30850,BIQUINI LASER LISO DE AMARRAR.HANGAR.FPAR,HANGAR
30851,BIQUINI COM ESTAMPAS DE FOLHAS DE AMARRAR.HANGAR.FPAR,HANGAR
30852,BIQUINI CORTININHA LISO C/CALCINHA DE AMARRAR.HANGAR.FPAR,HANGAR
30853,BIQUINI COM ARO EM V LISO.HANGAR.FPAR,HANGAR
30854,BIQUINI LASER ESTAMPADO.HANGAR.FPAR,HANGAR
30855,SHORT BOXER ESTAMPADO.BELA CHICCA.FJSL,BELA CHICCA
30856,VESTIDO LONGO ESTAMPADO ALCA FINA.BELA CHICCA.FJPR,BELA CHICCA
30857,CALCA JEANS FEM MOM C/BRILHO.IDISE.FEPR,IDISE
30858,CALCA FEM JEANS MOM.IDISE.FEPR,IDISE
30859,CALCA JEANS FEM MOM COM CINTO.IDISE.FEPR,IDISE
30860,CALCA JENAS FEM WID LEG C/RASGO.IDISE.FEPR,IDISE
30861,CAMISETA M/M INFANTIL BASICA GOLA REDONDA.DUKY.IO4AR,DUKY
30862,MACAQUINHO ESTAMPADO DE ALCA FINA.ABSOLUTA.FJAR,ABSOLUTA
30863,VESTIDO C/BABADO ALCA FINA.ABSOLUTA.FJAR,ABSOLUTA
30864,VESTIDO DE AMARRAR ESTAMPADO C/ALCA.ABSOLUTA.FJAR,ABSOLUTA
30865,BLUSA FEM MORCEGO ESTAMPADA DE AMARRAR.ABSOLUTA.FJAR,ABSOLUTA
30867,SUTIA VALESKA C/RENDA.VINI.FIPR,VINI
30868,SUTIA VALESKA PLUS.VINI.FIPR,VINI
30869,CALCINHA TICIANE PLUS.VINI.FIPR,VINI
30870,CALCINHA VANESSA COM RENDA.VINI.FIPR,VINI
30871,CAMISOLA BRENDA C/RENDA NA LATERAL.VINI.FIPR,VINI
30872,REGATA FEM SUPLEX ALCA LARGA LISA.DIAS FASHION.FCSL,DIAS FASHION
30873,BERMUDA JEANS TRADICIONAL MASC BLACK.MAXDENIM.MEPR,MAX DENIM
30874,BERMUDA JEANS TRADICIONAL MASC .MAXDENIM.MEPR,MAX DENIM
30875,BERMUDA JEANS TRADICIONAL MASC.MAXDENIM.MEPR,MAX DENIM
30876,BERMUDA JEANS TRADICIONAL BASICA.MAXDENIM.MEPR,MAX DENIM
30877,BLUSA FEM M/M COM ESTAMPA.MARIA CHIC.FJAR,MARIA CHIC
30878,CROPPED REGATA FEM DE MALHA.MARIA CHIC.FJAR,MARIA CHIC
30879,VESTIDO DE ALCA LIGANETE ESTAMPADO RENATA.MARIA CHIC.FJAR,MARIA CHIC
30880,VESTIDO M/M CURTO DE LIGANETE GLORIA.MARIA CHIC.FCAR,MARIA CHIC
30881,BERMUDA MASC DRY.MJAR,MARIA CHIC
30882,SHORT MASC TACTEL C/BOLSO.MARIA CHIC.MJAR,MARIA CHIC
30883,BLUSA FEM ALCA FINA CANELADO.MINHA ESTAMPA.FJAR,MINHA ESTAMPA
30884,REGATA FEM CANELADA PLUS.MINHA ESTAMPA.FPAR,MINHA ESTAMPA
30886,REGATA MASC MALHA S/ESTAMPA.MARIA CHIC.MJAR,MARIA CHIC
30887,REGATA MASC DRY.MARIA CHIC.MJAR,MARIA CHIC
30888,BLUSAO FEM VISCOLINHO LISO.SCHUMACHER.FJPR,SCHUMACHER
30889,CAMISA FEM M/L SOCIAL LISO BRANCO.SCHUMACHER.FJPR,SCHUMACHER
30890,CAMISA FEM M/L LISTRADO C/BOLSO.SCHUMACHER.FJPR,SCHUMACHER
30891,SHORT INF ALTAIATARIA C/LACO.DARILEO.IA4PR,DARILEO
30892,CROPPED INF COM LACO NAS COSTAS ALFAIATARIA.DARILEO.IA4PR,DARILEO
30893,VESTIDO INF 3 MARIAS C/ ALCA DE AMARRAR.DARILEO.IA4PR,DARILEO
30894,VESTIDO INF 3 MARIAS M/M PRINCESA LACO NAS COSTAS.DARILEO.IA4PR,DARILEO
30895,VESTIDO INF C/BABADO BARRA ABERTURA COSTAS LACO.DARILEO.IA4PR,DARILEO
30896,BLUSA CROPPED INF ALFAIATARIA ABERTURA COSTAS. DARILEO.IA4PR,DARILEO
30897,CALCA MASC DE ALFAIATARIA.JEZZIAN.MCPR,JEZZIAN
30898,SHORT SAIA INF ALFAIATARIA LACO CINTURA.DARILEO.IA4AR,DARILEO
30899,SHORT INF FEM ALFAIATARIA C/BOLSO LATERAL.DARILEO.IA4AR,DARILEO
30900,REGATA INF CROPPED ABERTURA NAS COSTAS.DARILEO.IA4AR,DARILEO
30901,BLUSA INF BABADO ALCA E BABADO BARRA.DARILEO.IA4AR,DARILEO
30902,SAIA JEANS C/FENDA.NA MODA.FEPR,NA MODA
30903,SAIA C/CINTO SARJA.NA MODA.FCPR,NA MODA
30904,SAIA JEANS FENDA NA FRENTE.NA MODA.FEPR,NA MODA
30905,SAIA SARJA COLOR.NA MODA.FCPR,NA MODA
30906,SAIA BRIN C/ FENDA.NA MODA.FCPR,NA MODA
30907,SUTIA PLUSH UP.VINI.FIPR,VINI
30908,SUTIA LOLITA SEM BOJO.VINI.FIPR,VINI
30909,SUTIA STELLA COM BOJO.VINI.FIPR,VINI
30910,BERMUDA INTIMA MODELADORA.VINI.FIPR,VINI
30911,VESTIDO ROMANTIC C/AMARRACAO JUVENIL.COSTAO.IA4PR,MALHARIA COSTÃO
30912,SHORT SAIA ASSIMETRICA C/FAIXA CINTO JUVENIL.COSTAO.IA4PR,MALHARIA COSTÃO
30913,SAIA COLLEGE PREGAS JUVENIL.COSTAO.IA4PR,MALHARIA COSTÃO
30914,MINI SAIA JUVENIL.COSTAO.IA4PR,MALHARIA COSTÃO
30915,VESTIDO DECOTE QUADRADO JUVENIL.COSTAO.IA4PR,MALHARIA COSTÃO
30916,SHORT SAIA C/ BOTOES JUVENIL.COSTAO.IA4PR,MALHARIA COSTÃO
30917,CORSET JUVENIL.COSTAO.IA4PR,MALHARIA COSTÃO
30918,BERMUDA MASC MOLETINHO JUVENIL C/BOLSO.MUNDO MIX.IA4PR,MUNDO MANIA
30919,SHORT SAIA ASSIMETRICA JUVENIL.COSTAO.IA4PR,MALHARIA COSTÃO
30920,BLUSA CROPPED JUVENIL CIGANINHA.COSTAO.IA4PR,MALHARIA COSTÃO
30921,"CROPPED ALCA FINA JUVENIL.COSTAO,IA4PR",MALHARIA COSTÃO
30922,REGATA MASC JUVENIL C/ESTAMPA.MUNDO MANIA.IO4PR,MUNDO MANIA
30923,CAMISETA MASC M/M JUVENIL .MUNDO MANIA.IO4PR,MUNDO MANIA
30924,REGATA MASC JUVENIL .MUNDO MANIA.IO4AR,MUNDO MANIA
30925,BLUSA M/M AMARRACAO JUVENIL.COSTAO.IA4PR,MALHARIA COSTÃO
30926,CROPPED JUVENIL DE MALHA SMOOTH APLIQUE.MUNDO MANIA.IA4PR,MUNDO MANIA
30927,BERMUDA PREMIUM C/ BOLSO JUVENIL.COSTAO.IO4PR,MALHARIA COSTÃO
30928,CROPPED FEM JUVENIL M/M ELASTICO.MUNDO MANIA.IA4PR,MUNDO MANIA
30929,CROPPED JUVENIL M/M C/ABERTURA.MUNDO MANIA.IA4PR,MUNDO MANIA
30930,CAMISETA ESTAMPADA COSTAS M/M JUVENIL.COSTAO.IO4PR,MALHARIA COSTÃO
30931,CROPPED JUVENIL RIBANA RECORTE FRUFRU C/APLIQUE.MUNDO MANIA.IA4AR,MUNDO MANIA
30932,REGATA CROPPED JUVENIL DE RIBANA C/ABERTURA E APLIQUE.MUNDO MANIA.IA4PR,MUNDO MANIA
30933,CAMISETA ESTAMPADA M/M JUVENIL MASC.COSTAO.IO4PR,MALHARIA COSTÃO
30934,CROPPED M/M JUVENIL C/ELASTICO NA CINTURA.MUNDO MANIA.IA4AR,MUNDO MANIA
30935,CAMISETA ESTAMPADA COSTAS MASC JUVENIL.COSTAO.IO4PR,MALHARIA COSTÃO
30936,CROPPED JUVENIL M/M C/GLITTER.MUNDO MANIA.IA4PR,MUNDO MANIA
30937,CONJUNTO JUVENIL CANELADO CROPPED E CALCA WIDE LEG.MUNDO MANIA.IA4PR,MUNDO MANIA
30938,BERMUDA C/ BOLSO ZIPER JUVENIL.COSTAO.IO4PR,MALHARIA COSTÃO
30939,CROPPED INFANTIL M/M COM REFORCO.MUNDO MANIA.IA4AR,MUNDO MANIA
30940,CAMISETA ESTAMPADA NA FRENTE JUVENIL.COSTAO.IO4SL,MALHARIA COSTÃO
30941,CROPPED INFANTIL M/M BABADINHO.MUNDO MANIA.IA4AR,MUNDO MANIA
30942,BERMUDA CARGO JUVENIL MASC.COSTAO.IO4PR,MALHARIA COSTÃO
30943,SHORT SAIA INFANTIL MOLETINHO C/BOLSO CARGO.MUNDO MANIA.IA4PR,MUNDO MANIA
30944,SHORT SAIA INFANTIL DE MALHA SMOOTH.MUNDO MANIA.IA4PR,MUNDO MANIA
30945,CROPPED INFANTIL RIBANA RECORTE FRUFRU APLIQUE.MUNDO MANIA.IA4PR,MUNDO MANIA
30946,CONJUNTO ECOLOGICO CROPPED E PANTARCOUT INF.COSTAO.IAPR,MALHARIA COSTÃO
30947,REGATA CROPPED DE LIGANETE ESTAMPADA.FLOR DE PAULA.FCAR,FLOR DE PAULA
30948,BLUSA POLO COM APLIQUE INF.COSTAO.IA4PR,MALHARIA COSTÃO
30949,"CROPPED ALCA ESTAMPADO INF.COSTAO,IA4PR",MALHARIA COSTÃO
30950,MACAQUINHO ALCA DIFERENCIADO INF.COSTAO.IA4PR,MALHARIA COSTÃO
30951,VESTIDO INF AMPLO ABERTURA COSTAS.COSTAO.IA4PR,MALHARIA COSTÃO
30952,REGATA CROPPED FEM INFANTIL RIBANA C/ABERTURA NA CINTURA.MUNDO MANIA.IA4PR,MUNDO MANIA
30953,CONJUNTO FEM INFANTIL CANELADO REGATA E CALCA WED LEG.MUNDO MANIA.IA4PR,MUNDO MANIA
30954,VESTIDO INF LASTEX DE ALCA.COSTAO.IA4PR,MALHARIA COSTÃO
30955,CROPPED CIGANINHA ASSIMETRICA.COSTAO.IAPR,MALHARIA COSTÃO
30956,BLUSA INF DE GOLA/ MANGA PRINCESA.COSTAO.IA4PR,MALHARIA COSTÃO
30957,VESTIDO AMPLO ABERTURA COSTAS INF.COSTAO.IA4PR,MALHARIA COSTÃO
30958,SAIA COLLEGE DE PREGAS INF.COSTAO.IA4SL,MALHARIA COSTÃO
30959,REGATA ESTAMPADA DE MALHA ROTATIVO.COSTAO.IO4PR,MALHARIA COSTÃO
30960,"CAMISETA ESSENCIAL GOLA ""V"" MALHA INF.COSTAO.IO4SL",MALHARIA COSTÃO
30961,CAMISA DE BOTOES ESTAMPADA VISCOSE INF.COSTAO.IO4PR,MALHARIA COSTÃO
30962,BERMUDA MALHA C/ BOLSO INF.COSTAO.IO4SL,MALHARIA COSTÃO
30963,CAMISA ESTAMPADA DE GOLA M/M C/ BOTOES INF.COSTAO.IO4PR,MALHARIA COSTÃO
30964,CAMISETA ESTAMPADA C/BOLSO NA FRENTE MALHA INF.COSTAO.IO4PR,MALHARIA COSTÃO
30965,CAMISA ESSENCIAL BORDADA INF.COSTAO.IO4PR,MALHARIA COSTÃO
30966,BERMUDA CARGO C/BOLSO NA FRENTE INF.COSTAO.IO4PR,MALHARIA COSTÃO
30967,BLUSA SOLAR PROTECAO UV50+ INTELIGENTE,MALHARIA COSTÃO
30968,SHORT VISCOSE ESTAMPADO.SIDWAY.FJAR,SIDWAY
30969,CALCA JEANS MASC JUVENIL BASICA S/PUIDOS.AFORTUNADOS.IO4PR,AFORTUNADOS
30970,BERMUDA MASC JEANS JUVENIL.AFORTUNADOS.IO4MS,AFORTUNADOS
30971,BERMUDA JEANS MASC JUVENIL DESFIADA.AFORTUNADOS.IO4PR,AFORTUNADOS
30972,BERMUDA JEANS MASC JUVENIL DESFIADA .AFORTUNADOS.IO4PR,AFORTUNADOS
30973,BERMUDA JEANS MASC JUVENIL.AFORTUNADOS.IO4PR,AFORTUNADOS
30974,SAIDA DE PRAIA CALCA DE RENDA .SIDWAY.FPAR,SIDWAY
30975,CALCA JEANS MASC INF SEM PUIDO.AFORTUNADOS.IO4PR,AFORTUNADOS
30976,BERMUDA MASC JEANS INFANTIL.AFORTUNADOS.IO4PR,AFORTUNADOS
30977,BERMUDA JEANS MASC INFANTIL DESFIADA.AFORTUNADOS.IO4PR,AFORTUNADOS
30978,BERMUDA JEANS MASC INFANTIL DESFIADA .AFORTUNADOS.IO4PR,AFORTUNADOS
30979,BERMUDA JEANS MASC INFANTIL.AFORTUNADOS.IO4PR,AFORTUNADOS
30980,BOLSAS DE VERAO LONA GRANDE.LILI.AASF,LILI
30981,CHAPEU DE PALHA SIMPLES.LILI.AASF,LILI
30982,VISEIRA VARIADAS PALHA E TELA.LILI.AASF,LILI
30983,TRAVESSEIRO GOLD SUPORTE MEDIO.LUFTEX.AASF,LUFTEX
30984,SHORT FEM INF DE COTTON E CADARCO.BOCHECHINHA.IA4AR,BOCHECHINHA
30985,TRAVESSEIRO TOTAL CONFORTO.LUFTEX.AASF,LUFTEX
30987,SUNGA INFANTIL 2/4/6.GALIENE STENIO.IO4SL,GALIENE STENIO
30988,SUNGA JUVENIL 8/10/12.GALIENE STENIO.IO4AR,GALIENE STENIO
30989,CROPPED INF BABADINHO NA BARRA.BOCHECHINHA.IA4PAR,BOCHECHINHA
30990,CROPPED FEM INF C/LACO.BOCHECHINHA.IA4AR,BOCHECHINHA
30991,REGATA DRY MASC.SAQUINHO.MJAR,SAQUINHO
30992,CROPPED FEM JUVENIL DE ALCA BABADINHO NA BARRA.BOCHECHINHA.IA4AR,BOCHECHINHA
30993,CROPPED JUVENIL C/LACO.BOCHECHINHA.IA4AR,BOCHECHINHA
30994,SUNGA DE PRAIA MASC.GALIENE.MJAR,GALIENE STENIO
30995,REFIL ROLO PARA CACHORRO.FEIRAO DA MAQUIAGEM.AASF,FEIRÃO DA MAQUIAGEM
30996,TIARA FEM DIVERSAS.FEIRAO DA MAQUIAGEM.AASF,FEIRÃO DA MAQUIAGEM
30997,KIT PRESILHAS VARIADAS.FEIRAO DA MAQUIAGEM.AASF,FEIRÃO DA MAQUIAGEM
30999,PULSEIRA PARA CELULAR.FEIRAO DA MAQUIAGEM.AASF,FEIRÃO DA MAQUIAGEM
31000,CORDAO PARA CELULAR.FEIRAO DA MAQUIAGEM.AASF,FEIRÃO DA MAQUIAGEM
31001,KIT AGULHAS VARIADAS.FEIRAO DA MAQUIAGGEM.AASF,FEIRÃO DA MAQUIAGEM
31002,COPO STITCH COM TAMPA.FEIRAO DA MAQUIAGEM.AASF,FEIRÃO DA MAQUIAGEM
31003,MEIAS MASC CURTA KIT C/ 3 PARES.BLUE JEANS.AASF,BLUE JEANS
31004,MEIAS MASC CANO ALTO KIT C/ 3 PARES.BLUE JEANS.AASF,BLUE JEANS
31005,CROPPED FEM DE SUPLEX UM OMBRO SO.TO NA MODA.FJAR,TO NA MODA
31006,CROPPED FEM ALCA LARGA.MINHA ESTAMPA.FJAR,MINHA ESTAMPA
31007,KIT COLAR INFANTIL .LILI.AASF,LILI
31008,BERMUDA MASC JEANS COLLOR PRETA.4ZAZES.MEAR,4AZES
31009,BERMUDAS MASC JEANS CLARO.4AZES.MEAR,4AZES
31010,"CALCA ,MASC SARJA CAQUI.4AZES.MCAR",4AZES
31011,CALCA JEANS MASC PRETA.4AZES.MEAR,4AZES
31012,CALCA JEANS MASC PLUS.4AZES.MEAR,4AZES
31013,CALCA MASC SARJA COLLOR AZUL.4AZES.MCAR .,4AZES
31014,SAIA LONGA SAIDA DE PRAIA.AGTEX.FPPR,AGTEX
31015,MAIO DE UM OMBRO SO COM SAIA COLISSE.AGTEX.FPPR,AGTEX
31016,SHORT SAIDA DE PRAIA COM AMARRCAO.AGTEX.FPPR,AGTEX
31017,TOP TRICOT COM BOJO E AMARRACAO.AGTEX.FPSL,AGTEX
31018,TOP FEM ANA RUGA C/NO ALCA LARGA.AGTEX.FJAR,AGTEX
31019,VESTIDO TQC ANA RUGA.AGTEX.FJAR,AGTEX
31020,VESTIDO DE ALCA FINA ANA RUGA BICOLOR.AGTEX.FJAR,AGTEX
31021,VESTIDO ALCA COM BOJO E ABERTURA ANA RUGA .AGTEX.FJAR,AGTEX
31022,VESTIDO DE ALCA FINA RUCHERD ANA RUGA.AGTEX.FJPR,AGTEX
31023,VESTIDO DE ALCA TRANSPASSADO ANA RUGA .AGTEX.FJARA,AGTEX
31024,VESTIDO ALCA LARGA ANA RUGA .AGTEX.FJPR,AGTEX
31025,BLUSA FEM TQC ASSIMETRICA.AGTEX.FJAR,AGTEX
31026,BLUSA FEM DE ALCA ESPAQUETE ELASTICO ANA RUGA.AGTEX.FJAR,AGTEX
31027,VESTIDO LONGO TQC C/FENDA.AGTEX.FJPR,AGTEX
31028,VESTIDO LONGO DUNA C/FENDA E ALCA DE AMARRAR CORSELET.AGTEX.FJPR,AGTEX
31030,VESTIDO LONGO DE DUNA C/AMARRACAO NAS COSTAS.AGTEX.FJPR,AGTEX
31031,MACAQUINHO DE ALCA C/FRISO E LACO.AGTEX.FJPR,AGTEX
31032,VESTIDO LONGO FRENTE UNICA DE DUNA C/FENDA.AGTEX.FJPR,AGTEX
31033,MACAQUINHO DUNA BICOLOR DE ALCA LARGA.AGTEX.FJPR,AGTEX
31034,BOLSA LATERAL LISA.LILI.AASFSL,LILI
31035,LENCO DE CETIM GRANDE.LILI.AASFSL,LILI
31036,LENCO DE CETIM PEQUENO.LILI.AASFSL,LILI
31037,MACAQUINHO DUNA CORSELET DE ALCA;AGTEX.FJPR,AGTEX
31038,BOLSA DE PALHA ALCA CIRCULAR.LILI.AASFSL,LILI
31039,VESTIDO DUNA CURTO EM CAMADA DE ALCA REGULAVEL.AGTEX.FJPR,AGTEX
31040,XUXINHA C/ DETALHE DE METAL.LILI.AASFSL,LILI
31041,CONJUNTO DE DUNA SHORT C/BATA.AGTEX.FJPR,AGTEX
31042,PRENDEDOR DE METAL.LILI.AASFSL,LILI
31043,CALCA FEM TRACKPANTS DE DUNA.AGTEX.FJAR,AGTEX
31044,PORTA CARTAO ANTI-APROXIMACAO.LILI.AASFSL,LILI
31045,CONJUNTO LINHAO MANGA BUFANTE TOP E SAIA.AGTEX.FJPR,AGTEX
31046,MINI BOLSA COM ESPELHO.LILI.AASFSL,LILI
31047,BOLSA DE PALHA C/ BORDADO.LILI.AASFSL,LILI
31048,VESTIDO MID LINHAO ALCA LARGA C/LACO.AGTEX.FJPR,AGTEX
31049,MACAQUINHO FRENTE UNICA CREPE ESTAMPADO.AGTEX.FJPR,AGTEX
31050,VESTIDO ALFAIATARIA MID DE ALCA.AGTEX.FJPR,AGTEX
31051,CONJUNTO TOP/ SAIA C/ BORDADO.AGTEX.FJPR,AGTEX
31052,VESTIDO RENDA COM ROSA.AGTEX.FJPR,AGTEX
31053,VESTIDO CURTO DE RENDA C/ FLOR.AGTEX.FJPR,AGTEX
31054,COLETE FEM DE ALFAIATARIA.AGTEX.FJAR,AGTEX
31055,MACAQUINHO CREPE DE ALCA ESTAMPADO.AGTEX.FJPR,AGTEX
31056,SHORT ALFAIATARIA COM FIVELA.AGTEX.FJPR,AGTEX
31057,SHORT SAIA DE ALFAIATARIA .AGTEX.FJPR,AGTEX
31058,SHORT ESTAMPADO VISCOLYCRA.ONLLEY.FJSL,ONLLEY
31059,SHORT FEM CANELADO C/VIES EXPOSTO.ONLLEY.FJAR,ONLLEY
31060,SHORT FEM CANELADO LISO C/BOLSO.ONLLEY.FJAR,ONLLEY
31061,BLUSA FEM UMA ALCA SO ROMANTIQUE.ONLLEY.FJAR,ONLLEY
31062,SHORT ALFAIATARIA C/ LISTRAS.AGTEX.PPR,AGTEX
31063,SHORT SAIA ALFAIATARIA.AGTEX.PPR,AGTEX
31064,SAIA VISCOLYCRA BARRA FRANZIDA.FLOR DE PAULA.FCSL,FLOR DE PAULA
31065,SAIA C/ FENDA NA FRENTE E CINTO.AGTEX.FCPR,AGTEX
31066,CONJUNTO SHORT E BLUSA ESTAMPADO C/ FLORES.AGTEX.FCPR,AGTEX
31067,CONJUNTO SAIA LONGA C/ CROPED ESTAMPADO.AGTEX.FCPR,AGTEX
31068,VESTIDO LONGO ROMANTIC C/ABERTURA.AGTEX.FJPR,AGTEX
31069,VESTIDO LONGO ESTAMPADO DE AMARRAR NAS COSTAS.AGTEX.FJPR,AGTEX
31070,SHORT SAIA DE AMARRAR CREPE ESTAMPADO.AGTEX.FJPR,AGTEX
31071,VESTIDO TOMARA QUE CAIA LISO C/ BOJO.AGTEX.FCPR,AGTEX
31072,VESTIDO LONGO LISO C/ ALCA BABADO.AGTEX.FCPR,AGTEX
31073,"VESTIDO GOLA ""V"" LONGO ESTAMPADO M/M.AGTEX.FCPR",AGTEX
31074,MACACAO LONGO ESTAMPADO C/ ALCA FINA.AGTEX.FCPR,AGTEX
31075,MACACAO LONGO ALCA FINA C/ BABADO EM CIMA,AGTEX
31076,VESTIDO LONGO ESTAMPADO ALCA FINA C/ DETALHE TIPO NO NA FRENTE.AGTEX.FCPR,AGTEX
31077,VESTIDO LONGO ESTAMPADO C/ AMARRACAO NA FRENTE.AGTEX.FCPR,AGTEX
31078,CONJUNTO SAIA E CROPED ESTAMPADO C/ BOJO.AGTEX.FCPR,AGTEX
31079,CONJUNTO LISO DE CALCA E BLUSA .AGTEX.FCPR,AGTEX
31080,MACACAO CURTO COM BOTOES.AGTEX.FCPR,AGTEX
31081,CONJUNTO SAIA LONGA E CROPED LISO.AGTEX.FCPR,AGTEX
31082,"VESTIDO CURTO LISO M/M GOLA EM ""V"".AGTEX.FCPR",AGTEX
31083,CONJUNTO FEM SHORT + BATA ESTAMPADO.AGTEX.FJPR,AGTEX
31085,CALCA COM BOTAO E BOLSO.AGTEX.FCPR,AGTEX
31087,SHORT FEM DE ALFAIATARIA ESTAMPADO C/CINTO .AGTEX.FJPR,AGTEX
31088,SUTIA RENDA COM BOJO.AGTEX.FCPR,AGTEX
31089,VESTIDO LONGO LISO C/FENDA.AGTEX.FJPR,AGTEX
31090,SUTIA RENDA BOJO,AGTEX
31091,VESTIDO CURTO DE ALCA VISCOLINHO ESTAMPADO.AGTEX.FJAR,AGTEX
31092,VESTIDO CURTO VISCOLINHO DE ALCA ESTAMPADO.AGETX.FJPR,AGTEX
31093,VESTIDO LONGO TQC RUCHERD.AGTEX.FJPR,AGTEX
31094,MEIA FEM JUVENIL .SCHUMACHER.AASF,SCHUMACHER
31095,MEIA MASC JUVENIL.SCHUMACHER.AASF,SCHUMACHER
31096,VESTIDO MID VISCOLINHO DE ALCA ESTAMPADO.AGTEX.FJPR,AGTEX
31097,BLUSA FEM M/M DUNA C/AMARRACAO .AGTEX.FJAR,AGTEX
31098,BLUSA FEM DE ALCA FINA ASSIMETRICA C/LISTRA .AGTEX.FJPR,AGTEX
31099,TOP FAIXA SUPLEX C/BOJO.AGTEX.FJAR,AGTEX
31100,BLUSA TULE DE ALCA C/BRILHO.AGTEX.FJAR,AGTEX
31101,SAIA NEOPREME SPIKE.AGTEX.FJPR,AGTEX
31102,VESTIDO CURTO DUNA DE ALCA C/FAIXA.AGTEX.FJPR,AGTEX
31103,CROPPED CANELADO C/FLOR.AGTEX.FJAR,AGTEX
31104,CROPPED ALCA LARGA CANELADO.AGTEX.FJMS,AGTEX
31105,CROPPED ALCA LARGA CORSELET.AGTEX.FJMS,AGTEX
31106,CROPPED UM OMBRO SO C/LACO.AGTEX.FJMS,AGTEX
31107,SHORT FEM TRACKPANTS DE ALFAIATARIA.AGTEX.FJPR,AGTEX
31108,CANGA ESTAMPADA VARIADAS.SCHUMACHER.FPSL,SCHUMACHER
31109,CONJUNTO TOP C/SHORT ANA RUGA.AGTEX.FJPR,AGTEX
31110,TOP ALCA ESPAGUETE ELASTICO.AGTEX.FJAR,AGTEX
31111,BODY DECOTE EM V.AGTEX.FJAR,AGTEX
31112,BODY TQC SUPLEX.AGTEX.FJAR,AGTEX
31113,CALCINHA COM RENDA.LINDA BELLA.FIPR,LINDA BELLA
31114,CALCINHA ASA DELTA C/ RENDA.LINDA BELLA.FIPR,LINDA BELLA
31115,VESTIDO LONGO DE ALCA ESPAGUETE.AGTEX.FJPR,AGTEX
31116,REGATA FEM DE DRY PLUS SIZE.LINDA BELLA.FFPR,LINDA BELLA
31117,BLUSA FEM M/M DE DRY PLUS SIZE.LINDA BELLA.FFPR,LINDA BELLA
31118,SAIA CURTA PLISSADA LISA.AGTEX.FJAR,AGTEX
31119,VESTIDO DE TILE MANGA 3/4.AGTEX.FJPR,AGTEX
31120,SAIA MID CIRRE C/ZIPER.AGTEX.FJPR,AGTEX
31121,SAIA MID CIRRE C/ZIPE .AGTEX.FJPR,AGTEX
31122,CROPPED CORSELETE CETIM .AGTEX.FJPR,AGTEX
31123,MACAQUINHO FRENTE UNICA PLISSADO.AGTEX.FJPR,AGTEX
31124,BLUSA PLUS SIZE LISA ALCA ROMANTIQUE.ONLLEY.FPAR,ONLLEY
31125,REGATA COTTON PLUS SIZE.ONLLEY.FPAR,ONLLEY
31126,SHORT VISCOLYCRA PLUS SIZE.ONLLEY.FPAR,ONLLEY
31127,CAMISOLA LUIZA PLUS SIZE.AMORE MIO.FIPR,AMORE MIO
31128,SHORT DOOL DENISE PLUS SIZE.AMORE MIO.FIPR,AMORE MIO
31129,SHORT DOOL LUIZA.AMORE MIO.FIPR,AMORE MIO
31130,SHORT DOLL GIOVANNA .AMORE MIO.FIPR,AMORE MIO
31131,SHORT DOLL OLIVIA PLUS SIZE.AMORE MIO.FIPR,AMORE MIO
31132,SHORT SAIA ESTAMPADO.AME-SE.FJ,AME -SE
31133,SHORT SAIA LISAAME-SE.FCAR,AME -SE
31134,BLUSA FEM ALCA CORDA ESTAMPADA.AME-SE.FCAR,AME -SE
31135,BLUSA FEM DE ALAC CORDA LISA.AME-SE.FCAR,AME -SE
31136,MACAQUINHO DE CORDINHA ESTAMPADO.AME-SE.FCPR,AME -SE
31137,MACAQUINHO DE CORDINHA LISO.AME-SE.FCRP,AME -SE
31138,MACAQUINHO DE CORDINHA PLUS SIZE ESTAMPADO.AME-SE.FPPR,AME -SE
31139,MACAQUINHO DE CORDINHA PLUS SIZE LISO.AME-SE.FPPR,AME -SE
31140,BLUSA FEM DE CORDINHA PLUS SIZE ESTAMPADA.AME-SE.FPPR,AME -SE
31141,BLUSA FEM DE CODINHA PLUS SIZE LISA.AME-SE.FPPR,AME -SE
31142,"SHORT SAIA PLUS SIZE ESTAMPADA,AME-SE.FPPR",AME -SE
31143,SHORT SAIA PLUS SIZE LISA.AME-SE.FPPR,AME -SE
31144,BLUSA FEM DE ALCA FINA ASSIMETRICA.AGTEX.FPR,AGTEX
31145,CROPPED OVERSIZE LISO.SHOOTS.FJAR,SHOOTS
31146,CUECA BOXER PLUS.MYSTIC.MPBC,RODRIGO MINEIRO
31147,REGATA CAVADA MASC.LINDA BELLA.MJPR,LINDA BELLA
31148,REGATA BASICA COM VIVO MASC.LINDA BELLA.MJPR,LINDA BELLA
31149,CUECA INFANTIL TRADICIONAL LIS,GEOFAN /VIGOR
31150,VESTIDO LONGO ESTAMPADO OMBRO SO.CANDY BEE.FCPR,CANDY BEE
31153,BLUSA PLUS CANELADA ALCA LARGA.MINHA ESTAMPA.PSL,MINHA ESTAMPA
31154,CROPPED TORCIDO.CANDY BEE.FCPR,CANDY BEE
31155,CROPPED MADONA.CANDY BEE.FCPR,CANDY BEE
31156,SHORT LINHO ELASTANO.CANDY BEE.FCPR,CANDY BEE
31157,VESTIDO MADONA.CANDY BEE.FCPR,CANDY BEE
31158,SHORT COM CINTO ESTAMPADO.CANDY BEE.FCPR,CANDY BEE
31159,BATA .CANDY BEE.FCPR,CANDY BEE
31160,CALCA VISCOSE SARJADA.CANDY BEE.FCPR,CANDY BEE
31161,CROPPED VISCOLINHO.CANDY BEE.FCPR,CANDY BEE
31162,SHORT PAREO C/ AMARRACAO.CANDY BEE.FCPR,CANDY BEE
31163,VESTIDO BICOLOR.CANDY BEE.FCPR,CANDY BEE
31164,CROPPED ESTAMPADO ALCA FINA.CANDY BEE.FCPR,CANDY BEE
31165,MACACAODECOTE 'V'.CANDY BEE.FCPR,CANDY BEE
31166,BLUSA SARJADA PESADA.CANDY BEE.FCPR,CANDY BEE
31167,SHORT SARJADA PESADA,CANDY BEE
31168,SHORT SARJADA PESADA.CANDY BEE.FCPR,CANDY BEE
31169,SHORT SAIA SARJADO.CANDY BEE.FCPR,CANDY BEE
31170,BATA LISA C/LACINHO.CANDY BEE.FCPR,CANDY BEE
31171,CALCA FEM SARJADA LISA.CANDY BEE.FCPR,CANDY BEE
31172,SHORT FEM PLUS BARRA LONGA.CANDY BEE.FPPR,CANDY BEE
31173,CROPPED PLUS C/ELASTEX NAS COSTAS.CANDY BEE.FPPR,CANDY BEE
31174,VESTIDO 1 MARIA C/AMARACAO NO PESCOCO E ABERTO NA LATERAL .CANDY BEE.FCPR,CANDY BEE
31175,VESTIDO LONGO LACINHO E BOJO.CANDY BEE.FCPR,CANDY BEE
31176,BLUSA LACINHO .CANDY BEE.FJPR,CANDY BEE
31177,PRENDEDOR DE CABELO FLOR.LILI.AASF,LILI
31178,PRENDEDOR DE CABELO GRANDE VARIADAS.LILI.AASF,LILI
31179,PRENDEDOR DE CABELO PEROLA.LILI.AASF,LILI
31180,VISEIRAS COLORIDAS VARIADAS.SCHUMACHER.AASF,SCHUMACHER
31181,VESTIDO DE LINHO ESTAMPADO.CANDY BEE.FCPR,CANDY BEE
31182,SHORT SAIA DE LINHO ESTAMPADO.CANDY BEE.FCPR,CANDY BEE
31183,CROPPED DE LINHO ESTAMPADO.CANDY BEE.FCPR,CANDY BEE
31184,SHORT DE VISCOSE COM ELASTICO.KS.FJAR,KS
31185,CALCA DE PRAIA.MACTUBE.FRAR,MACTUBE
31186,SHORT SAIDA DE PRAIA.MACTUBE.FRAR,MACTUBE
31187,SHORT BASICO FEM JUV S/BOLSO MOLETINHO.GOOD BLESS.IA4PR,GOOD BLESS
31188,BLUSA TRICOT TRICOLOR.CHARME.FJPR,CHARME
31189,CALCINHA SEM COSTURA 5CM ESTAMPADA.SCHUMACHER.,SCHUMACHER
31190,CALCINHA S/COSTURA 5CM LISA.SCHUMACHER.FIBC,SCHUMACHER
31191,SAIA VISCOLYCRCA COM FENDA PLUS SIZE.ANINHA.FPAR,ANINHA
31192,SAIA TRICOT LISA COM FENDA.AMORA.FJPR,AMORA
31193,CROPPED M/M TRICOT.AMORA.FJPR,AMORA
31194,BLUSA TOMARA QUE CAIA TRICOT.AMORA.FJPR,AMORA
31195,BLUSA TOMARA QUE CAIA TRICOT C/PEROLA.AMORA.FJPR,AMORA
31196,BLUSA ALCA FINA TRICOT SPIKE.AMORA.FJPR,AMORA
31197,BLUSA M/M TRICOT.LUMA.FJPR,LUMA
31198,MINI VENTILADOR USB FAN. FEIRAO DA MAQUIAGEM. AASF,FEIRÃO DA MAQUIAGEM
31199,KIT BICO DE PATO PEDRARIA.FEIRAO DA MAQUIAGEM.AASF,FEIRÃO DA MAQUIAGEM
31200,CALCA FEM PANTACURT C/FENDA.GLOSS MODA.FCAR,GLOSS MODA
31201,MACAQUINHO PANTACURT LISO.GLOSS MODA.FCAR,GLOSS MODA
31202,MACAQUINHO PANTACURT ESTAMPADO.GLOSS MODA.FCAR,GLOSS MODA
31203,CONJUNTO FEM INTIMUS C/ RENDA.CALIFORNIA.FIPR,CALIFORNIA
31204,CONJUNTO FEM INTIMO LUA BELLA.CALIFORNIA.FIPR,CALIFORNIA
31205,SUTIA PLUS CAROL .CALIFORNIA.FIPR,CALIFORNIA
31206,SUTIA MARIA LISO.CALIFORNIA.FIPR,CALIFORNIA
31208,SUTIA AURORA.CALIFORNIA.FIPR,CALIFORNIA
31209,SUTIA MARINEZ.CALIFORNIA.FIPR,CALIFORNIA
31210,BOLSA FEM ALCA COBRA.LILI.AASF,LILI
31211,BOLSA FEM BAU COM DETALHES COURO.LILI.AASF,LILI
31212,BLUSA FEM DE ALCA ESTAMPADA C/BABADO.AGTEX.FCPR,AGTEX
31213,MAIO INFANTIL C/BABADINHO ALCA CRUZADA.HANGAR.IA4AR,HANG CONFECÇÕES
31214,SAIDA DE PRAIA INTANTIL.HANGAR.IA4AR,HANGAR
31215,BIQUINI INFANTIL C/BABDO DE AMARRAR ESTAMPADO.HANGAR.IA4AR,HANGAR
31216,CUECA BOXER C/LISTRAS.HANGAR.MIBC,HANGAR
31217,"VESTIDO CURTO ESTAMPADO M/M GOLA EM ""V"".AGTEX.FCPR",AGTEX
31218,BIQUINI LISO PLUS C/DELALHES NO BUSTO E TIRAS LATERAIS.HANGAR.FPAR,HANGAR
31219,BIQUINI PLUS C/BOJO E CALCINHA COS ALTOLISO .HANGAR.FPPR,HANGAR
31220,BIQUINI PLUS C/BOJO E CALCINHA COS ALTA ESTAMPADA.HANGAR.FPPR,HANGAR
31221,BIQUINI ADULTO C/ BOJO E CALCINHA SHORT.HANGAR.FPPR,HANGAR
31222,BIQUINI CALCINHA COS ALTO DE BOLINHA.HANGAR.FPPR,HANGAR
31223,BIQUINI ADULTO LEVANTA BUM BUM ESTAMPADO.HANGAR.FPPR,HANGAR
31224,BIQUINI ADULTO PLUS SEREIA CALCINHA COS ALTO .HANGAR.FPPR,HANGAR
31225,SHORT INFANTIL ASSIMETRICO 4 BOTOES.COSTAO.IA4PR,MALHARIA COSTÃO
31226,SAIA MID INF ESTAMPADA 1 MARIA.COSTAO.IA4PR,MALHARIA COSTÃO
31227,VESTIDO BICOLOR CANELADO. ALEGAM. FJSL,ALEGAM
31228,CAMISA M/M MASC.BY FOR MEN.MCPR,BY FOR MEN
31229,BERMUDA MASC PLUS JEANS CLARA.JEZZIAN.MEPR,JEZZIAN
31230,BERMUDA MASC PLUS JEANS ESCURO RAJADO.JEZZIAN.MPPR,JEZZIAN
31231,BERMUDA MASC PLUS JEANS ESCURO BASICA.JEZZIAN.MPPR,JEZZIAN
31232,BERMUDA MASC PLUS JEANS CLARA.JEZZIAN.MPPR,JEZZIAN
31233,BERMUDA MASC PLUS JEANS CLARA .JEZZIAN.MPPR,JEZZIAN
31234,BERMUDA JEANS MASC LAVAGEM CLARA.JEZZIAN.MEPR,JEZZIAN
31235,BERMUDA MASC JEANS BASICA ESCURA.JEZZZIAN.MEPR,JEZZIAN
31236,BERMUDA MASC JEANS BARRA DOBRADA ESCURA.JEZZIAN.MEPR,JEZZIAN
31237,BERMUDA MASC COLLOR SARJA .JEZZIAN.,JEZZIAN
31238,CALCA MASC JEANS PLUS LAVAGEM CLARA.JEZZIAN.MPPR,JEZZIAN
31239,CALCA MASC JEANS PLUS BASICA.JEZZIAN.MPPR,JEZZIAN
31240,"CALCA MASC JEANS PLUS,JEZZIAN.MPPR",JEZZIAN
31241,BERMUDA MASC ALFAIATARIA(VERDE/CARAMELO/AZUL/OFFWHITE).JEZZIAN.MCPR,JEZZIAN
31242,BERMUDA MASC DE MALHA C/BOLSO.JEZZIAN.MJPR,JEZZIAN
31243,CAMISETA MASC DE MALHA.JEZZIAN.MJAR,JEZZIAN
31244,TOALHA DE BANHO ESTAMPADA.RODOLFO.CAMS,RODOLFO
31245,TOALHA DE BANHO LISA.RODOLFO.CAMS,RODOLFO
31246,REGATA MACHAO HUNTINGTON.LEASH.MJAR,LEASH
31247,SHORT FEM FLARE RIBANA.LEASH.FJAR,LEASH
31248,REGATA FEM MULLET ESTONADA.LEASH.FJAR,LEASH
31249,BLUSA FEM M/M ESTONADA CALIFORNIA.LEASH.FJAR,LEASH
31250,BLUSA FEM MC NEWY.LEASH.FJAR,LEASH
31251,BLUSA FEM M/M DECOTE V.LEASH.FJAR,LEASH
31252,BLUSA FEM LETTUCE.LEASH.FJAR,LEASH
31253,BLUSA FEM M/M FAITH.LEASH.FJAR,LEASH
31254,BLUSA FEM M/M PLUS C/BOTOES.FCPR,CANDY BEE
31255,SHORT SAIA PLUS SIZE ESTAMPADO.CANDY BEE.FPPR,CANDY BEE
31256,VESTIDO LONGO PLUS SIZE ESTAMPADO C/ALCA .CANDY BEE.FPPR,CANDY BEE
31257,"MACAQUINHO PLUS SIZE DE VISCOSE ESTAMPADO.CANDY BEE,.FPPR",CANDY BEE
31258,BLUSA REGATA FEM PLUS SIZE VISCOSE LISA.CANDY BEE.FPPR,CANDY BEE
31259,VESTIDO LONDO PLUS SIZE.CANDY BEE.FPPR,CANDY BEE
31260,MACAQUINHO PLUS SIZE C/NO TORCIDO.CANDY BEE.FPPR,CANDY BEE
31261,BLUSA FEM PLUS SIZE MANGA JAPONEJA.CANDY BEE.FPPR,CANDY BEE
31262,SHORT FEM PLUS S/BOLSO.CANDY BEE.FPPR,CANDY BEE
31263,MACACAO PLUS SIZE C/AMARRACAO.CANDY BEE.FPPR,CANDY BEE
31264,CROPPED CANELADA DE ALCA LARISSA. MINHA ESTAMPA. FJSL,MINHA ESTAMPA
31265,CALCA FEM PLUS SIZE LISA C/CINTO.CABDY BEE.FPPR,CANDY BEE
31266,SHORT FEM PLUS SIZE C/CINTO.CANDY BEE.FPPR,CANDY BEE
31267,BLUSA FEM PLUS SIZE C/LASTEX ESTAMPADA.CANDY BEE.FPPR,CANDY BEE
31268,VESTIDO CURTO PLUS SIZE ESTAMPADO.CANDY BEE.FPPR,CANDY BEE
31269,COPO TERMICO 1200ML.LILI.AASF,LILI
31270,VISEIRA INFANTIL PALHA. LILI. AASF,LILI
31271,BOLSA INFANTIL C/ FLOR. LILI. AASF,LILI
31272,BOLSA INFANTIL PALHA. LILI. AASF,LILI
31273,CHAPEU INFANTIL PALHA. LILI. AASF,LILI
31274,SHORT FEM C/ BOLSO,CANDY BEE
31275,BLUSA FEM DE ALCA FINA PLUS SIZE ESTAMPADA,ONLLEY
31276,BABY LOOK GOLA REDONDA.SHOOTS.FJAR,SHOOTS
31277,ALICATE DE UNHA COM LIXA .GABRIEL CAMP.AASF,GABRIEL CAMP
31278,LIXA DE PE.GABRIEL CAMP.AASF,GABRIEL CAMP
31279,LEQUE.GABRIEL CAMP.AASAF,GABRIEL CAMP
31280,FAIXA DE CABELO.GABRIEL CAMP.AASF,GABRIEL CAMP
31281,KIT VIAGEM.GABRIEL CAMP.AASF,GABRIEL CAMP
31282,HIDRATANTE LABIAL ADESIVO.GABRIEL CAMP.AASF,GABRIEL CAMP
31283,PIJAMA INF MENINA BABY DOLL REGATA.KAFA.IA4PR,KAFA
31284,PIJAMA INFATIL MENINO REGATA.KAFA.IO4PR,KAFA
31293,ESCOVA DE BANHO.GABRIELCAMP.AASF,GABRIEL CAMP
31294,CALCINHA DE RENDA COS ALTO.EXPLORER.FIPR,EXPLORER
31295,CONJUNTO INTIMO CANELADO C/RENDA LUCIANA.EXPLORER.FIPR,EXPLORER
31296,CONJUNTO INTIMO C/RENDA SUELLEN.EXPLORER.FIPR,EXPLORER
31297,CONJUNTO INTIMO CANELADO LARY.EXPLORER.FIPR,EXPLORER
31298,CONJUNTO INTIMO MELISSA.EXPLORER.FIPR,EXPLORER
31299,CAMISOLA C/RENDA PLUS SIZE.EXPLORER.FIPR,EXPLORER
31300,CALCINHA COS COM ELASTICO.EXPLORER.FIPR,EXPLORER
31301,CONJUNTO FEM INTIMO MAYA.EXPLORER.FIPR,EXPLORER
31302,CALCINHA CANELADA.EXPLORER.FIPR,EXPLORER
31303,SUTIA PLUS SIZE C/DETALHE EM RENDA.EXPLORER.FIPR,EXPLORER
31304,BABY LOOK GOLA V CANELADA.MARIA CHIC.FJAR,MARIA CHIC
31305,CAMISETA MASC M/M MALHA.MARIA CHIC.MJAR,MARIA CHIC
31306,BERMUDA MASC MOLETINHO .MARIA CHIC.MJAR,MARIA CHIC
31307,REGATA MASC DE HELANCA.MARIA CHIC.MJAR,MARIA CHIC
31308,SHORT MASC DE HELANCA .MARIA CHIC.MJAR,MARIA CHIC
31309,CAMISETA MASC M/M DE DRY.MARIA CHIC.MJAR,MARIA CHIC
31310,REGATA MASC CANELADA .MARIA CHIC.MJAR,MARIA CHIC
31311,BABY LOOK DRY. MARIA CHIC.FFPR,MARIA CHIC
31312,SHORT FEM COM BOLSO DRY. MARIA CHIC.FFPR,MARIA CHIC
31313,REGATA DRY. MARIA CHIC.FFPR,MARIA CHIC
31314,BLUSA DE ALCA FINA ESTAMPADO.MARIA CHIC.FJAR,MARIA CHIC
31315,SHORT FEM VISCOLYCRA FORMATO SAIA.BELLA MODA.FJAR,BELLA MODA
31316,CROPPED CANELADO ALCA FINA.MINHA ESTAMPA.FJAR,MINHA ESTAMPA
31317,SHORT DOLL ALCA FINA ESTAMPADO.BELLA CHICCA.FIAR,BELLA MODA
31318,TOALHA DE PRAIA VARIADA ESTAMPADA.RODOLFO.AASF,RODOLFO
31319,SHORT DUNA PLUS SIZE.SAQUINHO.FPAR,SAQUINHO
31320,VESTIDO TRAPEZIO.POTENCIA MODAS.FJSL,POTÊNCIA MODAS
31321,VESTIDO INDIANDO LONGO.POTENCIA MODAS.FJSL,POTÊNCIA MODAS
31322,BODY POLIAMIDA .POTENCIA MODAS. FJSL,POTÊNCIA MODAS
31323,BLUSAO MASC VISCOSE.POTENCIA MODAS.MJSL,POTÊNCIA MODAS
31324,CAMISETA MALHA LISA INF.POTENCIA MODAS.IO4SL,POTÊNCIA MODAS
31325,CAMISETA ESTAMPADA INF.POTENCIA MODA.IO4SL,POTÊNCIA MODAS
31326,SHORT ALFAIATARIA PLUS SIZE C/BOTOES.POTENCIA MODAS.FPSL,POTÊNCIA MODAS
31327,CALCA ALFAIATARIA PLUS SIZE.POTENCIA MODAS.FPSL,POTÊNCIA MODAS
31328,SHORT ALFAIATARIA C/CINTO PLUS SIZE.POTENCIA MODAS.FPSL,POTÊNCIA MODAS
31329,SUTIA REFORCADO S/BOJO PLUS SIZE.MORENA CARIOCA.FIPR,MORENA CARIOCA
31330,SUTIA BOJAO.MORENA CARIOCA.FIPR,MORENA CARIOCA
31331,SUTIA NADADOR PLUS SIZE C/BOJO.MORENA CARIOCA.FIPR,MORENA CARIOCA
31332,SUTIA REFORCADO C/RENDA PLUS SIZE.FIPR,MORENA CARIOCA
31333,TOUCA DE BANHO.GABRIELCAMP.AASF,GABRIEL CAMP
31334,SHORT ESTAMPADO.MARIA CHIC.FJAR,MARIA CHIC
31335,BOLSA DE PRAIA.MACTUBE.AASF,MACTUBE
31336,PORTA PERFUME.GABRIEL CAMP.AASF,GABRIEL CAMP
31337,BERMUDA JORTS FEM COS ALTO.MAXDENIM.FCPR,MAX DENIM
31338,CALCA FEM COS ALTO PRETA SKINNY.MAXDENIM.FCPR,MAX DENIM
31339,CALCA MASC CARGO PRETA.MAX DENIM.MCPR,MAX DENIM
31340,CALCA MASC CARGO VERDE ESCURO.MAX DENIM.MCPR,MAX DENIM
31341,CALCA FEM COS ALTP BRANCA.MAX DENIM.FCPR,MAX DENIM
31342,CALCA MASC CARGO KAKI CLARO.MAX DENIM.MCPR,MAX DENIM
31343,SHORT FEM COS ALTO LISTRADO.MAXDENIM.FCPR,MAX DENIM
31344,CALCA CARGO CAQUI ESCURO.MAX DENIM.MCPR,MAX DENIM
31345,CALCA MASC SLIM FIT AREIA .MAX DEMIN.MCPR,MAX DENIM
31346,CALCA MASC SLIM PRETA.MAX DENIM.MCPR,MAX DENIM
31347,CALCA MASC SLIM CAQUI CLARO.MAX DENIM.MCPR,MAX DENIM
31348,CALCA MASC SUPER SKINNY PREMIUM.MAX DENIM.MCPR,MAX DENIM
31349,CALCA FEM RETA PREMIUM.MAX DENIM.FCPR,MAX DENIM
31350,BERMUDA MASC CARGO PRETA.MAX DENIM.MCPR,MAX DENIM
31351,BERMUDA MASC CARGO kakI CLARO.MAX DEMIN.MCPR,MAX DENIM
31352,BERMUDA MASC CARGO AREIA.MAX DENIM.MCPR,MAX DENIM
31353,BERMUDA MASC CARGO CINZA CHUMPO.MAX DENIM. MCPR,MAX DENIM
31354,REGATA MASC LISTRADA.LEASH.MJPR,LEASH
31355,SAIA FEM CARGO.BRUNO BELEZAURO.FEPR,BRUNO BELEZAURO
31356,BRINCO BIJU.GABRIEL KAMP.AASF,GABRIEL CAMP
31357,BRINCO DE ACO.GABRIEL CAMP.AASF,GABRIEL CAMP
31358,BLUSA FEM CANELADA GOLA REDONDA.MINHA ESTAMPA.FJAR,MINHA ESTAMPA
31359,REGATA RIBANA CANELADA.MINHA ESTAMPA.FJAR,MINHA ESTAMPA
31360,CAMISA DE BOTAO MASC ESTAMPADO.AGTEX.MJAR,AGTEX
31361,"REGATA INF MASC DE MALHA LISA,.ALEGAM.IO4AR",ALEGAM
31362,BERMUDA MASC CARGO SARJA TERRA.JEZZIAN.MCPR,JEZZIAN
31363,BERMUDA MASC CARGO SARJA CINZA.JEZZIAN.,JEZZIAN
31364,BERMUDA MASC CARGO SARJA BRANCA.JEZZIAN.MJPR,JEZZIAN
31365,CONJUNTO FEM JUVENIL MOLETINHO CROPPED E SHORT.GOOD BLESS.IA4PR,GOOD BLESS
31366,MEIAS MASC CANO ALTO KIT C/ 2 PARES.BLUE JEANS.AASF,BLUE JEANS
31367,VESTIDO REGATA VISCOSE C/ BABADO LISO.AME-SE.FCPR,AME -SE
31368,VESTIDO REGATA VISCOSE C/ BABADO ESTAMPADO.AME-SE.FCPR,AME -SE
31369,CROPPED CANELADO NADADOR DE ALCA FINA.SEA SURF.FJAR,SEA SURF
31370,REGATA CROPPED FEM VARIADAS.LEASH.FJPR,LEASH
31371,CROPPED FEM ESTAMPADO VARIADOS.LEASH.FJAR,LEASH
31372,NECESAIRE ESTAMPADA VARIADA. GABRIEL CAMP. AASF,GABRIEL CAMP
31373,CALCA MASC SLIM FIT AZUL.MAXDENIM,MAX DENIM
31374,CAMISETA T-SHIRT ESTAMPADA VARIADAS.LEASH.FJAR,LEASH
31375,BERMUDA MASC CARGO SARJA VERDE.JEZZIAN.MCPR,JEZZIAN
31376,CALCA MASC DE ALFAIATE SARJA CARAMELO.JEZZIAN.MCPR,JEZZIAN
31377,BERMUDA MASC CARGO SARJA MARINHO.JEZZIAN.MCPR,JEZZIAN
31378,CALCA MASC ALFAIATARIA PRETA.JEZZIAN.MCPR,JEZZIAN
31379,CALCA MASC ALFAIATARIA CINZA.JEZZIAN.MCPR,JEZZIAN
31380,PIJAMA FEM INF DE MALHA LICENCIADO .CAEDU.IA4AR,CAEDU
31381,PIJAMA INFANTIL MENINO DE MALHA LICENCIADO VARIADOS.CAEDU..IO4AR,CAEDU
31382,REGATA FEM CANELADA GOTA.ONLLEY.FPAR,ONLLEY
31383,REGATA FEM VISCOLYCRA GOTA.ONLLEY.FPAR,ONLLEY
31384,SHORT JUV MENINA MOLETINHO BOLSO.GOOD BLESS.IA4SL,GOOD BLESS
31385,CROPPED JUV MENINA MOLETINHO.GOOD BLESS.IA4SL,GOOD BLESS
31386,BLUSA UM OMBRO SO ESTAMPADA.ONLLEY.FJAR,ONLLEY
31388,CAMISOLA ESTAMPADA COM BOTOES.DIONES.FIPR,DIONES
31389,SHOR DOLL CAPRI.DIONES.FIPR,DIONES
31390,CROPPED FRENTE UNICA CETIM.AGTEX.FJSL,AGTEX
31391,PORTA CRACHA P/ AUTISTA.AGTEX.AASF,AGTEX
31392,PORTA CRACHA.AGTEX.AASF,AGTEX
31393,TOUCA NERO WIG CAP.AGTEX.AASF,AGTEX
31394,KIT ESPONJA.AGTEX.ASSF,AGTEX
31395,CANETA DELINEADORA.AGTEX.ASSF,AGTEX
31396,TOUCA DE CETIM DUPLA FACE.AGTEX.ASSSF,AGTEX
31397,TOUCA DE CETIM BASICA.AGTEX.AASF,AGTEX
31398,TOUCA TEDDY.AGTEX.AASF,AGTEX
31399,BATOM INFANTIL PRINCESA.AGTEX.AASF,AGTEX
31400,FRASCO SKIN CARE.AGTEX.AASF,AGTEX
31401,FRASCO DE PERFUME MAIOR.AGTEX.AASF,AGTEX
31402,PO DE BANANA LADY B.AGTEX.AASF,AGTEX
31403,PO DE CHOCOLATE FACIAL.AGTEX.AASF,AGTEX
31404,KIT PREGADEIRA PEQUENA C/ 6.AGTEX.AASF,AGTEX
31405,PREGADEIRA MEDIA.AGTEX.AASF,AGTEX
31406,ESCOVA DE CABELO MINNIE.AGTEX.AASF,AGTEX
31407,MINI PREGADEIRA DOURADA.AGTEX.AASF,AGTEX
31408,PREGADEIRA PLASTICO P.AGTEX.AASF,AGTEX
31409,UNHA POSTICA INFANTIL.AGTEX.AASF,AGTEX
31410,PULSEIRA DE MICANGA INFANTIL.AGTEX.AASF,AGTEX
31411,ELASTICO DE MOLA .AGTEX.AASF,AGTEX
31412,CHAVEIRO 3D PERSONAGEM.AGTEX.AASF,AGTEX
31413,BOLSA ELASTICO.AGTEX.AASF,AGTEX
31414,XUXINHA COM ORELHA.AGTEX.AASF,AGTEX
31415,XUXINHA DE VELUDO.AGTEX.AASF,AGTEX
31416,PROTETOR DE MAMILO.AGTEX.AASF,AGTEX
31417,KIT NAVALHA FEMINIO.AGTEX.AASF,AGTEX
31418,BLUSA CANELADA PLUS SIZE.MINHA ESTAMPA.FPAR,MINHA ESTAMPA
31419,KIT DE ELASTICO INFANTIL.AGTEX.AASF,AGTEX
31420,CINTO DE COURINHO.AGTEX.AASF,AGTEX
31421,CORRETIVO LUA NEVE.AGTEX.AASF,AGTEX
31422,LAPIS LABIAL MARROM.AGTEX.AASF,AGTEX
31423,HIDRA GLOOS.AGTEX.AASF,AGTEX
31424,LIP OIL LUA E NEVE.AGTEX.AASF,AGTEX
31425,LIP BALM.AGTEX.AASF,AGTEX
31426,PO DE FADA LIVAI.AGTEX.AASF,AGTEX
31427,GLOSS LABIAL BLACK PINK.AGTEX.AASF,AGTEX
31428,ILUMINADOR.AGTEX.AASF,AGTEX
31429,DELINEADOR LUA E NEVE.AGTEX.AASF,AGTEX
31430,MASCARA DE CILIOS TEG.AGTEX.AASF,AGTEX
31431,MASCARA DE CILIOS TROPICO.AGTEX.AASF,AGTEX
31432,LAPIS DE OLHO SAFIRA.AGTEX.AASF,AGTEX
31433,LIP GLOOS YALANNI MINNIE.AGTEX.AASF,AGTEX
31434,BATOM CHOCO FUN FENZA.AGTEX.AASF,AGTEX
31435,MOUSSE MICELAR VARIADOS.AGETX.AASF,AGTEX
31436,LIP GLOSS LILO E STITCH.AGTEX.AASF,AGTEX
31437,SHORT DOLL ALCA ESTAMPADO POLIESTER.MINHA ESTAMPA.FISL,MINHA ESTAMPA
31438,DELINEADOR LUA E NEVE.AGTEX.AASF,AGTEX
31439,BASE FLUIDA BASIQUINHA.AGTEX.AASF,AGTEX
31440,RIMEL VOLUME INTENSO.AGTEX.AASF,AGTEX
31441,BATOM LUA E NEVE.AGTEX.AASF,AGTEX
31442,BLUSH STICK AMOR ANJO.AGTEX.AASF,AGTEX
31443,MARIA PINK LHAMA.AGTEX,AGTEX
31444,PRENDEDOR TIC TAC.AGTEX.AASF,AGTEX
31445,BASE MATE COBRE TUDO.AGTEX.AASF,AGTEX
31446,MANTEIGA DE CACAU.AGTEX.AASF,AGTEX
31447,TIARA NO RIBANA,AGTEX
31448,COLAR RESINADO.AGTEX.AASF,AGTEX
31449,COLAR COM BRINCO.AGTEX.AASF,AGTEX
31450,CAMISOLA ESTAMPADA INFANTIL MENINA .DELLA SPIGA.IA4SL,DELA SPIGA
31451,CALCA FEM MOLETOM BASICA PLUS SIZE VERDE MUSGO .FPPR,CAEDU
31452,CALCA FEM MOLETOM PLUS SIZE MESCLA.CAEDU.FPPR,CAEDU
31453,CALCA FEM MOLETOM BASICA PLUS SIZE PRETA.CAEDU.FPPR,CAEDU
31454,CASACO FEM DE MOLETOM PLUS SIZE MESCLA ESCURO.CAEDU.FPPR,CAEDU
31455,CASACO FEM MOLETOM C/CAPUZ CINZA CLARO.CAEDU.FPPR,CAEDU
31456,CASACO FEM DE MOLETOM C/CAPUZ VERDE.CAEDU.FPAR,CAEDU
31457,CASACO FEM DE MOLETOM C/CAPUZ PRETO.CAEDU.FPAR,CAEDU
31458,CALCA MASC CARGO MOLETOM.CAEDU.MJAR,CAEDU
31459,CALCA MASC MOLETOM JOGGER MESCLA.CAEDU.MJAR,CAEDU
31460,CALCA MASC JOGGER PLUS MESCLA.CAEDU.MPAR,CAEDU
31461,CALCA MASC PLUS JOGGER.CAEDU.MPAR,CAEDU
31462,CASACO MASC PLUS C/CAPUZ PUFFER.CAEDU.MPPR,CAEDU
31463,CASACO MASC DE MOLETOM C/CAPUZ NILON PUFFER PRETA .CAEDU.MPPR,CAEDU
31464,MANTA PERSONAGEM SOLT STITCH.CAEDU.AASF,CAEDU
31465,MANTA PERSONAGEM MINNIE+MICKEY.CAEDU.AASF,CAEDU
31466,MANTA PERSONAGEM MICKEY MENINOS.CAEDU.AASF,CAEDU
31467,MANTA PERSONAGEM SPIDER MAN.CAEDU.AASF,CAEDU
31468,KIT CALCINHA CANELADA S/COSTURA ROSA/AZUL.CAEDU.FIAR,CAEDU
31469,KIT CALCINHA S/COSTURA JACQUARD AZUL /MESCLA.AASF,CAEDU
31470,KIT CALCINHA S/COSTURA JACQUARD MESLA/ROSA.CAEDU.FIAR,CAEDU
31471,KIT CALCINHA S/COSTURA BRANCO/ROSA.CAEDU.FIAR,CAEDU
31472,CALCINHA S/COSTURA COS ALTO MESCLA.CAEDU.FIAR,CAEDU
31473,CALCINHA S/COSTURA COS ALTO LISTRADA.CAEDU.FIAR,CAEDU
31474,CALCINHA S/COSTURA SUPER ALTA .CAEDU.FIAR,CAEDU
31475,KIT CALCINHA S/COSTURA CANELADA CINZA/BEGE.CAEDU.FIAR,CAEDU
31476,PIJAMA M/L POLY FLORAL.CAEDU.FIAR,CAEDU
31477,PIJAMA M/L POLY ONCA AZUL.CAEDU.FIAR,CAEDU
31478,PIJAMA M/L POLY FLORAL AZUL.CAEDU.FIAR,CAEDU
31479,PIJAMA M/M POLY CAPRICORNIO.CAEDU.FIAR,CAEDU
31480,PIJAMA M/L POLY MALHA AZUL.CAEDU.FIAR,CAEDU
31481,PIJAMA M/M POLY LISTRAS VINHO.CAEDU.FIAR,CAEDU
31482,PIJAMA M/L POLAR ZEBRA BRANCO/AZUL.CAEDU.FIAR,CAEDU
31483,PIJAMA M/L POLAR FLORAL AZUL .CAEDU.FIAR,CAEDU
31484,PIJAMA M/L POLAR CORACOES.CAEDU.FIAR,CAEDU
31485,PIJAMA M/L POA ROSA.CAEDU.FIAR,CAEDU
31486,SUTIA SEM COSTURA MESCLA.CAEDU.FIAR,CAEDU
31487,SUTIA SEM COSTURA .CAEDU.FIPAR,CAEDU
31488,SUTIA SEM COSTURA BRANCO.CAEDU.FIAR,CAEDU
31489,TOP SEM COSTURA VERMELHO.CAEDU.FIAR,CAEDU
31490,TOP S/COSTURA BRANCO.CAEDU.FIAR,CAEDU
31491,PULSEIRA PANDORA.AGTEX.AASF,AGTEX
31492,PRESILHA.AGTEX.AASF,AGTEX
31493,ESCOVA POLVO.AGTEX.AASF,AGTEX
31494,CAMISA FEM SUEDE MARROM.CAEDU.FCPR,CAEDU
31495,JAQUETA FEM PUFFER ULTRALEVE PRETA.CAEDU.FCPR,CAEDU
31496,JAQUETA FEM PUFFER MARROM.CAEDU.FCPR,CAEDU
31497,CAMISA FEM M/L PRETO.CAEDU.FCPR FCIC001A FCIC001A,CAEDU
31498,CAMISA FEM M/L VERMELHA.CAEDU.FCPR,CAEDU
31499,CAMISA FEM M/L ESTAMPADO.CAEDU.FCPR,CAEDU
31500,CAMISA FEM M/L ONCINHA.CAEDU.FCPR,CAEDU
31501,PULSEIRA VIVARA VARIADAS. GABRIEL CAMP. AASF,GABRIEL CAMP
31502,KIT PREGADEIRA DE FLOR C/3. GABRIEL CAMP. ASSF,GABRIEL CAMP
31503,KIT XUXINHA DE CABELO MEIA. GABRIEL CAMP. AASF,GABRIEL CAMP
31504,SUETER FEM CHENILLE LARANJA.CAEDU.FCPR,CAEDU
31505,SUETER FEM CHENILLE OFF WHITE.CAEDU.FCPR,CAEDU
31506,SUETER FEM CHENILLE AZUL.CAEDU.FCPR,CAEDU
31507,CORDAO SUPORTE PARA CELULAR. GABRIEL CAMP.ASSF,GABRIEL CAMP
31508,SUETER FEM CHANILLE BEGE.CAEDU.FCPR,CAEDU
31509,SUETER FEM CHANILLE VERDE.CAEDU.FCPR,CAEDU
31510,BLUSA FEM M/L TRICOT PRETA.CAEDU.FCPR,CAEDU
31511,BLAZER FEM ALFAIATARIA PLANO.CAEDU.FCPR,CAEDU
31512,CALCA FEM DE MOLETOM BASICA PRETA.CAEDU.FJAR,CAEDU
31514,CALCA FEM DE MOLETOM BASICA CREME.CAEDU.FJAR,CAEDU
31515,CALCA FEM DE MOLETOM BASICA CINZA CLARO .CAEDU.FJAR,CAEDU
31517,CALCA FEM DE MOLETOM BASICA ROSA.CAEDU.FJAR,CAEDU
31518,CALCA FEM DE MOLETOM BASICA VERMELHA.CAEDU.FJAR,CAEDU
31520,CALCA FEM DE MOLETOM PLUSH JOGGER PRETA.CAEDU.FJAR,CAEDU
31521,CALCA FEM DE MOLETOM PLUSH JOGGER BEGE.CAEDU.FJAR,CAEDU
31522,JAQUETA FEM POLAR PRETA .CAEDU.FJPR,CAEDU
31523,JAQUETA FEM POLAR BRANCA.CAEDU.FFPR,CAEDU
31524,JAQUETA FEM POLAR ROXA.CAEDU.FJPR,CAEDU
31525,BLUSA M/M POLYBRUSH PRETA.CAEDU.FFAR,CAEDU
31526,BLUSA FEM M/M POLYBRUSH BRANCA.FFAR FEL014B,CAEDU
31527,BLUSA FEM M/M POLYBRUSH MESCLA.CAEDU.FFAR,CAEDU
31528,BLUSA FEM M/M POLYBRUSH ROSA.CAEDU.FFAR,CAEDU
31529,BLUSA FEM M/M POLYBRUSH VERDE.CAEDU.FFAR,CAEDU
31530,BERMUDA MASC DE MOLETOM PLUS SIZE.GOOD BLESS.MPAR,GOOD BLESS
31531,BOIA UNICORNIO.GABRIEL KAMP.AASF,GABRIEL CAMP
31532,BOIA COLETE.GABRIEL CAMP.AASF,GABRIEL CAMP
31533,BOIA ANIMAIS VARIADOS.GABRIEL CAMP.AASF,GABRIEL CAMP
31534,BOIA PARA BRACOS.GABRIEL CAMP.AASF,GABRIEL CAMP
31535,CORDAO PARA CELULAR .GABRIEL CAMP.AASF,GABRIEL CAMP
31536,CORDAO PARA CELULAR BILHOSO P.GABRIEL CAMP.AASF,GABRIEL CAMP
31537,CORDAO PARA CELULAR BILHOSO G.GABRIEL CAMP.AASF,GABRIEL CAMP
31538,CAPA DE CHUVA PORTATIL.GABRIEL CAMP.AASF,GABRIEL CAMP
31539,COPO NEYMAR 1200 ML.GABRIEL CAMP.AASF,GABRIEL CAMP
31540,VENTILADOR PARA MAKE.GABRIEL CAMP.AASF,GABRIEL CAMP
31541,FONE AIR DOTS.GABRIEL CAMP.AASF,GABRIEL CAMP
31542,FONE REDMI.GABREL CAMP.AASF,GABRIEL CAMP
31543,CAPA PROTETORA P/CELULAR .GABRIEL CAMP.AASF,GABRIEL CAMP
31544,PROTETOR DE PESCOCO PARA VIAGEM.GABRIEL CAMP,GABRIEL CAMP
31545,PULSEIRA VIVARA.GABRIEL CAMP.AASF,GABRIEL CAMP
31546,CAIXA C/XUXINHAS.GABRIEL CAMP.AASF,GABRIEL CAMP
31547,SUTIA PUSH UP.GABRIEL CAMP.AASF,GABRIEL CAMP
31548,MACAQUINHO CANELADO DE ALCA PLUS SIZE.VESTE BEM.FPAR,VESTE BEM
31549,SUTI A C/ BOJO TAMARA QUE CAIA 3/1.VERSALLY.FIPR,VERSALLY
31550,SUTIA PLUS SIZE SEM BOJO .VERSALLY.FIPR,VERSALLY
31551,BABY DOLL EM RENDA.VERSALLY.FIPR,VERSALLY
31552,CALCINHA DE COMPREENSAO ABDOMINAL.VERSALLY.FIPR,VERSALLY
31553,CALCINHA BASICA EM POLIAMIDA.VERSALLY.FIPR,VERSALLY
31554,CONJUNTO INTIMO DE RENDA POLIESTER.VERSALLY.FIPR,VERSALLY
31555,CONJUNTO INTIMO DE RENDA.VERSALLY.FIPR,VERSALLY
31556,CONJUNTO INTIMO FIO DENTAL.VERSALLY.FIPR,VERSALLY
31557,SUTIA COM BOJO S/ARO POLIAMIDA.VERSALLY.FIPR,VERSALLY
31558,SUTIA PLUS SIZE S/BOJO.VERSALLY.FIPR,VERSALLY
31559,CROPPED SEM BOJO TRABALHADO EM RENDA E TULE.VERSALLY.FIPR,VERSALLY
31560,SUTIA COM BOJO MICROFIBRA.VERSALLY.FIPR,VERSALLY
31561,SUTIA SEM BOJO DE AMAMENTACAO.VERSALLY.FIPR,VERSALLY
31562,REGATA FEM POLYBRUSH PRETO.CAEDU.FFAR,CAEDU
31563,REGATA FEM POLYBRUSH BRANCA.CAEDU.FFPR,CAEDU
31564,REGATA FEM POLYBRUSH MESCLA.CAEDU.FFPR,CAEDU
31565,REGATA FEM POLYBRUSH ROSA.CAEDU.FFPR FEL015D,CAEDU
31566,REGATA FEM POLYBRUSH VERDE.CAEDU.FFPR,CAEDU
31567,CASACO FEM DE MOLETOM C/CAPUZ PRETO.CAEDU.FJPR,CAEDU
31568,CASACO FEM DE MOLETOM C/CAPUZ CREME.CAEDU.FJPR,CAEDU
31569,CASACO FEM DE MOLETOM C/CAPUZ MESCLA.CAEDU.FJPR,CAEDU
31570,CASACO FEM DE MOLETOM C/CAPUZ.. LARANJA.CAEDU.FJPR,CAEDU
31571,CASACO FEM DE MOLETOM C/CAPUZ VERMELHO.CAEDU.FJPR,CAEDU
31572,CASACO FEM DE MOLETOM C/CAPUZ VERDE.CAEDU.FJPR,CAEDU
31573,CASACO FEM DE MOLETOM C/CAPUZ PLUSH PRETO.CAEDU.FJPR,CAEDU
31574,CASACO FEM DE MOLETOM PLUSH C/CAPUZ BEGE.CAEDU.FJPR,CAEDU
31575,TOP FEM S/COSTURA MESCLA.CAEDU.FFAR,CAEDU
31576,TOP FEM S/COSTURA AZUL.CAEDU.FFAR,CAEDU
31577,TOP FEM S/COSTURA FUCSIA.CAEDU.FJAR,CAEDU
31578,TOP FEM SEM COSTURA VERDE.CAEDU.FJAR,CAEDU
31579,TOP FEM S/COSTURA BEGE.CAEDU.FFAR,CAEDU
31580,CALCA FEM DE MOLETOM C/FELPA PRETA.CAEDU.FJAR,CAEDU
31581,CALCA FEM DE MOLETOM BORDADA 98 MESCLA.CAEDU.FJAR,CAEDU
31582,CALCA FEM DE MOLETOM NY MESCLA.CAEDU.FJAR,CAEDU
31583,CALCA FEM DE MOLETOM BORDADA ROSA.CAEDU.FJAR,CAEDU
31584,CALCA FEM DE MOLETOM BEGE.CAEDU.FJAR,CAEDU
31585,CALCA FEM DE MOLETOM VERDE.CAEDU.FJAR,CAEDU
31586,JAQUETA FEM PUFFER TRICOT PRETA.CAEDU.FJPR,CAEDU
31587,JAQUETA FEM PUFFER CHEVRON.CAEDU.FJPR,CAEDU
31588,CASACO FEM OVERSIZE FAKE WOOL.CAEDU.FJPR,CAEDU
31589,CROPPED SEM COSTURA GOLA ALTA.CAEDU.FJPR,CAEDU
31590,CASACO FEM MOLETOM MICKEY COLLEG.CAEDU.FJAR,CAEDU
31591,CASACO FEM MOLETOM SIMBA E NALA.CAEDU.FJAR,CAEDU
31592,CASACO FEM DE MOLETOM 101 DALMATAS.CAEDU.FJAR,CAEDU
31593,CASACO FEM DE MOLETOM STITCH E ANGE.CAEDU.FJAR,CAEDU
31594,CASACO FEM DE MOLETOM BICOLOR STITCH .CAEDU.FJAR,CAEDU
31595,CASACO FEM DE MOLETOM STITCH MESCLA.CAEDU.FJAR,CAEDU
31596,CASACO FEM DE MOLETOM MINNIE MOUSE.CAEDU.FJAR,CAEDU
31597,CASACO FEM E MOLETOM MICKEY AMIGOS.CAEDU.FJAR,CAEDU
31598,CASACO FEM DE MOLETOM MICKEY MOUSE.CAEDU.FJAR,CAEDU
31599,CASACO FEM DE MOLETOM RELEVO ROSA.CAEDU.FJAR,CAEDU
31600,CASACO FEM MDE MOLETOM RELEVO VERDE.CAEDU.FJAR,CAEDU
31601,CASACO FEM DE MOLETOM BICOLOR MESCLA/ROSA.CAEDU.FJAR,CAEDU
31602,CASACO FEM DE MOLETOM BORDADO STATE.CAEDU.FJAR,CAEDU
31603,CASACO FEM DE MOLETOM FLAWLESS PRETO.CAEDU.FJAR,CAEDU
31604,CASACO FEM DE MOLETOM NEW YORK MESCLA.CAEDU.FJAR,CAEDU
31605,CASACO FEM DE MOLETOM BOSTON ROSA.CAEDU.FJAR,CAEDU
31606,CASACO FEM DE MOLETOM VINTAGE BEGE.CAEDU.FJAR FFM024,CAEDU
31607,CASACO FEM DE MOLETOM CHICAGO MESCLA.CAEDU.FJAR,CAEDU
31608,CASACO FEM DE MOLETOM AUTHENTIC ROSA.CAEDU.FJAR,CAEDU
31609,CASACO FEM E MOLETOM C/FELPA STITCH E ANGEL.CAEDU.FJPR,CAEDU
31610,CASACO FEM DE MOLETOM PAETE ROSA.CAEDU.FJAR,CAEDU
31611,CASACO FEM DE MOLETOM C/PAETE PRETO.CAEDU.FJAR,CAEDU
31612,CASACO FEM MOLETOM CROPPED FUR.CAEDU.FJAR,CAEDU
31613,"CAMISA FEM M/L COTELE BEGE.CAEDU,FJPR",CAEDU
31614,CAMISA FEM M/L COTELE MARROM.CAEDU.FJPR,CAEDU
31615,CASACO FEM ALONGADO FUR C/AJUSTE NA CINTURA PRETO.CAEDU.FJPR,CAEDU
31616,JAQUETA FEM SUEDE BICOLOR VERDE.CAEDU.FJPR,CAEDU
31617,CASACO FEM DE MOLETOM BORDADO ROSA.CAEDU.FJPR,CAEDU
31618,CASACO FEM DE MOLETOM FELPA AUSTIN.CAEDU.FJPR,CAEDU
31619,CASACO FEM DE MOLETOM SHERPA LISTRADO.CAEDU.FJPR,CAEDU
31620,CALCA LEG JUVENIL CANELADA ROSA.CAEDU.IA4AR,CAEDU
31621,CALCA LEG JUVENIL CANELADA VERDE CLARO.CAEDU.IA4AR,CAEDU
31622,CALCA LEG JUVENIL CANELADA ROSA CLARO.CAEDU.IA4AR,CAEDU
31623,CALCA LEG JUVENIL CANELADA PRETO.CAEDU.IA4AR,CAEDU
31624,CALCA LEG JUVENIL CANELADA AZUL MARINHO.CAEDU.IA4AR,CAEDU
31625,CALCA LEG JUVENIL CANELADA ESTAMPA DE CORACAO.IA4AR,CAEDU
31626,CALCA LEG JUVENIL CANELADA ESTAMPADA ESTRELA.IA4AR,CAEDU
31627,BLUSA FEM JUVENIL CANELADA ROSA .CAEDU.IA4AR,CAEDU
31628,BLUSA FEM ALCA DE ELASTICO.ARCANJO.FJAR,ARCANJO
31629,NECESSAIRE MASC DE COURO.GABRIEL CAMP.AASF,GABRIEL CAMP
31630,BONE ESTAMPADO VARIADOS.GABRIEL CAMP.AASF,GABRIEL CAMP
31631,GUARDA CHUVA DE ALUMINIO.GABRIEL CAMP.AASF,GABRIEL CAMP
31632,KIT COLETOR + REFIL P/CACHORROS.GABRIEL CAMP.AASF,GABRIEL CAMP
31633,REFIL COLETOR PARA PET .GABRIEL CAMP.AASF,GABRIEL CAMP
31634,POTE DE AGUA DOBRAVEL P/PET.GABRIEL CAMP.AASF,GABRIEL CAMP
31635,BLUSA FEM JUVENIL CANELADA C/ABERTURA NA LATERAL BRANCA.CAEDU.IA4AR,CAEDU
31636,BLUSA FEM JUVENIL CANELADA C/ABERTURA NA LATERAL VERDE.CAEDU.IA4AR,CAEDU
31637,BOLSA DE PALHA BORDADA.LILI.AASF,LILI
31638,BOLSA DE PALHA GRANDE.LILI.AASF,LILI
31639,BOLSA DEPALHA ALCA DUPLA.LILI.AASF,LILI
31640,CAMISA M/L JUVENIL FLANELA VERMELHA.CAEDU.IOAPR,CAEDU
31641,CALCA MASC JUVENIL JOGGER SARJA CARGO PRETA.CAEDU.IO4PR,CAEDU
31642,CALCA MASC JUVENIL JOGGER SARJA CARGO AZUL.CAEDU.IO4PR,CAEDU
31643,CALCA MASC JUVENIL JOGGER SARJA CARGO VERDE.CAEDU.IO4PR,CAEDU
31644,CALCA INF DE MOLETOM MARVEL.CAEDU.IO4PR,CAEDU
31645,CALCA INF CARGO PRETA.CAEDU.IOAPR,CAEDU
31646,CALCA INF CARGO AZUL.CAEDU.IO4PR,CAEDU
31647,CALCA INF CARGO VERDE.CAEDU.IO4PR,CAEDU
31648,CAMISA M/L INF XADREZ VERMELHA.CAEDU.IO4PR,CAEDU
31649,CASACO INF DE MOLETOM INTERATIVO VERDE.IO4PR,CAEDU
31650,CASACO INF DE MOLETOM SPIDER.CAEDU.IO4PR,CAEDU
31651,CASACO INF DE MOLETOM SPIDER AZUL.CAEDU.IO4PR,CAEDU
31652,CALCA INF DE MOLETOM MINIE PRETA.CAEDU.IA4AR,CAEDU
31653,CALCA INF LEG CANELADA LILAS.CAEDU.IA4AR,CAEDU
31654,CALCA INF LEG CANELADA PRETA.CAEDU.IA4AR,CAEDU
31655,CALCA INF LEG CANELADA ESTAMPADA EM ROSA .CAEDU.IA4AR,CAEDU
31656,CALCA INF LEG CANELADA ESTAMPADA C/CORACAO.CAEDU.IA4AR,CAEDU
31657,CALCA INF LEG CANELADA ESTAMPADO LILAS.CAEDU.IA4AR,CAEDU
31658,CALCA INF LEG CANELADA ESTAMPADO AZUL .CAEDU.IA4AR,CAEDU
31659,CALCA INF LEG CANELADA ESTAMPADO VERDE.CAEDU.IA4AR,CAEDU
31660,SHORT FEM INF SARJA COLOR VERDE.CAEDU.IA4PR IBH025A,CAEDU
31661,SHORT FEM INF SARJA COLOR BEGE.CAEDU.IA4PR,CAEDU
31662,SHORT FEM INF SARJA COLOR PRETO.CAEDU.IA4PR,CAEDU
31663,SHORT FEM INF SARJA COLOR ROSA CLARO.CAEDU.IA4PR,CAEDU
31664,SHORT FEM INF SARJA COLOR LILAS.CAEDU.IA4PR IBH025E,CAEDU
31665,JAQUETA FEM INF FUR BRANCA.,CAEDU
31666,CASACO INF DE MOLETOM ABERTO C/ BORDA LICENCIADO.CAEDU.IA4PR,CAEDU
31667,CASACO INF DE MOLETOM STITCH LILAS.CAEDU.IA4PR,CAEDU
31668,CASACO FEM INF C/CA'PUZ MINNIE LICENCIADO.CAEDU.IA4PR,CAEDU
31669,CONJUNTO FEM INF PELINHO FECH C/CAPUZ.CAEDU.IA4PR,CAEDU
31670,JAQUETA MASC PUFFER PRETA.CAEDU.MCPR,CAEDU
31671,JAQUETA MASC PUFFER AZUL MARINHO.CAEDU.MCPR,CAEDU
31672,JAQUETA MASC PUFFER CINZA.CAEDU.MCPR,CAEDU
31673,JAQUETA MASC PUFFER VERDE.CAEDU.MCPR,CAEDU
31674,JAQUETA MASC COTELE C/BOLSO.CAEDU.MCPR,CAEDU
31675,JAQUETA MASC DUPLA FACE.CAEDU.MCPR,CAEDU
31676,JAQUETA MASC PUPPER MATEL.CAEDU.MCPR,CAEDU
31677,SUETER MASC LISTRADO GOLA CARECA PRETO C/BRANCO.CAEDU.MCPR,CAEDU
31678,SUETER MASC LISTRADO GOLA CARECA MARINHO C/BRANCO.CAEDU.MCPR,CAEDU
31679,SUETER MASC LISTRADO GOLA CARECA MESC/MARINHO /VERMELHO.CAEDU.MCAR,CAEDU
31680,OCULOS DE SOL INFANTIL.LILI.AASF,LILI
31681,SUETER MASC GOLA CARECA LISO PRETO .CAEDU.MCPR,CAEDU
31682,SUETER MASC GOLA CARECA LISO MARINHO.CAEDU.MCAR,CAEDU
31683,SUETER MASC GOLA CARECA LISO MESCLA.CAEDU.MCAR,CAEDU
31684,SUETER MASC GOLA CARECA LISO VERMELHO ESCURO.CAEDU.MCAR,CAEDU
31685,SUETER MASC LISO GOLA V CINZA ESCURO.CAEDU.MCAR MCS007,CAEDU
31686,SUETER MASC LISO GOLA V VERDE ESCURO.CAEDU.MCAR,CAEDU
31687,SUETER MASC LISO GOLA V BEGE.CAEDU.MCAR,CAEDU
31688,CALCA MASC MOLETOM C/FELPA PRETA.CAEDU.MJAR,CAEDU
31689,CALCA MASC MOLETOM C/FELPA MARINHO.CAEDU.MJAR,CAEDU
31690,CALCA MASC MOLETOM C/FELPA MESCLA ESCURO.CAEDU.MJAR,CAEDU
31691,CALCA MASC MOLETOM C/FELPA MESCLA CLARO.CAEDU.MJAR,CAEDU
31692,CALCA MASC MOLETOM C/FELPA VERDE ESCURO.CAEDU.MJAR,CAEDU
31693,CASACO MASC DE MOLETOM C/CAPUZ PRETO.CAEDU.MJAR,CAEDU
31694,CASACO MASC DE MOLETOM C/CAPUZ AZUL.CAEDU.MJAR,CAEDU
31695,CALCA MASC DE MOLETOM FIVELA PRETO.CAEDU.MJPR,CAEDU
31696,CASACO MASC DE MOLETOM C/CAPUZ MESCLA ESCURO.CAEDU.MJAR,CAEDU
31697,CASACO MASC DE MOLETOM C/CAPUZ MESCLA CLARO.CAEDU.MJAR,CAEDU
31698,CALCA MASC MOLETOM RECORTES PRETO.CAEDU.MJPR,CAEDU
31699,CASACO MASC DE MOLETOM C/CAPUZ VERDE.CAEDU.MJAR,CAEDU
31700,CALCA MASC DE MOLETOM REC NYLON.CAEDU.MJAR,CAEDU
31701,CALCA MASC DE MOL ETOM BOLSO ZIPER LATERAL.CAEDU.MJPR,CAEDU
31702,CAMISETA MASC POLIESTER PRETA.CAEDU.MJAR,CAEDU
31703,CAMISETA MASC POLIESTER BRANCA.CAEDU.MJAR,CAEDU
31704,CALCA MASC MOLETOM REC CURVO.CAEDU.MJPR MSA013,CAEDU
31705,CAMISETA MASC POLIESTER CINZA CAEDU.MJAR,CAEDU
31706,CAMISETA MASC POLIESTER AZUL.CAEDU.MJAR,CAEDU
31707,CASACO MASC EST COLLEGE.CAEDU.MJPR,CAEDU
31708,CAMISETA MASC POLIESTER VERMELHA.CAEDU.MJAR,CAEDU
31709,CASACO MASC DE MOLETOM MANGA CONT.CAEDU.MJPR,CAEDU
31710,CAMISETA MASC POLIESTER VERDE.CAEDU.MJAR,CAEDU
31711,CAMISETA MASC POLIESTER CINZA CLARO.CAEDU.MJAR,CAEDU
31712,CASACO MASC DE MOLETOM REC CONTR.CAEDU.MJPR,CAEDU
31717,CASACO MASC DE MOLETOM C/FECHO E CAPUZ.CAEDU.MJPR,CAEDU
31718,BLUSA FEM MODELOS VARIADOS.MINHA ESTAMPA.FJAR,MINHA ESTAMPA
31719,CASACO MASC DE MOLETOM C/CAPUZ.CAEDU.MJPR,CAEDU
31720,CASACO MASC DE MOLETOM C/FELPA.CAEDU.MJPR,CAEDU
31721,CASACO MASC DE MOLETOM C/FELPA E CAPUZ.CAEDU.MJPR,CAEDU
31722,CASACO MASC DE MOLETOM FECHADO C/FELPA.CAEDU.MJPR,CAEDU
31723,CASACO MASC DE MOLETOM FECHADO C/FELPA VERDE.CAEDU.MJPR,CAEDU
31724,CASACO MASC DE MOLETOM C/RECORTE PRETO E AMRELO.CAEDU.MJPR,CAEDU
31725,CASACO MASC DE MOLETOM C/RECORTE PRETO /OFF WHITE.CAEDU.MJPR,CAEDU
31726,CASACO MASC DE MOLETOM MESCLA.CAEDU.MJPR,CAEDU
31727,CASACO MASC DE MOLETOM LICENCIADO FECHADO MARVEL.CAEDU.MJPR,CAEDU
31728,CASACO MASC DE MOLETOM LICENCIADO NASA .CAEDU.MJPR,CAEDU
31729,CASACO MASC DE MOLETOM LICENCIADO HOMEM ARANHA.CAEDU.MJPR,CAEDU
31730,CORDAO VARIADOS DE RESINA.LILI.AASF,LILI
31731,CASACO MASC DE MOLETOM LICENCIADO CAPITAO AMERICA.CAEDU.MJPR,CAEDU
31732,CASACO MASC DE MOLETOM C/CAPUZ TELADO.CAEDU.MJPR,CAEDU
31733,CASACO MASC DE MOLETOM C/FELPA.CAEDU.MJPR,CAEDU
31734,CASACO MASC DE MOLETOM STREET C/CAPUZ BOLSO EST.CAEDU.MJPR,CAEDU
31735,CASACO MASC DE MOLETOM STREET BOLSO UTILITARIO.CAEDU.MJPR,CAEDU
31736,CASACO MASC DE MOLETOM BOLSO CARGO NA MANGA.CAEDU.MJPR,CAEDU
31737,JAQUETA MASC COLLEGE WOOL PATCH.CAEDU.MJPR,CAEDU
31738,CALCA MASC MOLETOM CARGO PRETA.CAEDU.MJAR,CAEDU
31739,CALCA MASC MOLETOM CARGO CINZA ESCURA.CAEDU.MJAR,CAEDU
31740,CALCA MASC MOLETOM CARGO MARINHO.CAEDU.MJAR,CAEDU
31741,CALCA MASC MOLETOM CARGO MESCLA .CAEDU.MJAR,CAEDU
31742,CALCA MASC MOLETOM CARGO BEGE.CAEDU.MJAR,CAEDU
31743,CALCA MASC MOLETOM CARGO VERDE.CAEDU.MJAR,CAEDU
31744,JAQUETA MASC FLEECE XADREZ.CAEDU.MJPR,CAEDU
31745,JAQUETA MASC BOMBER PUFFER.CAEDU.MJPR,CAEDU
31746,CASACO MASC DE MOLETOM FECHADO C/FELPA.CAEDU.MJPR,CAEDU
31747,CASACO MASC DE MOLETOM FECHADO C/CAPUZ.CAEDU.MJPR,CAEDU
31748,CASACO MASC DE MOLETOM FECHADO C/BOLSO NA FRENTE.CAEDU.MJPR,CAEDU
31749,CASACO MASC DE MOLETOM FECHADDO PRETO C/CAPUZ.CAEDU.MJPR,CAEDU
31750,CASACO MASC DE MOLETOM ABERTO BEGE.CAEDU.MJAR,CAEDU
31751,CASACO MASC DE MOLETOM C/FECHO PRETO.CAEDU.MJAR,CAEDU
31752,CASACO MASC DE MOLETOM C/FELPA VERMELHO E MESCLA.CAEDU.MJPR,CAEDU
31753,CASACO MASC DE MOLETOM C/FELPA BEGE E PRETO.CAEDU.MJPR,CAEDU
31754,BIQUINI VARIADOS.SCHUMACHER.FPAR,SCHUMACHER
31755,CROPPED DE ALCA CANELADO JUVENIL.DIAS FASHION.FA4AR,DIAS FASHION
31756,SHORT FEM CANELADO C/CADARCO JUVENIL.DIAS FASHION.FIA4AR,DIAS FASHION
31757,BLUSA FEM DE ALCA DE ELASTICO.CHIC.FJAR,CHIC
31758,BLUSA FEM M/M CHULEADA.CHIC.FJAR,CHIC
31759,CALCA FEM DE PANTALONA DE VISCOLYCRA.BELLA MODA.FJAR,BELLA MODA
31760,CALCA FEM PANTACOURT C/FRISO.JOABE.FCAR,JOABE
31761,CAMISETA MASC INF M/L UV.JRA.IO4AR,JRA MARCELO
31762,"REGATA MASC ESTAMPAS VARIADAS,LEASH.MJAR",LEASH
31763,CAMISETA MASC M/M VARIADAS.LEASH.MJAR,LEASH
31764,BERMUDA FEM PLUS CANELADA SENHORA.CHIC.FPAR,CHIC
31765,BERMUDA MASC DRY FIT S/ELASTANO.MARIA CHIC.MJAR,MARIA CHIC
31766,REGATA MASC DRY FIT S/ELASTANO.MARIA CHIC.MJAR,MARIA CHIC
31767,REGATA FEM NADADOR CANELADA IMPORTADA.SCHUMACHER.FJAR,SCHUMACHER
31768,VESTIDO CANELADO ALCA DE ELASTICO.CHIC.FJAR,CHIC
31769,SHORT FEM PLUS EM DUNA.CHIC.FPAR,CHIC
31770,NECESSAIRE FEM ESTAMPADA.BRUNO BELEZAURO,BRUNO BELEZAURO
31771,MACAQUINHO ESTAMPADO TRANSPASSADO.FLORATTA.FJAR,FLORATTA
31772,MACAQUINHO ESTAMPADO DE ALCA C/AMARRACAO NO BUSTO.FLORATTA.FJAR,FLORATTA
31773,VESTIDO PLUS REGATA C/BABADO ESTAMPADO.AME-SE.FPPR,AME -SE
31774,BERMUDA FEM GEOVANA.BELA CHICCA.FCAR,BELA CHICCA
31776,BLUSA REGATA GEOVANA.BELA CHICCA.FCAR,BELA CHICCA
31777,VESTIDO OX LACO NA CINTURA.DARILEO.IA4PR,DARILEO
31778,BLUSA INF OX BATINHA C/BABADO.DARILEO.IA4PR,DARILEO
31779,SHORT INF FEM SOCIAL OX.DARILEO.IA4PR,DARILEO
31780,SHORT FEM INF OX SOCIAL C/BOLSO.DARILEO.IA4PR,DARILEO
31781,BLUSA FEM INF ALCA DE AMARRAR.DARILEO.IA4PR,DARILEO
31782,VESTIDO ESTAMPADO DE ALCA RODADO.FLORATTA.FCPR,FLORATTA
31783,VESTIDO LONGO ESTAMPADO FOLHAGEM.FLORATTA.FCPR,FLORATTA
31784,VESTIDO LONGO ESTAMPADO,FLORATTA
31785,VESTIDO LONGO 1 MARIA COM ABERTURA LATERAL.FLORATTA.FCPR,FLORATTA
31786,MACACAO DE ALCA ESTAMPADO C/ABERTURA.FLORATTA.FCPR,FLORATTA
31787,CONJUNTO ESTAMPADO SHORT 3 BOTOES E BLUSA DE ALCA.FLORTTA.FCPR,FLORATTA
31788,MACAQUINHO DE ALCA ESTAMPADO.FLORATTA.FCPR,FLORATTA
31789,SHORT FEM JUV DE TACTEL .IA4AR,SS
31790,SHORT MASC JUV TACTEL C/LISTRA.SS.O4AR,SS
31791,CROPPED VISCOSE C/ BABADO NA MANGA ESTAMPADO.VAGALUME.IA4PR,VAGALUME
31792,SHORT FEM INF LACO NA CINTUTA ESTAMPADO.VAGALUME.IA4PR,VAGALUME
31793,BLUSA FEM JUVENIL BABADO C/AMARRACAO.VAGALUME.IA4PR,VAGALUME
31794,VESTIDO DE VISCOSE JUVENIL C/BABADO ESTAMPADO.VAGALUME.IA4PR,VAGALUME
31795,SHORT INF SOCIAL DUNA LISO .DARILEO.IA4PR,DARILEO
31796,BLUSA INF DE DUNA ALCA BABADO.DARILEO.IA4PR,DARILEO
31797,SHORT INF DE DUNA C/BOLSO.DARILEO.IA4PR,DARILEO
31798,BLUSA INF DE DUNA ALCA LACO.DARILEO.IA4PR,DARILEO
31799,VESTIDO INF DE DUNA C/AMARRCAO.DARILEO.IA4PR,DARILEO
31800,PRENDEDOR PARA CABELO PEQUENO.GABRIEL CAMP.AASF,GABRIEL CAMP
31801,ELASTICO DE MOLA P/ CABELO .GABRIEL CAMP.AASF,GABRIEL CAMP
31802,XUXINHA DE VELUDO.GABRIEL CAMP.AASF,GABRIEL CAMP
31803,CORDAO INFANTIL C/BRINCO.GABRIEL CAMP.AASF,GABRIEL CAMP
31804,KIT RELOGIO C/PULSEIRA.GABRIEL CAMP.AASF,GABRIEL CAMP
31805,CARTELA C/5 PRESILHAS INFANTIL.GABRIEL CAMP.AASF,GABRIEL CAMP
31806,GEL PARA SOBRANCELHA MELU.GABRIEL CAMP.AASF,GABRIEL CAMP
31807,GLOSS CLASSICA BEAUTY.GABRIEL CAMP.AASF,GABRIEL CAMP
31808,KIT POTE MARMITA C/COPO.GABRIEL CAMP.ASSF,GABRIEL CAMP
31809,GRAMPO PARA CABELO.GABRIEL CAMP.AASF,GABRIEL CAMP
31810,"CALCA FEM PANTALONA DE VISCOLINHO ""BOLIVIANA"".MINHA ESTAMPA.FJAR",MINHA ESTAMPA
31811,CASACO MASC CANGURU PLUS SIZE.GOOD BLESS.MPAR,GOOD BLESS
31812,CALCA MASC DE MOLETOM S/PELUCIA.GOOD BLESS.MPAR,GOOD BLESS
31813,CALCA JOGGER MOLETINHO C/ PUNHO SEM PELUCIA.GOOD BLESS.IA4PR,GOOD BLESS
31814,CROPPED CAPUZ MOLETINHO.GOOD BLESS.IA4PR,GOOD BLESS
31815,VESTIDO MOLETINHO COM CAPUZ.GOOD BLESS.IA4PR,GOOD BLESS
31816,CALCA JOGGER MOLETINHO C/ PUNHO S/ PELUCIA.IO4AR 1005,GOOD BLESS
31817,CASACO CANGURU.GOOD BLESS.IO4AR,GOOD BLESS
31818,CAMISA FEM M/L C/ RECORTE ALONGADA OVER.CANDY BEE.FCPR,CANDY BEE
31819,COLETE FEM ASSIMETRICO.CNDY BEE.FCPR,CANDY BEE
31820,CALCA FEM COM BOLSO E FIVELA.CANDY BEE.FCPR,CANDY BEE
31821,SHORT FEM BARRA DOBRADA.CANDY BEE.FCPR,CANDY BEE
31822,BOLSA GRANDE ESTAMPADA.BRUNO BELEZAURO.AASF,BRUNO BELEZAURO
31823,MOCHILA PELUCIADA PEQUENA.BRUNO BELEZAURO.AASF,BRUNO BELEZAURO
31824,POCHETE DE CORINO.BRUNO BELEZAURO.AASF,BRUNO BELEZAURO
31825,BLUSA FEM M/M FLOCAGEM.AGTEX.FJAR,AGTEX
31826,KIMONO FEM MANGA LONGA LISO.AME-SE.FPPR,AME -SE
31827,KIMONO FEM PLUS SIZE M/L ESTAMPADO.AME-SE.FPPR,AME -SE
31828,BLUSA FEM PLUS SIZE C/AMARRADINHO.AME-SE.FPPR,AME -SE
31829,BLUSA FEM PLUS SIZE C/AMARRADINHO ESTAMPADA.AME-SE.FPPR,AME -SE
31831,VESTIDO PLUS SIZE MIDI ESTAMPADO MANGA DE SINO,AME -SE
31832,KIMONO FEM LISO.AME-SE.FCPR,AME -SE
31833,KIMONO FEM ESTAMPADO.AME-SWE.FCPR,AME -SE
31834,BLUSA FEM AMARRADINHA ESTAMPADA.AME-SE.FCPR,AME -SE
31835,BLUSA FEM AMARRADINHA LISA.AME-SE.FCPR,AME -SE
31836,BERMUDA FEM BRAGULHA LISA.AME-SE.FCPR,AME -SE
31837,BERMUDA FEM BRAGULHA ESTAMPADO.AME-SE.FCPR,AME -SE
31838,SAIA MID LISA.AME-SE.FCPR (INV26),AME -SE
31839,SAIA MIDI ESTAMPADA.AME-SE.FCPR (INV26),AME -SE
31840,BIQUINI VARIADOS.MINHA ESTAMPA.FPAR,MINHA ESTAMPA
31841,VESTIDO MIDI MANGA DE SINO LISA.AME-SE.FCPR,AME -SE
31842,VESTIDO MIDI MANGA DE SINO ESTAMPADA.AME-SE.FCPR,AME -SE
31843,BERMUDA FEM PLUS BRAGULHO LISA.AME-SE.FPPR,AME -SE
31844,BERMUDA FEM PLUS BRAGULHO ESTAMPADA.AME-SE.FPPR,AME -SE
31845,COLAR VARIADOS.GABRIEL CAMP.AASF,GABRIEL CAMP
31846,BOLSA DE PALHA GRANDE.LILI.AASF,LILI
31847,BOLSA INFANTIL DE PERSONAGENS.GABRIEL CAMP.AASF,GABRIEL CAMP
31848,DELINEADOR .GABRIEL KAMP.,GABRIEL CAMP
31849,CARTELA C/3 PRENDEDORES.GABRIEL CAMP.AASF,GABRIEL CAMP
31850,TOP FITNESS NADADOR C/TULE SUNKESSED.LIDERY.FFPR,LIDERY
31851,CALCA FITNESS C/TULE POLIESTER.LIDERY.FFPR,LIDERY
31852,SHORT FEM FITNESS SUNKESSED.LIDERY.FFPR,LIDERY
31853,TOP FEM UM LADO SO C/ABERTURA NA FRENTE.LIDERY.FFPR,LIDERY
31854,TOP FITNESS C/DETALHES NAS COSTAS E ABERTURA.LIDERY.FFPR,LIDERY
31855,SHORT FEM FITNESS SIDE.LIDERY.FFPR,LIDERY
31856,CALCA FEM FITNESS DUO COLLOR.LIDERY.FFPR,LIDERY
31857,TOP FEM FITNESS ALCA PARALELAS.LIDERY.FFPR,LIDERY
31858,SHORT FEM FITNESS POLIAMIDA.LIDERY.FFPR,LIDERY
31859,BODY POLIAMIDA DECOTE QUADRADO.LIDERY.FFPR,LIDERY
31860,TOP COM VIES E DETALHE EM X NAS COSTAS.IDERY.FFPR,LIDERY
31861,MACAQUINHO POLIAMIDA VIES C/DECOTE NAS COSTAS.LIDERY.FFPR,LIDERY
31862,TOP POLIAMIDA VIES CRUZADO.LIDERY.FFPR,LIDERY
31863,TOP FITNESS POLIAMIDA COM VIES.LIDERY.FFPR,LIDERY
31865,CALCA LEGGEING FITNESS COM DETALHES EM VIVO.LIDERY.FFPR,LIDERY
31866,SHORT FEM FITNESS POLIAMIDA COM DETALHES EM VIVO.LIDERY.FFPR,LIDERY
31867,LEQUE.LILI.AASF,LILI
31868,CALCA WIDE LEG MOLETOM JUVENIL C/BOLSO CARGO.MUNDO MANIA.IA4PR,MUNDO MANIA
31869,JAQUETA FEM JUVENIL DE MOLETOM SUBLIMADO C/CAPUZ.MUNDO MANIA.IA4PR,MUNDO MANIA
31870,CASACO FEM JUVENIL C/BOLSO CARGO E CAPUZ.MUNDO MANIA.IA4PR,MUNDO MANIA
31871,SHORT SAIA JUVENIL MOLETOM CARGO.MUNDO MANIA.IA4PR,MUNDO MANIA
31872,BLUSA FEM INF RIBANA MANGA LONGA FRU FRU.MUNDO MANIA.IA4PR,MUNDO MANIA
31873,BLUSA FEM INFANTIL GOLA ROLE BASICA M/L COTTON.MUNDO MANIA.IA4PR,MUNDO MANIA
31874,JAQUETA FEM INFANTIL MOLETOM SUBLIMADO.MUNDO MANIA.IA4PR,MUNDO MANIA
31875,JAQUETA MASC JUVENIL MOLETOM C/BOLSO METALASSE.MUNDO MANIA.IO4PR,MUNDO MANIA
31876,CONJUNTO MASC JUVENIL MOLETOM C/BOLSO CANGURU.MUNDO MANIA.IO4PR,MUNDO MANIA
31877,CALCA MASC JUVENIL DE MOLETOM CARGO.MUNDO MANIA.IO4PR,MUNDO MANIA
31878,JAQUETA MASC JUVENIL SUBLIMADO.MUNDO MANIA.OI4PR,MUNDO MANIA
31879,CALCA MASC INF MOLETOM CARGO.MUNDO MANIA.IO4PR,MUNDO MANIA
31880,JAQUETA MASC INFANTIL MOLETOM COM BOLSO CANGURU.MUNDO MANIA.IO4PR,MUNDO MANIA
31881,BLUSA MASC DE M/L DE LINHO COM ZIPER.SEA SURF.MPPR,SEA SURF
31882,CASACO MASC PLUS MOLETOM NEW YORK.SEA SURF.MPPR,SEA SURF
31883,JAQUETA BOBOJACO JUVENIL C/CAPUZ.SEA SURF.IO4PR,SEA SURF
31884,JAQUETA MASC JUVENIL BOBOJACO C/CAPUZ.SEA SURF.IO4PR,SEA SURF
31885,JAQUETA FEM BOBOJACO S/CAPUZ.SEA SURF.FJPR,SEA SURF
31886,JAQUETA FEM BOBOJACO COM CAPUZ.SEA SURF.FJPR,SEA SURF
31887,CASACO FEM FDE LINHO C/ZIPER.SEA SURF.FJPR,SEA SURF
31888,JAQUETA FEM COLLEGE DE COURO.SEA SURF.FJPR,SEA SURF
31889,JAQUETA FEM COLLEGE C/BOTOES.SEA SURF.FJPR,SEA SURF
31890,BLAZER FEM ALFAIATARIA.SEA SURF.FCPR,SEA SURF
31891,CALCA FEM LEG MONTARIA.SEA SURF.FJPR,SEA SURF
31892,PARKA FEM CAPUZ C/PELINHO.SEA SURF.FJPR,SEA SURF
31893,CONJUNTO FEM DE MOLETOM C/CAPUZ BASICO.SEA SURF.FJPR,SEA SURF
31894,JAQUETA MASC C/CAPUZ.SEA SURF.MJPR,SEA SURF
31895,JAQUETA MASC BOBOJACO.SEA SURF.MJPR,SEA SURF
31896,JAQUETA MASC DE COURO.SEA SURF.MJPR,SEA SURF
31897,SAIA JUVENIL DE MOLETOM CARGO LONGA.COSTAO.IA4PR,MALHARIA COSTÃO
31898,JAQUETA CROPPED SOFT JUVENIL.COSTAO.IA4PR,MALHARIA COSTÃO
31899,CROPPED M/L JUVENIL TERMICO CIRRE.COSTAO.IA4PR,MALHARIA COSTÃO
31900,BODY M/L GOLA ALTA SUPLEX TERMICO.COSTAO.IA4PR,MALHARIA COSTÃO
31901,CALCA LEGGING CIRRE TERMICO JUVENIL.COSTAO.IA4PR,MALHARIA COSTÃO
31902,JAQUETA FEM XADREX INFANTIL C/BOLSO.COSTAO.IA4PR,MALHARIA COSTÃO
31903,COLETE FEM INF C/PELINHO DE BRILHO.COSTAO.IA4PR,MALHARIA COSTÃO
31904,CALCA LEGGING INF MONTARIA.COSTAO.IA4PR,MALHARIA COSTÃO
31905,JAQUETA FEM INF CORTA VENTO POLY C/BOLSO.COSTAO.IA4PR,MALHARIA COSTÃO
31906,CONJUNTO INF BLUSA TERMICA E CALCA SUPLEX.COSTAO.IA4PR,MALHARIA COSTÃO
31907,CAMISETA MASC INF M/L DE MALHA.COSTAO.IO4PR,MALHARIA COSTÃO
31908,BLUSA FEM M/M OVERSIZED BUDDY BEAR.LEASH.FJPR,LEASH
31909,BLUSA FEM M/M LOOSE GOOD MOOD.LEASH.FJPR,LEASH
31910,BLUSA FEM M/M LOOSE HIGH PARK.LEASH.FJPR,LEASH
31911,CAMISETA FEM LOOSE FALLOW YOUR HEART.LEASH.FJPR,LEASH
31912,CAMISETA FEM LOOSE OVERSIZED BUDDY BEAR.LEASH.FJPR,LEASH
31913,CAMISETA FEM M/M OVERSIZED GOOD MOOD.FJPR,LEASH
31914,CAMISETA FEM M/M OVERSIZED HIGH PARK.LEASH.FJPR,LEASH
31915,BLUSA FEM T-SHIRT C/SILK PARIS.LEASH.FJPR,LEASH
31916,BLUSA FEM T-SHIRT C/SILK GLAM ROCK.LEASH.FJPR,LEASH
31917,BLUSA FEM T-SHIRT C/SILK ESSENCE.LEASH.FJPR,LEASH
31918,BLUSA FEM T-SHIRT C/SILK WESTERN BOOTS.LEASH.FJPR,LEASH
31919,BLUSA FEM M/M T-SHIRT C/SILK MINNESOTA LYNX.LEASH.FJPR,LEASH
31920,BLUSA FEM M/M T-SHIRT MUAH.LESH.FJPR,LEASH
31921,BLUSA FEM M/M T-SHIRT NASHVILLE.LEASH.FJPR,LEASH
31922,BLUSA FEM M/M T-SHIRT AMSTERDAM.LEASH.FJPR,LEASH
31923,CAMISETA FEM T-SHIRT BRAVGRY.LEASH.FJPR,LEASH
31924,CASAQUETO FEM M/L TRICOT MELANGE.LEASH.FJPR,LEASH
31925,CAMISETA FEM M/M ESTONADA AMSTERDAM.LEASH.FJPR,LEASH
31926,CAMISETA FEM M/M T-SHIRT ESTONADA.LEASH.FJPR,LEASH
31927,VESTIDO ESTONADO NASHVILLE.LEASH.FJPR,LEASH
31928,CASACO FEM MOLETOM ESTONADO,LEASH
31929,CASACO FEM MOLETO C/CAPUZ GOLA ALTA.LEASH.FJPR,LEASH
31930,CAMISETA FEM M/M LOOSE BRAVGRY.LEASH.FJPR,LEASH
31931,BLUSA FEM M/M LOOSE SPACE.LEASH.FJPR,LEASH
31932,CAMISETA FEM M/M LOUSE BASICA.LEASH.FJPR,LEASH
31933,PORTA PERFUME PARA BOLSA. AGTEX. AASF,AGTEX
31934,KIT SKIN CARE+ESPONJA.GABRIEL KAMP.AASF,GABRIEL CAMP
31935,KIT PRENDEDOR C/GRAMPO.GABRIEL CAMP.AASF,GABRIEL CAMP
31936,KIT C/3 PRENDEDORES.GABRIEL KAMP.AASF,GABRIEL CAMP
31937,KIT ESPONJA P/MAKE C/7.GABRIEL KAMP.AASF,GABRIEL CAMP
31938,MECHAS PARA CABELO COLORIDAS.GABRIL CAMP.AASF,GABRIEL CAMP
31939,BRACELETE VARIADOS.GABRIEL CAMP.AASF,GABRIEL CAMP
31940,KIT PINCEL P/BOLSA.GABRIEL KAMP.AASF,GABRIEL CAMP
31941,PORTA CARTAO CORDAO REGULAVEL.GABRIEL KAMP.AASF,GABRIEL CAMP
31942,PRESILHA INFANTIL LACO EBORBOLETA.GABRIEL KAMP.AASF,GABRIEL CAMP
31943,CAMISETA MASC M/M NYC ART.LEASH.MJPR,LEASH
31944,CAMISETA MASC M/M GOLDEN STATE GRIZZLIES.LEASH.MJPR,LEASH
31945,CAMISETA MASC M/M CITIES.LEASH.MJPR,LEASH
31946,CAMISETA MASC WOLF SHADOWS.LEASH.MJPR,LEASH
31947,CAMISETA MASC M/M PINE TREES BORDADA.LEASH.MJPR,LEASH
31948,CAMISETA MASC M/M WORLDWIDE CAMO.LEASH.MJPR,LEASH
31949,CAMISETA MASC M/M LOST IN THOUGHTS.LEASH.MJPR,LEASH
31950,CAMISETA MASC M/M MINDFUL .LEASH.MJPR,LEASH
31951,CAMISETA MASC M/M NYC ESTONADA.LEASH.MJPR,LEASH
31952,CAMISETA MASC M/M NEW YORK CITY ESTONADA.LEASH.MJPR,LEASH
31953,CAMISETA MASC M/M OUTDOOR GEAR.LEASH.MJPR,LEASH
31954,CAMISETA MASC M/M MOTORCICLE ESTONADA.LEASH.MJPR,LEASH
31955,PARKA FEM C/ CAPUZ.SEA SURF.FJPR,SEA SURF
31956,PARKA MASC C/CAPUZ.SEA SURF.MCPR,SEA SURF
31957,"XUXINHA PARA COQUE,AGTE.AASF",AGTEX
31958,BLUSH TICK AMOR E ANJO.AGTEX.AASF,AGTEX
31959,TOP FEM T.Q.C ESTAMPADO.PRIME.FJAR,PRIME
31960,GLOSS LABIAL C/CHAVEIRO VARIADOS.AGTEX.AASF,AGTEX
31961,"GLOS URSINHO C/ANEL.AGTEX,.AASF",AGTEX
31962,BOLSA TERMICA P/MARMITA.AGTEX.AASF,AGTEX
31963,DEPILADOR PARA SOBRANCELHAS TINKLE C/3.AGTEX.AASF,AGTEX
31964,WASH BAG TRANSPARENTE P.AGTEX,AGTEX
31965,ESCOVA PARA CABELO HAIRDO.AGTEX.AASF,AGTEX
31966,PULSEIRA PANDORA INFANTIL.AGTEX.AASF,AGTEX
31967,COPO RETRATIL.GABRIEL CAMP.AASF,GABY PINK
31968,CALCA JEANS FEM ELASTANO.IDISE.FEPR,IDISE
31969,CALCA JEANS FEM CLARA MOM.IDISE.FEPR,IDISE
31970,CALCA JEANS FEM WIDE LEG.IDISE.FEPR,IDISE
31971,CALCA FEM JEANS CARGO WIDE LEG.IDISE.FEPR,IDISE
31972,BERMUDA FEM JEAS BARRA S/COSTURA.IDISE.FEPR,IDISE
31973,SAIA CURTA JEANS C/CINTO.IDISE.FEPR,IDISE
31974,JAQUETA JEANS FEM.IDISE.FEPR,IDISE
31975,SHORT JEANS FEM PLUS ESCURO.ELLEVE.FEPR,ELLEVE
31976,CALCA JEANS FEM PLUS BASICA.ELLEVE.FEPR,ELLEVE
31977,BERMUDA MASC JEANS BASICA.ELLEVE.MEPR,ELLEVE
31978,BERMUDA JEANS MASC CLARA.ELLEVE.MEPR,ELLEVE
31979,CALCA MASC JEANS ESCURA.ELLEVE.MEPR,ELLEVE
31980,CALCA MASC JEANS.ELLEVE.MEPR,ELLEVE
31981,CALCA MASC JEANS CLARO.ELLEVE.MEPR,ELLEVE
31982,CALCA MASC JEANS PLUS SIZE.ELLEVE.MEPR,ELLEVE
31983,CALCA JEANS INFANTIL C/CINTO DE FLOR.IDISE.IA4PR,ELLEVE
31984,SHORT FEM JEANS PLUS DESFIADO S/COSTURA.FIO STYLO.FEPR,FIO STYLO
31985,SHORT FEM JEANS PLUS CLARO.FIOSTYLO.FEPR,FIO STYLO
31986,BERMUDA MASC PLUS MOLETINHO.GOOD BLESS.MJAR,GOOD BLESS
31987,BERMUDA MASC MOLETINHO.GOOD BLESS.MJAR,GOOD BLESS
31988,BERMUDA FEM PLUS MOLETINHO C/BOLSO.GOOS BLESS.FPAR,GOOD BLESS
31989,BERMUDA FEM C/BOLSO MOLETINHO(DESMEMBRADA).GOOD BLESS.FJPAR,GOOD BLESS
31990,CROPPED FEM OVERSIZED(DESMEMBRADO).GOOD BLESS.FJAR,GOOD BLESS
31991,MACACAO JEANS LONGO DE ALCA.QUARTA GERACAO.FEPR,QUARTA GERAÇÃO
31992,SAIA JEANS LONGA C/BOTOES.QUARTA GERACAO.FEPR,QUARTA GERAÇÃO
31993,SHORT FEM JEANS BORDADO DE CEREJA,QUARTA GERAÇÃO
31994,VESTIDO JEANS MID TQC.QUARTA GERACAO.FEPR,QUARTA GERAÇÃO
31995,CALCA FEM JEANS ZARA.DECIZAO.FEPR,DECIZÃO
31996,CALCA FEM JEANS WEDI LEG ESTAMPA LACO.DECIZAO,DECIZÃO
31997,CALCA FEM JEANS WIDE LEG C/ AMARRACAO DE LACO LATERAL.DECIZAO.FEPR,DECIZÃO
31998,SAIA MIDI JEANS BLACK BOLSO NA FRENTE E BOTOES.DECIZAO.FEPR,DECIZÃO
31999,CALCA FEM JEANS RETA RECORT CADARCO.DECIZAO.FEPR,DECIZÃO
32000,SHORT JEANS FEM BLACK BORDADO ROSA.DECIZAO.FEPR,DECIZÃO
32001,CALCA JEANS FEM WIDE LEG PATCHWORK.DECIZAO.FEPR,DECIZÃO
32002,SHORT JEANS FEM C/APLICACAO DE LACO NA LATERAL.DECIZAO.FEPR,DECIZÃO
32003,CALCA JEANS FEM BARREL.DECIZAO.FEPR,DECIZÃO
32004,SAIA MID ESTAMPADA PLUS SIZE.AME-SE.FCPR,AME -SE
32005,SAIA MIDI LISA PLUS SIZE.AME-SE.FCPR,AME -SE
32006,BABY DOOL DIANA COM RENDA. TOQUE SECRETO. FIPR,TOQUE SECRETO
32007,CAMISOLA DEBORA S/ BOJO. TOQUE SECRETO.FIPR,TOQUE SECRETO
32008,CAMISOLA REGINA COM RENDA. TOQUE SECRETO.FIPR,TOQUE SECRETO
32009,CONJUNTO EDUARDA COM RENDA. TOQUE SECRETO. FIPR,TOQUE SECRETO
32010,BLUSA FEM DE BOTOES C/BABADO.OLUSHA.FCPR,OULUSHA
32011,BLUSA FEM M/M DE BOTOES.OLUSHA.FCPR,OULUSHA
32012,BLUSA FEM M/M DE CORACAO TRICOLINE.OLUSHA.FCPR,OULUSHA
32013,BLUSA FEM ALCA FINA DE LINHO C/BORDADO.OLUSHA.FCPR,OULUSHA
32014,BLUSA FE DE ALCA LINHO C/BORDADO.OLUSHA.FCPR,OULUSHA
32015,BLUSA FEM DE ALCA FINA LESE.OLUSHA.FJPR,OULUSHA
32016,SAIA DE LESE.OLUSHA.FCPR,OULUSHA
32017,CROPPED FEM DE LESE.OLUSHA.FJPR,OLUSHA
32018,SHORT FEM DE LESE.FJPR,OLUSHA
32019,CAMISA FEM M/L COM BORDADO DE FLOR.OLUSHA.FCPR,OLUSHA
32020,SHORT FEM NEOPREMEC/CINTO.OLUSHA.FJPR,OLUSHA
32021,CHAMISE FEM ESTAMPADAVISCOLINHO.OLUSHA.FCPR,OLUSHA
32022,BLUSA FEM IMPORTADA BICOLOR DE LINHO.FJPR,OLUSHA
32023,SHORT FEM DE ALFAIATARIA.OLUSHA.FJPR,OLUSHA
32024,SHORT FEM DE ALFAIATARIA.ARCO.FJPR,ARCO
32025,MACACAO FEM FITNESS IMPORTADO.HANGAR.FFPR,HANGAR
32026,CALCA FEM DE ALFAITARIA C/ BOLSO E ZIPER. AEDD. FCPR,AEDD
32027,CALCA FEM DUNA C/ BOLSO. AEDD. FJSL,AEDD
32028,MACACAO FEM FITNESS LEVANTA BUMBUM.HANGAR..FFPR,HANGAR
32029,CONJUNTO FEM SHORT E BLUSA ALFAITARIA. AEDD. FJPR,AEDD
32030,BODY FEM FITNESS IMPORTADO ALCA FINA.HANGAR.FFPR,HANGAR
32031,CONJUNTO PARKA C/ CALCA. AEDD. FJPR,AEDD
32032,BODY FEM IMPORTADO ALCA LARGA.HANGAR.FFPR,HANGAR
32033,CONJUNTO FEM COLETE C/ SHORT. AEDD. FJPR,AEDD
32034,CONJUNTO FEM FITNESS TOP ALCA LARGA C/SHORT OMPORTADO.HANGAR.FFPR,HANG CONFECÇÕES
32035,TOP FEM FITNESS.HANGAR.FFPR,HANGAR
32036,CALCA FEM LEVANTA BUMBUM. AEDD. FFSL,AEDD
32037,CONJUNTO FEM FITNESS SHORT C/TOP POLIAMIDA LEVANTA BUMBUM.HANGAR.FFPR,HANG CONFECÇÕES
32038,CALCA DE DUNA C/FRISO.AEDD. FJSL,AEDD
32039,CALCA FEM FITNESS LEVANTA BUMBUM IMPORTADA.FFPR,HANG CONFECÇÕES
32040,BODY FEM M/M GOLINHA C/ZIP.FFR,HANGAR
32041,MACAQUINHO FEM DECOTE QUADRADO.HANGAR.FFPR,HANGAR
32042,CONJUNTO FEM FITNESS CALCA C/BLUSA M/M IMPORTADO.HANGAR.FFPR,HANG CONFECÇÕES
32043,CONJUNTO FEM INTIMUS CALCINHA C/SUTIA S/COSTURA.HANGAR.FIPR,HANG CONFECÇÕES
32044,SHORT FEM DE BRIM C/ELASTICO E BOTOES.FOUR SEASONS.FJPR,FOUR SEASONS
32045,BLUSA FEM ALCA FINA POLIAMIDA C/BOTOES.FOUR SEASONS,FOUR SEASONS
32046,BLUSA FEM ALCA DUPLA.FOUR.FOUR.FCPR,FOUR SEASONS
32047,BLUSA FEM DE ALCA FINA BORDADA.FOUR SEASONS.FCPR,FOUR SEASONS
32048,CALCA FEM PARACHUTE ZARA.YUNEE.FJPR,YUNEE
32049,CROPPED FEM NADADOR IMPORTADO ESTONADO ZARA.YUNE.FJPR,YUNEE
32050,SAIDA DE PRAIA DE LESE.YUNEE.FPPR,YUNEE
32051,MACAQUINHO DE CREPE ALCA ESTAMPADO.WEY.FJPR,WEY
32052,MACAQUINHO FEM DE CREPE FLORIDO.WEY.FJPR,WEY
32053,BLUSA FEM M/M DE LINHO.WEY.FCPR,WEY
32054,VESTIDO DE LINHO MID.WEY.FJPR,WEY
32055,CAMISETA M/M MASC RELEVO NAS COSTAS.PLANNER.MJPR,PLANNER CONFECÇOES
32056,CAMISETAMASC M/ TRICO GORGURAO.PLANNER.MJPR,PLANNER CONFECÇOES
32057,CAMISETA MASC M/M.PLANNER.MJPR,PLANNER CONFECÇOES
32058,CAMISETA MASC M/M ESPORTIVA.MJPR,PLANNER CONFECÇOES
32059,CAMISETA MASC M/M ALIVE.PLANNER.MJPR,PLANNER CONFECÇOES
32060,CAMISA MASC POLO BOLSO FAKE.PLANNER.MJPR,PLANNER CONFECÇOES
32061,CAMISA MASC POLO.PLANNER.MCPR,PLANNER CONFECÇOES
32062,CAMISA MASC POLO 3 CORES M/M.PLANNER.MCPR,PLANNER CONFECÇOES
32063,CAMISA MASC POLO C/BOLSO.PLANNER.MCPR,PLANNER CONFECÇOES
32064,CAMISA MASC POLO.PLANNER.MCPR,PLANNER CONFECÇOES
32065,CAMISA MASC PLUS C/LISTRAS NA MANGA.MCPR,PLANNER CONFECÇOES
32066,CAMISA MASC POLO.PLANNE.MCPR,PLANNER CONFECÇOES
32067,CAMISETA MASC M/M.PLANNER.MJPR,PLANNER CONFECÇOES
32068,CROPPPED OVERSIZED M/M GOLA REDONDA.GOODBLESS.FJSL,GOOD BLESS
32069,BLUSA M/M CORTE RETO COM DETALHE NO OMBRO. OULUSHA.FCSL,OULUSHA
32070,CROPPED CANELADO BABADINHO INF MENINA.ALEGAM.IA4AR,ALEGAM
32071,BLUSA TRICO M/L ESTAMPADA CORACAO. MAITE. FJSL,MAITÊ
32072,BLUSA M/L TRICO MODAL. MAITE.FJSL,MAITÊ
32073,BLUSA M/L TRICO MODAL GOLA V. MAITE.FJSL,MAITÊ
32074,BLUSA M/M TRICO MODAL. MAITE. FJSL,MAITÊ
32075,BLUSA M/L TRICO POLIESTER. MAITE. FJSL,MAITÊ
32076,SHORT TRICO POLIESTER C/ BOLSO. MAITE. FJSL,MAITÊ
32077,CALCA TRICO C/ BOLSO CINTURA ALTA. MAITE. FJSL,MAITÊ
32078,CALCA FEM DE ALFAITARIA SARJADA C/ BOTAO. COM ESTYLLO. FJPR,COM ESTYLLO
32079,COLETE FEM DE ALFAITARIA COM BOLSO. CM ESTYLLO. FJPR,COM ESTYLLO
32080,SAIA MID DE ALFAITARIA SARJADA. COM ESTYLLO. FJPR,COM ESTYLLO
32081,COLETE FEM DE ALFAITARIA SARJADO. COM ESTYLLO. FJPR,COM ESTYLLO
32082,SHORT SAIA 3 MARIAS C/ AMARRACAO. COM ESTYLLO. FJPR,COM ESTYLLO
32083,SHORT SAIA DE ALFAITARIA SARJADA. COM ESTYLLO. FJPR,COM ESTYLLO
32084,CALCA VISCOLYCRA COM BOLSO.MINHA ESTAMPA.FJSL,MINHA ESTAMPA
32085,croped,ALEGAM
32086,SHORT MASC DE HELANCA.AMANDA PEDROSA.MJAR,AMANDA PEDROSA
32087,SHORT MASC DE HELANCA PLUS.AMANDA PEDROSA.MPAR,AMANDA PEDROSA
32088,CALCA MASC JOGGER C/ELASTANO PLUS.CARLYLE,KALELA
32089,CALCA MASC JOGGER C/ELASTANO.CARLYLE.MJPR,KALELA
32090,SAIA ELOISA ESTAMPADA.BELA CHICCA.FCAR,BELA CHICCA
32091,SAIA SERENA .BELA CHICCA .FCAR,BELA CHICCA
32092,BLUSA FEM ISADORA.BELA CHICCA.FCPR,BELA CHICCA
32093,BLUSA FEM ALESANDRA C/NO.BELA CHICCA.FCAR,BELA CHICCA
32094,BLUSA FEM JAQUELINE M/M DECOTE EM V.BELA CHICCA.FCAR,BELA CHICCA
32095,BLUSA FEM TALITA ALONGADA COM ABERTURA.BELA CHICCA.FCAR,BELA CHICCA
32096,VESTIDO LONGO CECILIA 2 MARIAS ESTAMPADO.BELA CHICCA.FCAR,BELA CHICCA
32097,MACACAO CECILIA ESTAMPADO.BELA CHICCA.FCAR,BELA CHICCA
32098,CALCA FEM MEIRE.BELA CHICCA.FCAR,BELA CHICCA
32099,CALCA FEM TALITA.BELA CHICCA.FCAR,BELA CHICCA
32100,CALCA FEM JULIANA .BELA CHICCA.FCAR,BELA CHICCA
32101,BLUSA M/M COM CAPUZ E UXADOR PLUS SIZE.GOODBLESS.FPSL,GOOD BLESS
32102,CAMISETA M/L MALHA RAJADA JUVENIL.ALEGAM IO4MS,ALEGAM
32103,CALCA MASC CORTA VENTO JOGGER JUVENIL,KALELA
32104,CALCA MASC INF TACTEL JOGGER.CARLYLE.IO4PR,KALELA
32105,CALCA MASC JUVENIL TACTEL VIES.CARLYLE.IO4AR,KALELA
32106,CALCA MASC INFANTIL TACTEL JOGGER C/ VIES.CARLYLE,KALELA
32107,CAMISETA MASC INF CANELADA .ALEGAM.IO4PR,ALEGAM
32108,CAMISETA MASC INFANTIL MALHA RAJADA.ALEGAM.IO4AR,ALEGAM
32109,CROPPED FEM JUVENIL SUEDE GOLA ALTA.ALEGAM.IA4PR,ALEGAM
32110,BLUSA FEM JUVENIL SUEDE M/L GOLA ALTA.ALEGAM.IA4AR,ALEGAM
32111,BLUSA FEM JUVENIL DE SUEDE M/L.ALEGAM.IA4AR,ALEGAM
32112,CAMISETA MASC VISCOSLIM MANGA CURTA.MINHAESTAMPA.MJAR,MINHA ESTAMPA
32113,CAMISETA M/M CANELADA .ALEGAM.MJAR,ALEGAM
32114,CAMISETA MASC M/L CANELADA.ALEGAM.MJAR,ALEGAM
32115,CROPPED SEM MANGA. 3RR. FJSL,3RR
32116,CROPPED MEIA MANGA. 3RR. FJSL,3RR
32117,CALCA MOLETINHO.3RR. FJSL,3RR
32118,VESTIDO MEIA MANGA.3RR. FJSL,3RR
32119,VESTIDO SEM MANGA.3RR. FJSL,3RR
32120,BLUSA M/M SOBRE LEGGING.BCC.FCAR,BCC
32121,MACAQUINHO M/M DECOTE EM V.IRODRIGUES.FCPAR,MINHA ESTAMPA
32122,CALCA FEM LEG MONTARIA PLUS.ARCO IRIS.FPAR,ARCO
32123,CALCA FEM LEG MONTAARIA PLUS C/BOLSO.ARCO IRIS.FPAR,ARCO
32124,VESTIDO M/L GOLA ALTA CANELADO.3RR.FJAR,3RR
32125,VESTIDO M/L GOLA ALTA CANELADO.3RR.FJAR,3RR
32126,VESTIDO REGATA GOLA ALTA CANELADO.3RR.FJAR,3RR
32127,VESTIDO M/M CANELADO.3RR.FJAR,3RR
32128,CROPPED FEM M/L GOLA ALTA .3RR.FJAR,3RR
32129,CASACO FEM MOLETINHO CANGURU.3RR.FJAR,3RR
32130,CALCA FEM MOLETINHO PLUS.3RR.FPAR,3RR
32131,BLUSA FEM DE TRICO C/GOLINHA.ARAMAICO.FJAR,ARAMAICO CONFECÇÕES
32132,BLUSA REGATA CANELADA GOLA ALTA. ALEGAM. FJSL,ALEGAM
32133,BABYLOOK CANELADA M/M GOLA REDONDA. ALEGAM. FJSL,ALEGAM
32134,CROPPED CANELADO M/M GOLA ALTA. ALEGAM. FJSL,ALEGAM
32135,BLUSA CANELADA M/L GOLA REDONDA. ALEGAM. FJSL,ALEGAM
32136,BLUSA CANELADA M/L GOLA ALTA. ALEGAM. FJSL,ALEGAM
32137,BLUSA CANELADA MANGA BUFANTE. ALEGAM. FJSL,ALEGAM
32138,KIMONO FEM DE LINHO.SCHUMACHER.FCAR,SCHUMACHER
32139,KIMONO FEM DE LINHO C/BOLSO.SCHUMACHER.FCAR,SCHUMACHER
32140,CASACO FEM TRICO C/BOTOES.SCHUMACHER.FCAR,SCHUMACHER
32141,CASACO FEM PELINHO C/BOTOES.SCHUMACHER.FJAR,SCHUMACHER
32142,CASACO FEM MODAL GOLA V C/BOTOES.SCHUMACHER.FJAR,SCHUMACHER
32143,BLUSA M/M LANZINHA GOLA REDONDA. ONLLEY. FJSL,ONLLEY
32144,CASACO FEM TRICO MODAL C/BOTOES.SCHUMACHER.FJAR,SCHUMACHER
32145,CALCA MOLETOM JOGGER COM BOLSO.MINHA ESTAMPA.FJSL,MINHA ESTAMPA
32146,CALCA DUNA COM NERVURA. TOPISSIMA. FJSL,TOPISSIMA
32147,SHORT DUNA TOPISSIMA. FJSL,TOPISSIMA
32148,PULSEIRA FOLHEADAS SORTIDAS.GABRIELCAMP.AASF,GABRIEL CAMP
32149,COLAR FOLHEADO SORTIDO.GABRIELCAMP.AASF,GABRIEL CAMP
32150,CALCA LEGGING PELUCIADA.MINHA ESTAMPA.FJAR,MINHA ESTAMPA
32151,NECESSAIRE ESTAMPADA ALCA.BRUNO BELEZAURO,BRUNO BELEZAURO
32152,BOLSA OMBRO MEIA LUA.FEIRAODAMAQUIAGEM.AASF,FEIRÃO DA MAQUIAGEM
32153,LENCO CETIM GRANDE ESTAMPADO.FEIRAODAMAQUIAGEM.AASFSL,FEIRÃO DA MAQUIAGEM
32154,PRENDEDOR DE CABELO FLOR.FEIRAODAMAQUIAGEM.AASF,FEIRÃO DA MAQUIAGEM
32155,TOUCA DE FRIO UNISEX.FEIRAODAMAQUIAGEM.AASF,FEIRÃO DA MAQUIAGEM
32156,REGATA MASC HELANCA LISA. MINHA ESTAMPA. MJSL,MINHA ESTAMPA
32157,CONNJUNTO ALFAITARIA SHORT/COLETE.MEIXIANG. FJPR,SCHUMACHER
32158,BLUSA MANGA LONGA GOLA ALTA. MEIXIANG.FJSL,SCHUMACHER
32159,CONJUNTO FEM FITNESS TOP C/BOJO E ZIP E SHORT LEVANTA BUMBUM.LINDA LUNA.FFPR,SCHUMACHER
32160,BLUSA MEIA MANGA GOLA ALTA. MEIXIANG.FJPR,SCHUMACHER
32161,CONJ FITNESS TOP M/M C/BOJO E ABERTURA NAS COSTA E SHORT LEVANTA BUMBUM.LINDA LUNAA.FFPR,SCHUMACHER
32162,BODY FITNESS CANELADO.LINDA LUNA.FFPR,SCHUMACHER
32163,BLUSA MEIA MANGA GOLA REDONDA TRICO. MEIXIANG.FJPR,SCHUMACHER
32164,CONJUNTO INTIMO PLUS FEM RENDA.Z&D.FIPR,SCHUMACHER
32165,BLUSA MEIA MANGA GOLA REDONDA PLUS SIZE. MEIXIANG.FJPR,SCHUMACHER
32166,BODY FITNESS M/M PLIAMIDA CANELADO .LINDA LUNA.FFPR,SCHUMACHER
32167,CONJUNTO INTIMO CROPPED FEM RENDA.Z&D.FIPR,SCHUMACHER
32168,BODY FITNESS GOLINHA C/ZIP.LINDA LUNA.FFAR,SCHUMACHER
32169,CONJUNTO INTIMO FEM RENDA.Z&D.FIPR,SCHUMACHER
32170,CONJUNTO INTIMO CROPPED FEM RENDA.Z&D.FIPR,SCHUMACHER
32171,CONJUNTO INTIMO FEM RENDA.Z&D.FIPR,SCHUMACHER
32172,MACACAO FITNES CANELADO.ARARAS SPORT.FFPR,SCHUMACHER
32173,MACACAO CANELADO C/ZIP.ARARAS SPORT.FFPR,SCHUMACHER
32174,CONJ FITNESS CROPPED C/SHORT .ARARS SPORT.FFPR,SCHUMACHER
32175,CONJ FITNESS CROPPED C/CALCA.ARARAS SPORT.FFPR,SCHUMACHER
32176,BLUSA FEM M/M GOLA ALTA MODAL .YUNEE.FCPR,YUNEE
32177,BLUSA FEM M/M MODAL DE GOLINHA.YUNEE.FCPR,YUNEE
32178,BLUSA FEM M/L PELINHO .YUNEE.FCPR,YUNEE
32179,REGATA FEM MODAL COM GOLINHA.YUNEE.FCPR,YUNEE
32180,SUETER FEM DE LINHO.SCHUMACHER.FCPR,SCHUMACHER
32181,CASACO FEM CARDIGAN.SCHUMACHER.FCAR,SCHUMACHER
32182,SUETER FEM GOLA V.SCHUMACHER.FCPR,SCHUMACHER
32183,CASACO FEM PELINHO CROPPED.FJAR,SCHUMACHER
32184,BLUSA M/M GOLA REDONDA. SCHUMACHER. FJPR,SCHUMACHER
32185,BLUSA M/M CANELADA SCHUMACHER,SCHUMACHER
32186,BABYLOOK GOLA REDONDA.SCHUMACHER. FJPR,SCHUMACHER
32187,BLUSA MANGA JAPONESA.SCHUMACHER. FJPR,SCHUMACHER
32188,CROPPED CANELADO ASSIMETRICO. SCHUMACHER. FJPR,SCHUMACHER
32189,CROPPED CANELADO ASSIMETRICO. SCHUMACHER. FJPR,SCHUMACHER
32190,KIT MEIA SOQUETE MASC SAPATILHA.HANGAR.AASF,HANGAR
32191,KIT 3 MEIAS SOQUETE LISTRADA MASC SAPATILHA.HANGAR.AASF,HANGAR
32192,KIT 3 MEIAS SOQUETE MASC.HANGAR.AASF,HANGAR
32193,KIT 3 MEIAS CANO MEDIO MASC.HANGAR.AASF,HANGAR
32194,KIT 3 MEIAS CANO MEDIO MASC SPORT LISTRA.HANGAR.AASF,HANGAR
32195,KIT 3 MEIAS CANO MEDIO FEM.HANGAR.AASF,HANGAR
32196,KIT 3 MEIAS SOQUETE FEM SAPATILHA.HANGAR.AASF,BAIYI
32197,KIT 3 MEIAS SOQUETE FEM .HANGAR.AASF,HANGAR
32198,KIT 3 MEIAS INF ESCOLAR CANO MEDIO.HANGAR.AASF,HANGAR
32199,KIT 3 MEIAS INF SOQUETE ESCOLAR.HANGAR.AASF,HANGAR
32200,MEIA PANTUFA FEM.HANGAR.AASF,BAIYI
32201,MEIA PANTUFA FEM ANIMAL PRINT.HANGAR.AASF,BAIYI
32202,MEIA PANTUFA INF ESTAMPADA.HANGAR.AASF,HANGAR
32203,MEIA PANTUFA INF ESTAMPADA MENINO.HANGAR.AASF,HANGAR
32204,TOALHA DE BANHO ADULTO CELESTE.CAMESA.AAMS,CAMESA
32205,TOALHA BANHO ADULTO BORDADA PETRA.CAMESA.AAMS,CAMESA
32206,PONCHO BANHO INFANTIL CAPUZ.CAMESA.IAAR,CAMESA
32207,MANTA ESTAMP XADREZ.CAMESA.AAMS,CAMESA
32208,MANTA EST FLORAL.CAMESA.AAMS,CAMESA
32209,MANTA LISA.CAMESA.AAMS,CAMESA
32210,BLUSA M/M SUEDE LISA. MINHA ESTAMPA. FCSL,MINHA ESTAMPA
32211,TOP OBSIDION CANELADO ALCA LARGA. AGTEX. FJSL,AGTEX
32212,CARDIGA VISCOLYCRA JACQUARTD.FLOR DE PAULA.FCAR,FLOR DE PAULA
32213,CALCA FEM DE RIBANA CANELADA C/BOLSO.FLOR DE PAULA.FJAR,FLOR DE PAULA
32214,CALCA LEGGING SUPLEX C/FELPA.FLOR DE PAULA.FJAR,FLOR DE PAULA
32215,CALCA LEGGING PLUS SUPLEX C/FELPA.FLOR DE PAULA.FJAR,FLOR DE PAULA
32216,VESTIDO LIGANETE VOVO ESTAMPADADO M/M.FCAR,FLOR DE PAULA
32217,LEGGING NEOPREME VARIADAS. ARCO.FJPR,OUMENGKAI
32218,LEGGING NEOPREME COM BOTAO NO BOLSO. ARCO. FJPR,OUMENGKAI
32219,LEGGUING NEOPREME COM FRIZO FRONTAL. ARCO. FJPR,OUMENGKAI
32220,LEGGUING NEOPREME COS ALTO. ARCO. FJPR,OUMENGKAI
32221,CALCA FEM NEOPREME C/BOLSO . ARCO. FJPR,OUMENGKAI
32222,VESTIDO TOMARA QUE CAIA ESTAMPADA.CANDY BEE.FCPR,CANDY BEE
32223,MACAQUINHO VISCOSE ESTAMPADO.CANDY BEE.FCPR,CANDY BEE
32224,MACAQUINHO JULIETTE LISO VISCOSE.CANDY BEE.FCPR,CANDY BEE
32225,CALCA FEM VISCOSE SARJADA PANTALONA.CANDY BEE.FCPR,CANDY BEE
32226,BLUSA FEM BATA LISA.CANDY BEE.FCPR,CANDY BEE
32227,CAMISA FEM M/L LISTRADA C/BOTOES.CANDY BEE.FCPR,CANDY BEE
32228,SHORT FEM LISTRADO.CANDY BEE.FCPR,CANDY BEE
32229,BLUSA BATA LISTRADA.CANDY BEE.FCPR,CANDY BEE
32230,MACACAO FEM VISCOSE SARJADA C/ELASTEX.CANDY BEE.FCPR,CANDY BEE
32231,BLUSA BATA C/BOTOES.CANDY BEE.FCPR,CANDY BEE
32232,SHORT FEM BICOLOR.CANDY BEE.FCPR,CANDY BEE
32233,VESTIDO LONGO MANGA BUFANTE C/BOTOES.CANDY BEE.FCPR,CANDY BEE
32234,COLETE FEM ALONGADO LINHO C/VISCOSE.CANDY BEE.FCPR,CANDY BEE
32235,CALCA FEM CENOURA LINHO C/ELASTANO.CANDY BEE.FCPR,CANDY BEE
32236,COLETE FEM C/BOTOES.CANDY BEE.FCPR,CANDY BEE
32237,CALCA FEM CANELADA PANTALONA.BELLA MODA.FJAR,BELLA MODA
32238,CROPPED M/L C/DECOTE.BELLA MODA.FJAR,BELLA MODA
32239,BLUSA FEM DE VISCOSE MANGA 3/4.BELLA MODA.FCAR,BELLA MODA
32240,BERMUDA DUNA COM BOLSO PLUS.ARAMAICO.FPAR,ARAMAICO CONFECÇÕES
32241,BLUSA FEM SOBRE LEGGING M/M DRY. JRA. FFSL,JRA MARCELO
32242,VESTIDO M/M LONGO LANZINHA. LARE MODAS. FPSL,LARE MODAS
32243,CALCA SAMIFLEX ESTAMP C/ ELASTICO. ANNY EVELYM. FCSL,ANNY EVELYM
32244,TOP TOMARA QUE CAIA ESTAMP SAMIFLEX.ANNY EVELYN.FCSL,ANNY EVELYM
32245,SAIA SAMIFLEX 3 MARIAS ESTAMPADA. ANNY EVELYM.FCSL,ANNY EVELYM
32246,CALCA JOGGER SUEDE. MINHA ESTAMPA. FJSL,MARCELO 43
32247,BLUSA SUEDE MEIA MANGA .MARCELO 43. FJCSL,MARCELO 43
32248,BLUSA DELEGADA VISCOLYCRA. REACAO BRASIL. FCSL,REAÇÃO BRASIL
32249,CALCA TRADICIONAL VISCOLYCRA. REACAO BRASIL.FCSL,REAÇÃO BRASIL
32250,BLUSA BOTAO DECOTE REDONDO. REACAO BRASIL.FCSL,REAÇÃO BRASIL
32251,BLUSA FEM MANGA JAPONESA PLUS ESTAMPADA. ONLLEY. FPSL,ONLLEY
32252,REGATA FEM CANELADA EM POLIAMIDA. CAEDU. FJSL,CAEDU
32253,CALCA RETA LANZINHA COM ELASTICO.ONLLEY.FJSL,ONLLEY
32254,BLUSA M/M LANZINHA GOLA ALTA. ONLLEY. FJSL,ONLLEY
32255,CAMISETA MASC MALHA JET REGULAR.SBG.MJAR,SBG
32256,CAMISETA MASC M/M SILK EVANGELICO.SBG.MJAR,SBG
32257,GLOSSLABIAL DE MORANGO.AGTEX.AASF,AGTEX
32258,CALCA JEANS MASC SKINNY C/ ELASTANO.VR.MEAR,VG
32259,BERMUDA JEANS MASC C/ ELASTANO.VR.MEAR,VG
32260,CALCA JEANS FEM.VG.FEAR,VG
32261,SHORT JEANS FEM MEIA COCHA.VG.FEAR,VG
32262,BERMUDA JENAS FEM PLUS.VG.FEAR,VG
32263,BERMUDA MASC MICROFIBRA C/ ELASTANO BASICA GRAFITE.ALEGORIA.MJPR,ALEGORIA
32264,BERMUDA MASC MICROFIBRA C/ ELASTANO BASICA AREIA.ALEGORIA.MJAR,ALEGORIA
32265,CAMISETA MASC M/M.GANGSTER.MJPR,GANGSTER
32266,CAMISETA MASC M/M.GANGSTER.MJPR,GANGSTER
32267,CAMISETA MASC M/M.GANGSTER.MJPR,GANGSTER
32268,CAMISETA MASC M/M.GANGSTER.MJPR,GANGSTER
32269,CASACO FEM DE MOLETOM NY,CAEDU
32270,CAMISOLA AMAMENTACAO POLIESTER.TOQUE SECRETO.FIPR,TOQUE SECRETO
32271,CAMISOLA CATARINA CRUZADO NAS COSTAS.TOQUE SECRETO.FIPR,TOQUE SECRETO
32272,CAMISOLA MILEIDE.TOQUE SECRETO.FIPR,TOQUE SECRETO
32273,BABY DOLL ANTONIA.TOQUE SECRETO.FIPR,TOQUE SECRETO
32274,VESTIDO ESTAMPADO DECOTE EM V.AGTEX.FCPR,AGTEX
32275,VESTIDO ESTAMPADO M/M C/BOTOES.AGTEX.FCAR,AGTEX
32276,VESTIDO M/M LISO COM BOTOES.AGTEX.FCAR,AGTEX
32277,BLUSA FEM DE ALCA ESTAMPADA C/DETALHE NA ALCA.AGTEX.FCAR,AGTEX
32278,BLUSA FEM DE ALCA LISA C/DETALHE NA ALCA.AGTEX.FCAR,AGTEX
32279,TOALHINHA DE ROSTO.FEIRAODAMAQUIAGEM.AASF,FEIRÃO DA MAQUIAGEM
32280,VESTIDO ANA RUGA MANGA JAPONESA.AGTEX.FJAR,AGTEX
32281,VESTIDO MID ANA RUGA C/FENDA E MANGA JAPONESA.AGTEX.FJAR,AGTEX
32282,BLUSA FEM M/M ESTAMPADA VISCOSE.AGTEX.FPAR,AGTEX
32283,CONJUNTO FEM CALCA C/ BLUSA TQC SENSORIAL.AGTEX.FJ,AGTEX
32284,SHORT FEM C/BOLSO SENSORIAL.AGTEX.FJPR,AGTEX
32285,BLUSA FEM C/BOTOES E PUXADOR.AGTEX.FJPR,AGTEX
32286,BLUSA FEM ESTAMPADA DE AMARRAR GOLA V.AGTEX.FCAR,AGTEX
32287,BLUSA FEM LISA VISCOLINHO DE AMARRAR GOLA V.AGTEX.FCAR,AGTEX
32288,CAMISETA MASC M/M.GANGSTER.MJPR,GANGSTER
32289,VESTIDO LONGO ESTAMPADO DE AMARRAR C/BOJO.AGTEX.FCPR,AGTEX
32290,MACACAO LONGO ESTAMPADO DE ALCA.AGTEX.FCPR,AGTEX
32291,CONJUNO FEM MOLETINHO CASACO M/L E CALCA PANTA.AGTEX.FJPR,AGTEX
32292,CALCA FEM ALFAIATARIA C/CINTO.AGTEX.FCPR,AGTEX
32293,CALCA FEM ZARA C/BOLSO.AGTEX.FJAR,AGTEX
32294,CONJUNTO FEM DE MOLETINHO BLUSA M/M E CALCA PANTA.AGTEX.FJPR,AGTEX
32295,SAIA MID COM CINTO E FENDA.AGTEX.FCPR,AGTEX
32296,CALCA MASC JEANS PLUS SIZE.JEZZIAN.MPPR,JEZZIAN
32297,BERMUDA MASC JEANS PLUS SIZE.JEZZIAN.MPPR,JEZZIAN
32298,BERMUDA MASC ALFAIATARIA ESTAMPADA COM CINTO.JEZZIAN.MCPR,JEZZIAN
32300,BLUSA REGATA FEM VISCO SLIM FORRADA.FREITAS E DIAS.FJAR,MINHA ESTAMPA
32301,CAMISETA MASC M/M C/ DETALHE GOLA.AGATHOS.MJPR,AGATHOS
32302,CAMISETA MASC M/M SILK.AGATHOS.MJPR,AGATHOS
32303,CAMISETA MASC M/M SILK.AGATHOS.MJPR,AGATHOS
32304,CAMISETA MASC M/M BASICA.ZHOR.MBMS,ZHOR (SJ TEXTIL)
32305,CARDIGA FEM DE SUEDE.MINHAESTAMPA.FCAR,MINHA ESTAMPA
32306,BLUSA FEM M/M CANELADA C/BORDADO CHENILLE.AGTEX.FJAR,AGTEX
32307,BERMUDA MASC ALFAIATARIA LISA COM CINTO.JEZZIAN.MCPR,JEZZIAN
32308,SAIA 3 MARIAS VISCOLYCRA.AGTEX.FCPR,AGTEX
32309,CALCA FEM ALFAIATARIA C/NERVURA.AGTEX.FCPR,AGTEX
32310,VESTIDO M/M LONGO ESTAMPADO C/BOJO,AGTEX
32311,CROPPED TRICO DE ALCA .AGTEX.FJAR,AGTEX
32312,BLUSA FEM DE TRICO C/GOLINHA.AGTEX.FJAR,AGTEX
32313,CALCA FEM FLARE COM CINTO.AGTEX.FJAR,AGTEX
32314,CALCINHA IMPORTADA POLIAMIDA.JCOLOUR.FIBC,JCOLOUR
32315,VESTIDO LONGO M/L C/ABERTURA E DETALHES.AGTEX.FJPR,AGTEX
32316,BLUSA M/M CANELADA C/BOTOES.AGTEX.FJAR,AGTEX
32317,CROPPED CANELADO CHULEADO C/BOTOES.AGTEX.FJAR,AGTEX
32318,CROPPED FEM CANELADO MANGA JAPONESA.AGTEX.FJPR,AGTEX
32319,BLUSAO FEM DE VISCOSE C/BOTOES.AGTEX.FCPR,AGTEX
32320,"JAQUETA FEM DE SUEDE C/3 BOTOES.AGTEX,.FJAR",AGTEX
32321,JAQUETA FEM DE COURO C/BOLSO FAKE.AGTEX.FJPR,AGTEX
32322,JAQUETA FEM DE COURO C/DETALHES.FJPR,AGTEX
32323,CASACO FEM C/ZIPER E CAPUZ.AGTEX.FJPR,AGTEX
32324,CASACO FEM DE LANZINHA FECHADO.AGTEX.FJAR,AGTEX
32325,CROPPED FEM SUPLEX C/BOJO.AGTEX.FJAR,AGTEX
32326,CROPPED FEM UM OMBRO SO CANELADO C/DETALHES.AGTEX.FJPR,AGTEX
32327,BODY M/M EM SUPLEX LISO.AGTEX.FJPR,AGTEX
32328,BODY REGATA SUPLEX.AGTEX.FJPR,AGTEX
32329,BLUSA FEM EM DUNA.AGTEX.FCAR,AGTEX
32330,SHORT FEM COURO C/ZIPER.AGTEX.FJPR,AGTEX
32331,SHORT FEM EM SUEDE.AGTEX.FJPR,AGTEX
32332,VESTIDO LONGO RUCHED C/ABERTURA.AGTEX.FJPR,AGTEX
32333,VESTIDO LONGO ANA RUGA DE AMARRAR C/ABERTURA LATERAL.AGTEX,AGTEX
32334,VESTIDO M/L ANA RUGA C/GOLA,AGTEX
32335,VESTIDO TQC RUCHED ABERTO C/DETALHES.AGTEX.FJPR,AGTEX
32336,BLUSA FEM M/M C/PEDRARIA.AGTEX.FCAR,AGTEX
32337,LENCO ESTAMPADO.AGTEX.AASF,AGTEX
32338,SHORT FEM FITNESS IMPORTADO.FELICIA.FFAR,SCHUMACHER
32339,KIT MEIA MASC SAPATILHA.FELIPA.AASF,SCHUMACHER
32340,CALCINHA S/COSTURA.ABUSADA.FIMS,SCHUMACHER
32341,MACAQUINHO LISO/ESTAMPADO ALCA ELASTICO. FLORATTA. FJSL,FLORATTA
32342,CUECA SLIP MASC MICROFIBRA COM ELASTICO RODRIGO MINEIRO.MYSTIC.MISL,RODRIGO MINEIRO
32343,BERMUDA MASC ALFAIATARIA LINHO LISA.GRAOJEANS.MCAR,GRAO JEANS
32344,CALCA MASC JOGGER SARJA COM ELASTANO.GRAOJEANS.MJPR,GRAO JEANS
32345,CALCA MASC JEANS TRADICIONAL.GRAOJEANS.MEAR,GRAO JEANS
32346,CALCA MASC JEANS TRADICIONAL.GRAOJEANS.MEAR,GRAO JEANS
32347,CALCA MASC JEANS TRADICIONAL PRETA.GRAOJEANS.MEAR,GRAO JEANS
32348,CALCA MASC JEANS SKINNY MARMORIZADA.GRAOJEANS.MEAR,GRAO JEANS
32349,CONJ INTIMO JADE DE POLIESTER C/RENDA.TOQUE SECRETO.FIPR,TOQUE SECRETO
32350,CONJ INTIMO BELLEZZA.TOQUE SECRETO.FIPR,TOQUE SECRETO
32351,CONJ INTIMO ESMERALDA POLIESTER.TOQUE SECRETO.FIPR,TOQUE SECRETO
32352,CONJ INTIMO PASSIONE POLIESTER.TOQUE SECRETO.FIPR,TOQUE SECRETO
32353,CONJ INTIMO ENCANTO POLIESTER.TOQUE SECRETO.FIPR,TOQUE SECRETO
32354,BERMUDA MASC SARJA CHUMBO.JEZZIAN.MCPR,JEZZIAN
32355,BERMUDA MASC SARJA CAQUI.JEZZIAN.MCPR,JEZZIAN
32356,BERMUDA MASC SARJA PRETA.JEZZIAN.MCPR,JEZZIAN
32357,CALCA MASC SARJA PRETA.JEZZIAN.MCPR,JEZZIAN
32358,REGATA MASC PLUS MACHAO BASICA.SBG.MPPR,SBG
32359,CAMISETA MASC PLUS BASICA.SBG.MPPR,SBG
32360,BLUSA FEM M/M MANGA JAPONESA.MINHA ESTAMPA.FCAR,MINHA ESTAMPA
32361,CONJ INTIMO BRISA.TOQUE SECRETO.FIPR,TOQUE SECRETO
32362,CAMISETA MASC M/M SILK.RECHSUL.MJPR,RECHSUL
32363,CAMISETA MASC M/M SILK.RECHSUL.MJPR,RECHSUL
32364,CAMISETA MASC SILK PLUS SIZE.RECHSUL.MPPR,RECHSUL
32365,CAMISETA MASC SILK PLUS SIZE.RECHSUL.MPPR,RECHSUL
32366,CAMISETA MASC M/M BASICA.CDKA.MBMS,CDKA
32367,MACAQUINHO COLICE PLUS ESTAMPADO.CANDY BEE.FPPR.,CANDY BEE
32368,SHORT SAIA FEM PLUS C/AMARRACAO.CANDY BEE.FPPR,CANDY BEE
32369,BLUSA FEM PLUS DE ALCA C DETALHES E REGULADOR.CANDY BEE.FPPR,CANDY BEE
32370,MACACAO FEM PLUS BUSTO TRASPASSADO.CANDY BEE.FPPR,CANDY BEE
32371,CALCA FEM PLUS JOGGER CARGO.CANDY BEE.FPPR,CANDY BEE
32372,CALCA FEM DE MOLETOM C/CADARCO.MINHA ESTAMPA.FJAR,MINHA ESTAMPA
32373,REF.: 21-05013 - CALCINHA EM MODELO DE TANGA SEM COSTURA. C&B GLOBAL. FISL,JCOLOUR
32374,CAMISETA MASC POLIESTER BASICA.PONTODACAMISETA.MBMS,PONTO DA CAMISETA
32375,PULSEIRA PANDORA DO STITCH.MUSA AASF,MUSA PRESENTE (BRAS)
32376,AGENDA PERSONAGEM DIVERSAS.MUSA AASF,MUSA PRESENTE (BRAS)
32377,KIT OCULOS INFANTIL.MUSA AASF,MUSA PRESENTE (BRAS)
32378,AGENDA COM CANETA .MUSA AASF,MUSA PRESENTE (BRAS)
32379,KIT ESCOLAR PERSONAGEM.MUSA AASF,MUSA PRESENTE (BRAS)
32380,ADESIVO MARVEL .MUSA AASF,MUSA PRESENTE (BRAS)
32381,ADESIVO STITCH.MUSA AASF,MUSA PRESENTE (BRAS)
32382,REGUA PERSONAGEM.MUSA AASF,MUSA PRESENTE (BRAS)
32383,RELOGIO DIVERTIDAMENTE INF.MUSA AASF,MUSA PRESENTE (BRAS)
32386,KIT LACO XADREZ INFANTIL .MUSA AASF,MUSA PRESENTE (BRAS)
32387,LACO INFANTIL LISO .MUSA AASF,MUSA PRESENTE (BRAS)
32388,TOALHA ESTAMPADA MESCLA AASF,IDEIA TEXTTIL ( GONZAGA)
32389,MEIA CANO LONGO FITNESS.HANGAR. AASF,HANGAR
32390,KIT MEIA CANO CURTO MASC.HANGAR. AASF,HANGAR
32391,CUECA MASC BOX ALGODAO.HANGAR.MISF,HANGAR
32392,CUECA MASC BOX ALGODAO PLUS.HANGAR.MISF,HANGAR
32393,MEIA CANO MEDIO ALGODAO FEM 35-40.HANGAR. AASF,HANGAR
32394,KIT 3 MEIAS BICHINHOS FEM 35-40.HANGAR. AASF,HANGAR
32395,CALCA FEM JEANS DIVERSAS.WONE.FEAR,WONE
32396,BERMUDA INFANTIL 4 A 10 BEGE.CAEDU.MIO4,CAEDU
32397,SHORT MASC TACTEL BOLSO TRASEIRO PLUS SIZE.VESTSURF.MPAR,M S VIEIRA
32398,CALCA FEM ELISABETH DUNA(THAIS).ABSOLUTA.FCAR,ABSOLUTA
32399,SHORT FEM JEANS BLACK.IDISE.FEPR,IDISE
32400,SHORT FEM JEANS C/CINTO.IDISE.FEPR,IDISE
32401,REGATA MASC POLIESTER BASICA.PONTODACAMISETA.MBAR,PONTO DA CAMISETA
32402,CAMISETA MASC FULL PRINT COQUEIRINHO.CDKA.MJPR,CDKA
32403,REGATA MASC MACHAO FULL PRINT COQUEIRINHO.CDKA.MCPR,CDKA
32404,CUECA MASC SLIP ALGODAO.KAFA.MIBC,KAFA
32405,BLUSA FEM GOLA V M/L.JRA.FCAR,JRA MARCELO
32406,BLUSA FEM GOLA REDONDA M/L.JRA.FCAR,JRA MARCELO
32407,BERMUDA MASC MOLETINHO COM ELASTICO E CADARCO.MINHAESTAMPA.MJAR,MINHA ESTAMPA
32408,CONJUNTO FEM LANZINHA.AGTEX.FJPR,AGTEX
32409,CALCA FEM CANELADA LANZINHA.ONLLEY.FJAR,ONLLEY
32410,REGATA FEM GOLA ALTA CANELADA.ONLLEY.FJAR,ONLLEY
32411,CAMISETA MASC M/M SILK.MICHELLON.MJPR,MICHELLON PRIVATE
32412,CAMISETA MASC M/M SILK.MICHELLON.MJPR,MICHELLON PRIVATE
32413,CAMISETA MASC M/M SILK.MICHELLON.MJPR,MICHELLON PRIVATE
32414,CAMISETA MASC M/M SILK.MICHELLON.MJPR,MICHELLON PRIVATE
32415,CAMISETA MASC M/M SILK.MICHELLON.MJPR,MICHELLON PRIVATE
32416,CAMISETA MASC M/M SILK.MICHELLON.MJPR,MICHELLON PRIVATE
32417,CAMISETA MASC M/M SILK.MICHELLON.MJPR,MICHELLON PRIVATE
32419,CONJUNTO FEM DE SUEDE CALCA C/BLUSA M/M.AGTEX.FJPR,AGTEX
32420,CAMISETA INF MENINO EVENTO PAIS,DUKY
32421,CAMISETA INF MENINA EVENTO PAIS,DUKY
32422,CAMISETA MASC M/M SILK LEAO EVENTO PAIS.MJAR,DUKY
32423,CAMISETA MASC M/M SILK FRASE EVENTO PAIS.DUKY.MJAR,DUKY
32424,REGATA FEM GOLA ALTA LISA.MUNDO MIX.FJAR,MUNDO MIX
32425,BLUSA FEM M/L SUPLEX.MUNDO MIX.FJAR,MUNDO MIX
32426,REGATA FEM CANELADA (COTTON STAR).PETALLE.FJAR,PETALLE
32427,REGATA CROPPED CANELADA CAVADA(COTTON STAR).PETALLE.FJAR,PETALLE
32428,BLUSA FEM M/M CANELADA(COTTON STAR).PETALLE.FJAR,PETALLE
32429,BLUSA FEM M/M CANELADA(COTTON STAR).PETALLE.FJAR,PETALLE
32430,BLUSA FEM M/M COTTON GOLA V.DAISA.FCAR,DAISA
32431,BOLSA DE PRESENTE VELCRO G.FEIRAO DA MAQUIAGEM.AASF,FEIRÃO DA MAQUIAGEM
32432,BOLSA DE PRESENTE METALIZADA M.FEIRAO DA MAQUIAGEM.AASF,FEIRÃO DA MAQUIAGEM
32433,KIT MEIA BB MENINO ANTIDERRAPANTE 0-6/6-12/12-24.HANGAR.AASF,HANGAR
32434,KIT MEIA BB MENINA ANTIDERRAPANTE 0-6/6-12/12-24.HANGAR.AASF,HANGAR
32435,CAMISETA MASC DRY FIT.MINHAESTAMPA.MJAR,MINHA ESTAMPA
32436,CAMISETA MASC M/M C/ BOLSINHO SILK.EBNZ.MCPR,EBNZ
32437,CAMISETA MASC M/M BICOLOR SILK.EBNZ.MCPR,EBNZ
32438,CAMISETA MASC M/M RAGLAN SILK.EBNZ.MCPR,EBNZ
32439,CAMISETA MASC M/M CORTE A FIO SILK.EBNZ.MCPR,EBNZ
32440,CAMISETA MASC M/M PLUS SIZE SILK.EBNZ.MCPR,EBNZ
32441,CAMISETA MASC M/M SILK.EBNZ.MCPR,EBNZ
32442,LENCO DE CETIM G.GABRIEL KAMP. AASF,GABRIEL CAMP
32443,CALCA PANTACURT PLUS ESTAMPADA VISCOLYCRA.MINHA ESTAMPA.FPAR,MINHA ESTAMPA
32444,CALCA FEM PANTALONA DE VISCOLYCRA.MINHA ESTAMPA.FCAR,MINHA ESTAMPA
32445,KIT MEIA FEMININ.SCHUMACHER.AASF,SCHUMACHER
32446,CASACO CANGURU CAPUZ PELUCIADO FJAR,LUCKYS MODA
32447,BABY LOOK FEM DE SUEDE PLUS.MINHA ESTAMPA.FPAR,MINHA ESTAMPA
32448,CINTO FINO CLASSICO.AGTEX.AASF,AGTEX
32449,CINTO FINO ELEGANTE.AGTEX.AASF,AGTEX
32450,GLOSS VOLUME MAX LOVE.AGTEX.AASF,AGTEX
32451,BLUSA FEM M/L VISCO SLIM GOLA REDONDA .MINHA ESTAMPA.ALEGAM.FCAR,MINHA ESTAMPA
32452,BLUSA FEM M/L VISCO SLIM GOLA ALTA.MINHA ESTAMPA.FCAR .,MINHA ESTAMPA
32453,ESPONJA DE MAQUIAGEM GOTA.AGTEX.AASF,AGTEX
32454,BATOM OVO VIVAI.AGTEX.AASF,AGTEX
32455,CARTEIRA CLASSICA.AGTEX.AASF,AGTEX
32456,CARTEIRA BASICA.AGTEX.AASF,AGTEX
32457,VESTIDO MID MOLECOTON C/FENDA.BELLA MODA.FCAR,BELLA MODA
32458,KIT 3 PARES FEM 35-40.HANGAR.AASF,HANGAR
32459,VESTIDO LONGO INDIANO DE SEDA.SCHUMACHER.FJPR,SCHUMACHER
32460,CAMISETA MASC OVERSIZED SILK COMFY.SBG.MJPR,SBG
32461,CAMISETA MASC OVERSIZED SILK COMFY.SBG.MJPR,SBG
32462,CAMISETA MASC OVERSIZED SILK COMFY.SBG.MJPR,SBG
32463,CAMISETA MASC OVERSIZED SILK COMFY.SBG.MJPR,SBG
32464,REGATA MASC M/M SILK PLUS SIZE.SBG.MPAR,SBG
32465,CAMISETA MASC M/M SILK PLUS SIZE.SBG.MPAR,SBG
32466,CALCA FEM DE MOLETINHO.NILKAMP.FJAR,NILKAMP
32467,CALCA LEGGING DE COTTON.NILKAMP.FJAR,NILKAMP
32468,CALCA FEM LEGGING MONTARIA.MINHA ESTAMPA.FJAR,MINHA ESTAMPA
32469,BLUSA FEM MANGA GIRASSOL.JRA.FCAR,JRA MARCELO
32470,BLUSA FEM PLUS C/AMARRACAO NO BUSTO.CANDY BEE.FCPR,CANDY BEE
32471,CALCA FEM PANTALONA PLUS C/BOLSO E BOTAO.CANDY BEE.FPPR,CANDY BEE
32472,REGATA MASC RAJADA DRY.ALEGAM.MJAR,ALEGAM
32473,CAMISETA MASC RAJADA DRY.ALEGAM.MJAR,ALEGAM
32474,SHORT FEM CANELADO CHELEADO.BCC.FJAR,BCC
32475,"VESTIDO PLUS MANGA JAPONESA ESTAMPADO.ONLLEY,FPAR",ONLLEY
32476,TIARA NO LISTRADA .GABRIEL CAMP. AASF,GABRIEL CAMP
32477,KIT INF OCULOS E LACO. GABRIEL CAMP. AASF,GABRIEL CAMP
32478,KIT DE PINCEL COM ESPELHO. GABRIEL KAMP. AASF,GABRIEL CAMP
32479,ANEL STITCH. GABRIEL KAMP. AASF,GABRIEL CAMP
32480,KIT DE PRESILHA FLOR METAL. GABRIEL KAMP. AASF,GABRIEL CAMP
32481,BLUSA FEM M/L CANELADA GOLA REDONDA.MINHA ESTAMPA.FCAR,MINHA ESTAMPA
32482,REGATA MASC DRY MACHAO LISA BRANCA.CAEDU.MJAR,CAEDU
32483,REGATA MASC HELANCA MACHAO LISA CINZA ESCURO.CAEDU.MJAR,CAEDU
32484,REGATA MASC DRY MACHAO LISA MARINHO.CAEDU.MJAR,CAEDU
32485,REGATA MASC DRY MACHAO LISA PRETO.CAEDU.MJAR,CAEDU
32486,REGATA MASC DRY MACHAO LISA VERDE MILITAR.CAEDU.MJAR,CAEDU
32487,REGATA MASC DRY BASQUETE AZUL.CAEDU.MJAR,CAEDU
32488,REGATA MASC DRY BASQUETE PRETO.CAEDU.MJAR,CAEDU
32489,REGATA MASC DRY BASQUETE VERDE.CAEDU.MJAR,CAEDU
32490,REGATA MASC DRY BASQUETE PRETO.CAEDU.MJAR,CAEDU
32491,SHORT MASC ESPORTIVO EM MICROFIBRA PRETO.CAEDU.MJAR,CAEDU
32492,SHORT MASC ESPORTIVO BASQUETE MICROFIBRA PRETO.CAEDU.MJAR,CAEDU
32493,SHORT MASC ESPORTIVO BASQUETE MICROFIBRA VERDE.CAEDU.MJAR,CAEDU
32494,SHORT MASC ESPORTIVO BASQUETE MICROFIBRA AZUL MEDIO.CAEDU.MJAR,CAEDU
32495,CAMISETA MASC DRY LISA BRANCA.CAEDU.MJAR,CAEDU
32496,CAMISETA MASC DRY LISA PRETO.CAEDU.MJAR,CAEDU
32497,CAMISETA MASC DRY LISA CHUMBO.CAEDU.MJAR,CAEDU
32498,CAMISETA MASC DRY LISA AZUL MARINHO.CAEDU.MJAR,CAEDU
32499,CAMISETA MASC DRY LISA VINHO.CAEDU.MJAR,CAEDU
32500,PIJAMA MASC POLIESTER GOLA V MANGA CURTA.KAFA.MIPR,KAFA
32501,VESTIDO VENETTO GOLA ALTA C/FENDA.MINHA ESTAMPA.FCAR,MINHA ESTAMPA
32502,CROPPED FEM CANELADO EMBUTIDO DE ALCA.BELLA MODA.FJAR,BELLA MODA
32503,BERMUDA MICROFIBRA BASQUETE JUV.CAEDU.IO4AR,CAEDU
32504,REGATA RECORTE LAT JUV.CAEDU.I4OAR,CAEDU
32505,CALCA MASC HELANCA COM CADARCO ORIGINAL.MARIACHIC.MJAR,MARIA CHIC
32506,CAMISETA MASC M/L ALGODAO LISA.HARTEXTIL.MBAR,HAR TEXTIL
32507,BERMUDA MICROFIBRA BASQUETE PRETO.CAEDU.I4AAR,CAEDU
32508,REGATA RECORTE LAT INF.CAEDU.IA4AR,CAEDU
32509,PIJAMA LICENCIADO STITCH INF.CAEDU.IA4AR,CAEDU
32510,PIJAMA LICENCIADO MINIE JUV.CAEDU.IA4AR,CAEDU
32511,PIJAMA LICENCIADO ANGEL STITCH JUV.CAEDU.IA4AR,CAEDU
32512,PIJAMA LICENCIADO MINIE INF.CAEDU.IA4AR,CAEDU
32513,PIJAMA LICENCIADO MC MARIE JUV.CAEDU.IA4AR,CAEDU
32514,PIJAMA LICENCIADO SPIDER JUV.CAEDU.IO4AR,CAEDU
32515,PIJAMA LICENCIADO VINGADORES INF.CAEDU.IO4AR,CAEDU
32516,PIJAMA LICENCIADO SPIDER INF.CAEDU.IO4AR,CAEDU
32517,PIJAMA LICENCIADO MARVEL JUV.CAEDU.IO4AR,CAEDU
32518,BLUSA FEM GOLA ALTA VENETTO.MINHA ESTAMPA.FCAR,MINHA ESTAMPA
32519,PIJAMA LICENCIADO STITCH ANGEL INF.CAEDU.I04AR,CAEDU
32520,CALCA FEM FLARE VENETTO.MINHA ESTAMPA.FJAR,MINHA ESTAMPA
32521,BLUSA FEM M/L CANELADA GOLA ALTA.MINHA ESTAMPA.FJAR,MINHA ESTAMPA
32522,CALCA MASC MOLETOM BASICA 1005.GOODBLESS.MJAR,GOOD BLESS
32523,CASACO MASC MOLETOM FECHADO CANGURU 1013.GOODBLESS.MJAR,GOOD BLESS
32524,CAMISETA MASC M/L HELANCA ORIGINAL.MARIACHIC.MJAR,MARIA CHIC
32525,CASACO FEM DE MOLETINHO C/CAPUZ.RYLER MODAS.FJAR,RYLER MODAS
32526,CASACO CROPPED FEM MOLETINHO C/CAPUZ.RYLER MODAS.FJAR,RYLER MODAS
32527,MACAQUINHO FEM FITNESS DE ALCA MONICA SUPLEX.LIDERY.FFAR,LIDERY
32528,VESTIDO LONGO DE ALCA FRANZIDO ESTAMPADO.AGTEX.FJPR,AGTEX
32529,VESTIDO LONGO DE ALCA FRANZIDO LISO.AGTEX.FJPR,AGTEX
32530,PIJAMA FEM M/L DE SUEDE.FEMINNITA.FIAR,FEMINNITA
32531,PIJAMA FEM M/L CANELADO.FEMINNITA.FIAR,FEMINNITA
32532,BABY DOLLSUEDE PLUS DE ALCA C/RENDA.FEMINNITA.FIAR,FEMINNITA
32533,BABY DOLL M/M DE SUEDE.FEMINNITA.FIAR,FEMINNITA
32534,BABY DOLL DE ALCA SUEDE.FEMINNITA.FIAR,FEMINNITA
32535,CUECA SAMBA CANCAO DE CETIM ESTAMPADA.KAFA.MIBC,KAFA
32536,CUECA SAMBA CANCAO DE ALGODAO KAFA.MIAR,KAFA
32537,REGATA MASC COTTON MACHAO BASICA.ONLLEY.MBAR,ONLLEY
32538,CAMISETA MASC COTTON LONG BASICA.ONLLEY.MBAR,ONLLEY
32539,CAMISA MASC BOTAO EM VISCOSE LISA.ALIRIO.MCPR,ALIRIO
32540,SHORT MASC EM VISCOSE LISO.ALIRIO.MCPR,ALIRIO
32541,SHORT DOLL DE ALCA ABERTO.VILY PIJAMAS.FIPR,VILY PIJAMAS
32542,SHORT DOLL DE ALCA.VILY PIJAMAS.FIPR,VILY PIJAMAS
32543,SHORT DOLL REGATA.VILY PIJAMAS.FIPR,VILY PIJAMAS
32544,CAMISOLA DE ALCA.VILY PIJAMAS.FIPR,VILY PIJAMAS
32545,CAMISOLA REGATA.VILY PIJAMAS.FIPR,VILY PIJAMAS
32546,PIJAMA M/M.VILY PIJAMAS.FIPR,VILY PIJAMAS
32547,"TOP C/ BOTOES NAS COSTAS AMARANT,COM ESTYLLO.FJPR",COM ESTYLLO
32548,SHORT FEM C/BOTOES AMARANT.COM ESTYLLO.FJPR,COM ESTYLLO
32549,COLETE FEM C/BOLSO AMARANT.COM ESTYLLO.FJPR,COM ESTYLLO
32550,BLUSA FEM DE ALCA C/BABADO AMARANT.COM ESTYLLO.FJPR,COM ESTYLLO
32554,SHORT SAIA C/ PREGAS.COM ESTYLLO.FJPR,COM ESTYLLO
32560,CROPPED COLETE DE ALCA C/BOTOES.COM ESTYLLO.FJPR,COM ESTYLLO
32561,BERMUDA FEM C/BOLSO AMARANT.COM ESTYLLO.FJPR,COM ESTYLLO
32562,CALCA FEM C/BOLSO E DETALHES AMARANT.COM ESTYLLO.FJPR,COM ESTYLLO
32564,COLETE NADADOR C/BOTOES AMARANT.COM ESTYLLO.FJPR,COM ESTYLLO
32565,CROPPED DE ALCA COM BABADO RAYON .COM ESTYLLO.FJPR,COM ESTYLLO
32566,VESTIDO DE ALCA RAYON.COM ESTYLLO.FJPR,COM ESTYLLO
32567,MACAQUINHO C/BABADINHO RAYON.COM ESTYLLO,COM ESTYLLO
32568,SAIA MID C/BOLSO RAYON.COM ESTYLLO.FJPR,COM ESTYLLO
32576,CAMISETA MASC MALHA PENTEADA SILK VARIADOS.LEASH.MJAR,LEASH
32577,REGATA MASC SILK VARIADOS.LEASH.MJAR,LEASH
32578,BLUSA FEM M/M VISCOLYCRA LISA.GRAN CLOTHES.FJAR,GRAN CLOTHES
32579,BLUSA FEM M/M VISCOLYCRA ESTAMPADA PERSONAGEM.GRAN CLOTHES.FJAR,GRAN CLOTHES
32580,BLUSA FEM M/M MALHA PENTEADA PERSONAGEM.GRAN CLOTHES.FJAR,GRAN CLOTHES
32581,CROPPED OVERSIZE ESTAMPADO DE PERSONAGEM.GRAN CLOTHES.FJAR,GRAN CLOTHES
32582,BLUSA FEM PLUS DE MALHA ESTAMPADA.GR PERSONAGEM.GRAN CLOTHES.FPAR,GRAN CLOTHES
32583,SHORT FEM DE VISCOLINHO DE AMARRAR.LILAS CHIQUE.FJPR,LILÁS CHIQUE
32584,BLUSA FEM DE VISCOLINHO ABERTA C/BABADO.LILAS CHIQUE.FJPR,LILÁS CHIQUE
32585,VESTIDO DE VISCOLINHO LONGO DE ALCA C/BABADO.LILAS CHIQUE.FJPR,LILÁS CHIQUE
32586,VESTIDO LONGO C/ABERTURA HONEY.LILAS CHIQUE.FJPR,LILÁS CHIQUE
32587,SHORT FEM C/BOLSO E CADARCO HONEY.LILAS CHIQUE.FJPR,LILÁS CHIQUE
32588,TOP CROPPED C/DETALHE DE FLOR HONEY.LILAS CHIQUE.FJPR,LILÁS CHIQUE
32589,VESTIDO DE ALCA MID C/ABERTURA ATRAS HONEY.LILAS CHIQUE.FJPR,LILÁS CHIQUE
32590,VESTIDO LONGO DECOTE QUADRADO HONEY.LILAS CHIQUE.FJPR,LILÁS CHIQUE
32626,CALCA FEM MOLETINHO.MARIA CHIC.FJAR,MARIA CHIC
32627,SHORT FEM DUNA C/NERVURA LISO.ART LIMA.FJAR,ART LIMA
32628,PIJAMA AMERICANO CURTO.VILY PIJAMAS.FIPR,VILY PIJAMAS
32629,PIJAMA M/M CALCA,VILY PIJAMAS
32630,SHORT DOLL REGATA.VILY PIJAMAS.IA4PR,VILY PIJAMAS
32631,PIJAMA M/M.VILY PIJAMAS.IA4PR,VILY PIJAMAS
32632,PIJAMA AMERICANO CURTO.VILY PIJAMAS.IA4PR,VILY PIJAMAS
32633,PIJAMA M/M CALCA.VILY PIJAMAS.IA4PR,VILY PIJAMAS
32634,CALCA FEM RETA.CANDY BEE.FCPR,CANDY BEE
32635,CAMISA M/L FEM C/BOTOES VISCOLINHO.CANDY BEE.FCPR,CANDY BEE
32636,VESTIDO LONGO ASSIMETRICO.CANDY BEE.FCPR,CANDY BEE
32637,VESTIDO LONGO BICOLOR MILA.CANDT BEE.FCPR,CANDY BEE
32638,SHORT DOLL SUEDE DE ALCA ESTAMPADO.ALEGAM.FIAR,ALEGAM
32639,CALCA FEM CENOURA C/ZIPER.CANDY BEE.FCPR,CANDY BEE
32640,SHORT DOLL REGATA SUEDE ESTAMPADA.ALEGAM.FIAR,ALEGAM
32641,KIT C/ 2 CALCINHAS CANEL ROSA / AZUL. CAEDU. FIPR,CAEDU
32642,KIT C/ 2 CALCINHA CANEL LILAIS / BRANCO. CAEDU. FIPR,CAEDU
32643,KIT C/ 2 CALCINHAS MAQUINET. MESCLA / ROSA . CAEDU . FIPR,CAEDU
32644,KIT C/ 2 CALCINHAS LISA. BRANCO / PRETO,CAEDU
32645,KIT C/ 2 CALCINHAS LISA . ROSA / AZUL. CAEDU. FIPR,CAEDU
32646,PIJAMA S/ MANGA CAPRI XADREZ. CAEDU. FIPR,CAEDU
32647,"MACACAO FE, DE ALCA ZIPER NAS COSTAS ESTAMPADO.AME-SE.FCPR",AME -SE
32648,CALCA COS ALTO ESTAMPADO.AME-SE.FPPR,AME -SE
32649,SHORT DOOL MANGA CURTA POLYB POA ROSA. CAEDU. FIPR,CAEDU
32650,CALCA COS ALTO LISA.AME-SE.FPPR,AME -SE
32651,SHORT DOOL ALCA POLY FLOR. AZUL. CAEDU. FIPR,CAEDU
32652,SHORT DOOL ALCA POLY POA ROSA. CAEDU. FIPR,CAEDU
32653,MACAQUINHO FEM DE ALCA C/ZIPER LISO.AME-SE.FCPR,AME -SE
32654,SHORT DOOL ALCA LIGAN FLOR AZUL. CAEDU. FIPR,CAEDU
32655,SHORT DOOL ALCA LIGAN. CEREJA. CAEDU. FIPR,CAEDU
32656,MACACAO FEM LONGO DE ALCA LISO.AME-SE.FCPR,AME -SE
32657,SHORT DOOL ALCA LIGAN SORVETE. CAEDU. FIPR,CAEDU
32658,SHORT DOOL ALCA LIGAN FLOR. VERDE. CAEDU. FIPR,CAEDU
32659,MACACAO FEM LONGO DE ALCA ESTAMPADO.AME-SE.FCPR,AME -SE
32660,VESTIDO MID ALCA LARGA ESTAMPADO.AME-SE.FCPR,AME -SE
32661,VESTIDO MID ALCA LARGA LISO.AME-SE.FCPR,AME -SE
32662,MEIA CALCA FIO 80 SEM PE. HANGAR. AASF,HANGAR
32663,KIT C/3 MEIAS CANO LONGO MASC.HANGAR.AASF,HANGAR
32664,TOP CANELADO POLIESTER. LIDERY. FFPR,LIDERY
32665,CALCA LEEGGING CANELADO POLIESTER. LIDERY. FFPR,LIDERY
32666,SHORT CANELADO POLIESTER. LIDERY.FFPR,LIDERY
32670,TOP ALCA WAVE.LIDERY.FFPR,LIDERY
32672,TOP LESS. LIDERY. FFPR,LIDERY
32673,TOP ATHLETIC. LIDERY. FFPR,LIDERY
32674,SHORT ATHLETIC. LIDERY. FFPR,LIDERY
32679,TOP ALCINHA POLIESTER.LIDERY. FFPR,LIDERY
32680,SHORT SAIA POLIAMIDA. LIDERY. FFPR,LIDERY
32681,SHORT FEM DE TACTEL C/CADARCO PRETO.CAEDU.FJAR,CAEDU
32682,SHORT FEM DE TACTEL C/CADARCO ROSA.CAEDU.FJAR,CAEDU
32683,SHORT FEM DE TACTEL C/CADARCO AZUL.CAEDU.FJAR,CAEDU
32684,SHORT FEM DE TACTEL C/CADARCO CINZA.CAEDU.FJAR,CAEDU
32685,SHORT FEM DE TACTEL C/CADARCO VERDE.CEDU .FJAR,CAEDU
32686,SHORT FEM DE TACTEL C/CADARCO CORAL.CAEDU.FJAR,CAEDU
32687,SHORT FEM DE MOLETINHO VERDE.CAEDU.FJAR,CAEDU
32688,SHORT FEM DE MOLETINHO ROSA.CAEDU.FJAR,CAEDU
32689,SHORT FEM DE MOLETINHO AMARELO.CAEDU.FJAR,CAEDU
32690,SHORT FEM DE MOLETINHO AZUL.CAEDU.FJAR,CAEDU
32691,REGATA FEM FITNESS POLYBRUSH PRETA.CAEDU.FFPR,CAEDU
32692,REGATA FEM FITNESS POLYBRUSH CINZA.CAEDU.FFPR,CAEDU
32693,REGATA FEM FITNESS POLYBRUSH ROSA.CAEDU.FFPR,CAEDU
32694,BLUSA M/M FITNESS POLYBRUSH PRETO.CAEDU.FFPR,CAEDU
32695,BLUSA M/M FITNESS POLYBRUSH BRANCA.CAEDU.FFPR,CAEDU
32696,REGATA FEM DE ALCA FINA VISCOLYCRA.ALEGAM.FJAR,ALEGAM
32697,REGATA NADADOR VISCOLYCRA ESTAMPADA.ALEGAM.FJAR,ALEGAM
32698,BLUSA M/M FITNESS POLYBRUSH CINZA.CAEDU.FFPR,CAEDU
32699,BLUSA M/M POLO S/COSTURA .CAEDU.FJAR,CAEDU
32700,BLUSA M/M POLO S/COSTURA ROSA.CAEDU.FJAR,CAEDU
32701,BLUSA M/M POLO S/COSTURA AMARELO.CAEDU.FJAR,CAEDU
32702,BLUSA M/M POLO S/COSTURA PRETA.CAEDU.FJAR,CAEDU
32703,BLUSA M/M POLO S/COSTURA.AZUL.FJAR,CAEDU
32704,KIMONO FEM DE LINHO VERDE / ROSA / ROXO.SCHUMACHER,SCHUMACHER
32705,CALCA JEANS FEM BASICA PRETA.DECIZAO.FEMS,DECIZÃO
32706,CALCA FEM DE DUNA C/BOLSO.MINHA ESTAMPA.FCAR,MINHA ESTAMPA
32707,CALCA JEANS FEM LAVAGEM CLARA.DECIZAO.FEMS,DECIZÃO
32708,SHORT MASC MICROFIBRA COM CADARCO E ELASTICO NO COS.ALEGORIA.MJPR,ALEGORIA
32709,CALCA JEANS FEM BASICA JEANS ESCURO.DECIZAO.FEMS,DECIZÃO
32710,CALCA JEANS FEM BASICA MEDIA.DECIZAO.FEMS,DECIZÃO
32711,CALCA JEANS FEM BASICA MEDIA ESCURA.DECIZAO.FEMS,DECIZÃO
32712,CAMISETA MASC M/M MESCLA COM BOLSO.DESAYNER.MCAR,DESAYNER
32714,CAMISETA MASC MALHA RUSTICA TEXTURIZADA.DESAYNER.MJAR,DESAYNER
32715,CAMISETA MASC PLUS SIZE MALHA RUSTICA TEXTURIZADA.DESAYNER.MPAR,DESAYNER
32716,CAMISETA MASC PLUS SIZE M/M MESCLA COM BOLSO.DESAYNER.MPAR,DESAYNER
32717,POLO MASC PLUS SIZE M/M SEM BOLSO.DESAYNER.MPAR,DESAYNER
32718,CONJ INTIMO ISADORA.TOQUE SECRETO.FIPR,TOQUE SECRETO
32719,CONJUNTO INTIMO ARIANE.TOQUE SECRETO.FIPR,TOQUE SECRETO
32722,CAMISETA MALHA ECO NAVY GOLA PORTUGUESA INF.COSTAO.O4PR,MALHARIA COSTÃO
32723,CONJ CAMISETA M/M VELEIRO BERM MOL SEM FELPA INF.COSTAO.IO4PR,MALHARIA COSTÃO
32724,"CAMISETA ESSENCIAL GOLA ""V"" MALHA INF.COSTAO.IO4PR",MALHARIA COSTÃO
32725,BERMUDA MOLETOM SEM FELPA ESSENCIAL BOLSOS INF.COSTAO.IO4AR,MALHARIA COSTÃO
32726,CAMISETA M/M ESSENCIAL BORDADA INF.COSTAO.,MALHARIA COSTÃO
32727,Camiseta m/m gaivota juv.COSTAO.IO4PR,MALHARIA COSTÃO
32728,Camiseta m/m essencial bordada juv.COSTAO.IO4PR,MALHARIA COSTÃO
32729,Bermuda moletom bolsos aplique barra juv.COSTAO.IO4PR,MALHARIA COSTÃO
32730,Blusa bata malha tweed inf.MUNDO MANIA.IA4PR,MUNDO MANIA
32731,Vestido malha tweed 3 marias inf.MUNDO MANIA.IA4PR,MUNDO MANIA
32732,Cropped ribana canelado aplique inf.MUNDO MANIA.IA4PR,MUNDO MANIA
32733,Bermuda moletinho cargo inf.MUNDO MANIA.IO4PR,MUNDO MANIA
32734,Conj camiseta 1/2 malha berm moletinho recorte inf.MUNDO MANIA.IO4PR,MUNDO MANIA
32735,Conj camiseta 1/2 malha berm mol textura bolsos inf.MUNDO MANIA.IO4PR,MUNDO MANIA
32736,Conj camiseta 1/2 malha estampa berm mol aplique inf.MUNDO MANIA.IO4PR,MUNDO MANIA
32737,Bermuda moletom listrado cargo aplique inf.MUNDO MANIA.IO4AR,MUNDO MANIA
32738,Regata 1/2 malha estampa 3d inf.MUNDO MANIA.IO4AR,MUNDO MANIA
32739,Camiseta 1/2 malha level juv.MUNDO MANIA.IO4PR,MUNDO MANIA
32740,Camiseta malha texturizada estam local juv.MUNDO MANIA.IO4PR,MUNDO MANIA
32741,Conj camiseta malha texturizada speed berm mol juv.MUNDO MANIA.IO4PR,MUNDO MANIA
32742,Regata machao 1/2 malha estam skate boarding juv.MUNDO MANIA.IO4PR,MUNDO MANIA
32743,Bermuda cargo listrada moletinho juv.MUNDO MANIA.IO4PR,MUNDO MANIA
32744,Conjunto camiseta 1/2 malha short moletom juv.MUNDO MANIA.IO4PR,MUNDO MANIA
32745,Camisa 1/2 malha recorte bicolor inf.MUNDO MANIA.IO4PR,MUNDO MANIA
32746,SHORT LINHO AMARRACAO LACO CINTURA INF.GRAO JEANS.IO4PR,GRAO JEANS
32747,SHORT JEANS BARRA VIRADA INF MNA.GRAO JEANS.IA4PR,GRAO JEANS
32748,SHORT LINHO ELASTICO CINTURA INF MNA.GRAO JEANS.IA4PR,GRAO JEANS
32749,BERM LINHO ELASTICO CINTURA BOLSOS INF MNO.GRAO JEANS.IO4PR,GRAO JEANS
32750,BERMUDA LISTRADO ELAS CINTURA BOLSOS INF MNO.GRAO JEANS.IO4PR,GRAO JEANS
32751,CALCA JEANS BASICA SKINY INF MENINO.GRAO JEANS.IO4PR,GRAO JEANS
32752,BERMUDA LINHO SOCIAL JUV.GRAO JEANS.IO4PR,GRAO JEANS
32753,Calca jeans elastico cintura inf menina.GRAO JEANS.IO4PR,GRAO JEANS
32754,CAMISETA 1/2 MALHA ESTAMP URBAN JUV.ZHOR.IO4PR,ZHOR (SJ TEXTIL)
32755,CAMISETA 1/2 MALHA NEW YORK JUV.ZHOR.IO4PR,ZHOR (SJ TEXTIL)
32756,CAMISETA 1/2 MALHA VENICE JUV.ZHOR.IO4PR,ZHOR (SJ TEXTIL)
32757,REGATA 1/2 MALHA PHOENIX INF.ZHOR.IO4PR,ZHOR (SJ TEXTIL)
32758,CAMISETA 1/2 MALHA SPORT INF.ZHOR.IO4PR,ZHOR (SJ TEXTIL)
32759,Vestido viscolycra detalhe malha arrastao juv.AGUA VIVA.IA4PR,AGUA VIVA
32760,Blusa meia manga viscolycra detalhe malha arrastao juv.AGUA VIVA.IA4PR,AGUA VIVA
32761,Blusa molecotton liso elastico lateral juv.AGUA VIVA.IA4PR,AGUA VIVA
32762,Cropped malha anaruga liso juv.AGUA VIVA.IA4PR,AGUA VIVA
32763,Blusa viscolycra detalhe tule liso juv.AGUA VIVA.IA4PR,AGUA VIVA
32764,kimono malha arrastao silk top viscolycra juv.AGUA VIVA.IA4PR,AGUA VIVA
32765,Camiseta malha textura aplique inf .COLISAO.IO4PR,COLISAO
32766,Camiseta 1/2 malha mescla aplique 3d inf.COLISAO.IA4PR,COLISAO
32767,BODY DE TULE DE ONCA.AGTEX.FJPR,AGTEX
32768,Camiseta 1/2 malha danubio decote redondo inf.COLISAO.IO4PR,COLISAO
32769,Camiseta 1/2 malha coqueiros inf.COLISAO.IO4PR,COLISAO
32770,Camiseta 1/2 malha mescla rivera inf.COLISAO.IO4PR,COLISAO
32771,Camiseta 1/2 malha free surf inf.COLISAO.IO4PR,COLISAO
32772,Camiseta 1/2 malha oversized juv.COLISAO.IO4PR,COLISAO
32773,CAMISETA MALHA TEXTURIZADA COQUEIRO INF MNO.FARAELI.IO4PR,AVAL TEXTIL
32774,CAMISETA M/M ESTAMPA LOCAL EXPLORE INF MNO.FARAELI.IO4PR,AVAL TEXTIL
32775,REGATA MALHA TEXTURIZADA APLIQUE INF MNO.FARAELI.IO4PR,AVAL TEXTIL
32776,VESTIDO M/M CANELADO APLIQUE JUV.FARAELI.IA4PR,AVAL TEXTIL
32777,BLUSA CANELA ALCA APLIQUE JUV MNA.FARAELI.IA4PR,AVAL TEXTIL
32778,CONJ CANELADO CROPPED SHORT MOLETINHO JUV MNA.FARAELI.IA4PR,AVAL TEXTIL
32779,REGATA 1/2 MALHA MESCLA ESTAMPA LOCAL JUV MNO.FARAELI.IO4PR,AVAL TEXTIL
32780,CAMISETA 1/2 MALHA ESTAMPA 3D JUV MNO.FARAELI.IO4PR,AVAL TEXTIL
32781,CROPPED CANELADO CIGANINHA LISO INF.GRAZI MODAS.IA4PR,GRAZI MODAS
32782,MACAQUINHO VISCOSE LISO AMARRACAO ALCA INF.GRAZI MODAS.IA4PR,GRAZI MODAS
32783,VESTIDO VSICOSE ESTAMPADO BABADO BARRA LACO.GRAZI MODAS.IA4PR,GRAZI MODAS
32784,CONJUNTO VISCOSE BLUSA BATA ALCA ESTAMPADO INF.GRAZI MODAS.IA4PR,GRAZI MODAS
32786,BOLSINHA LATERAL ESTAMPADA. BRUNO BELEZAURO. AASF,BRUNO BELEZAURO
32787,CAMISETA M/M RECORTE PLAYING JUV MNO.FANTONE.IO4PR,FANTONI
32788,BERMUDA MOLETOM CADARCO BOLSO LAT JUV MNO.FANTONE.IO4PR,FANTONI
32789,BERMUDA MOLETINHO LISTRADO CADARCO JUV MNO.FANTONE.IO4PR,FANTONI
32790,SHORT MASC LINHO COM CADARCO.JOAODONORTE.MJAR,JOAO DO NORTE
32791,MACAQUINHO FITNESS ALCA LARG IMPORTADO.AGTEX.FFPR,AGTEX
32792,SHORT FITNESS CANELADO IMPORTADO.AGTEX.FPPR,AGTEX
32794,TOP ALCA FINA CANELADO IMPORTADO.AGTEX.FFPR,AGTEX
32795,TOP ALCA FINA DECOTE V CANELADO IMPORTADO.AGTEX.FFPR,AGTEX
32796,TOP ALCA FINA C/ DETALHE IMPORTADO.AGTEX.FFPR,AGTEX
32797,CROPPED REGATA CANELADO IMPORTADO.AGTEX.FJAR,AGTEX
32798,CROPPED NADADOR SUPLEX C/FORRO.AGTEX.FJAR,AGTEX
32799,CROPPED SUPLEX DETALHE VAZADO.AGTEX.FJAR,AGTEX
32800,SHORT FEM PLUS DE DUNA LISO.AGTEX.FPAR,AGTEX
32801,SHORT PLUS ESTAMPADO CREPINHO.AGTEX.FPAR,AGTEX
32802,VESTIDO MID DUNA DE ALCA MINI MALISTA.AGTEX.FJPR,AGTEX
32803,VESTIDO CURTO DUNA ASSIMETRICO DE BABADO.AGTEX.FJAR,AGTEX
32804,VESTIDO CURTO TULE DE ALCA ESTAMPADO.AGTEX.FJPR,AGTEX
32805,VESTIDO CURTO TULE DE ALCA LISO.AGTEX.FJPR,AGTEX
32806,CROPPED DE ALCA CANELADO IMPORTADO.AGTEX.FJPR,AGTEX
32807,VESTIDO ALCA ESTAMPA DIGITAL. AGTEX. FJPR,AGTEX
32808,REGATA FEM NADADOR IMPORTADA.AGTEX.FJPR,AGTEX
32809,VESTIDO DECOTE QUADRADO MIDI C/ABERTURA LATERAL. AGTEX. FJPR,AGTEX
32810,TOP CANELADO DECOTE NADAOR IMPORTADO.AGTEX.FJPR,AGTEX
32811,TOP NADADOR C/RENDA E DECOTE EM V.AGTEX.FJPR,AGTEX
32812,CONJUNTO FEM COLETE E SHORT.AGTEX.FJPR,AGTEX
32813,VESTIDO DECOTE QUADRADO FRANZIDO SUPLEX. AGTEX. FJPR,AGTEX
32814,CONJUNTO TQC E SHORT SENSORIAL.AGTEX.FJPR,AGTEX
32815,TOP ALFAIATARIA LINHO.AGTEX. FJPR,AGTEX
32816,VESTIDO LONGO DE ALCA SENSORIAL.AGTEX.FJPR,AGTEX
32817,CONJUNTO TOP C/BOTOES E SHORT.AGTEX.FJPR,AGTEX
32818,CONJUNTO BLUSA M/M E SHORT EST DIGITAL. AGTEX.FJPR,AGTEX
32819,CONJUNTO TOP C/SHORT E SAIA.AGTEX.FJPR,AGTEX
32820,VESTIDO MIDI DECOTE QUADRADO SUPLEX.AGTEX. FJPR,AGTEX
32821,CONJUNTO TOP C/SHORT VENETTO.AGTEX.FJPR,AGTEX
32822,VESTIDO LONGO ALCA LASCADO. AGTEX. FJPR,AGTEX
32823,SHORT SAIA DE LINHO.AGTEX.FJPR,AGTEX
32824,SHORT FEM CARGO SENSORIAL.AGTEX.FJPR,AGTEX
32825,SHORT FEM CINTURA ALTA C/CINTO ESTAMPA DE CORACAO.AGTEX.FJPR,AGTEX
32826,"SHORT SAIA ALFAIATARIA C/DONRA NA BARRA.AGTEX,FJPR",AGTEX
32827,TOP REGATA BASICO IMPORTADA. AGTEX. FJPR,AGTEX
32828,SHORT ENVELOPE ESTAMPADO DE VISCOSE.AGTEX.FCPR,AGTEX
32829,TOP ALCA FINA REGULAVEL IMPORTADA.AGTEX. FJPR,AGTEX
32830,TOP FAIXA IMPORTADA. AGTEX. FJPR,AGTEX
32831,SHORT TEXTORIZADO C/ELASTICO E CADARCO.AGTEX.FJAR,AGTEX
32832,BODY REGATA DECOTE V CANELADO. AGTEX. FJPR,AGTEX
32833,TOP DE ALCA C/ARGOLA ORGANICA.AGTEX.FJP,AGTEX
32834,BODY REGATA DECOTE REDONDO CANELADO IMPORTADO. AGTEX. FJPR,AGTEX
32835,VESTIDO ALCA REGULAVEL CANELADO IMPORTADO. AGTEX. FJPR,AGTEX
32836,REGATA NADADOR BAINHA LARGA CANELADA IMPORTADA. AGTEX. FJAR,AGTEX
32837,TOP UM OMBRO C/ FIVELA ORGANICA. AGTEX. FJAR,AGTEX
32838,BLUSA T.Q.C. CANELADA C/ FIVELA ORGANICA. AGTEX. FJAR,AGTEX
32839,CROPPED SUPLEX LATERAL VAZADO.AGTEX.FJAR,AGTEX
32840,CONJUNTO FEM VISCOLYCRA CALCA C/BLUSA M/M C/AMARRACAO E CALCA C/DETALHE.AGTEX.FPPR,AGTEX
32841,CONJUNTO TOP E SAIA MIDI. AGTEX. FJPR,AGTEX
32842,CONJUNTO FEM PLUS SHORT SAIA C/BLUSA.AGTEX.FPPR,AGTEX
32843,VESTIDO ALCA. AGTEX. FJAR,AGTEX
32844,VESTIDO LONGO ALCA CANELADO C/ FENDA. AGTEX.FJAR,AGTEX
32845,BLUSA FEM DE CREPE LISA C/LACO NO PESCOCO.AGTEX.FCAR,AGTEX
32846,BLUSA FEM DE DUNA GOLA V.AGTEX.FCAR,AGTEX
32847,BLUSA FEM DE ALCA ESTAMPADA.AGTEX.FCAR,AGTEX
32848,CALCA TEXTURIZADA. AGTEX. FJPR,AGTEX
32849,BLUSA FEM CREPE DECOTE V ALCA LARGA .AGTEX.FCAR,AGTEX
32850,BLUSA FEM DE ALCA CREPE ESTAMPADA.AGTEX.FCAR,AGTEX
32851,CONJUNTO TEXTURIZADA REGATA NADADOR C/ MINI SAIA. AGTEX. FJPR,AGTEX
32852,BLUSA FEM M/M DE DUNA. AGTEX. FCAR,AGTEX
32853,BLUSA FEM M/M C/PALA E BOTOES.AGTEX.FCAR,AGTEX
32854,VESTIDO CURTO ALCA ESPAQUETE SUPLEX. AGTEX. FJAR,AGTEX
32855,VESTIDO JUSTO C/ BOJO TEXTURIZADO. AGTEX. FJPR,AGTEX
32856,BLUSA FEM TRAPEZIO GOLA ALTA.AGTEX.FJPR,AGTEX
32857,VESTIDO ALCA LONGO ESTAMPADO. AGTEX. FJPR,AGTEX
32858,VESTIDO MIDI ESTAMPADO C/ AMARRACAO PESCOCO. AGTEX. FJPR,AGTEX
32859,VESTIDO LONGO ALCA ESTAMPADO. AGTEX. FJPR,AGTEX
32860,CONJUNTO BLUSA BOTOES E SHORT DUNA. AGTEX. FJPR,AGTEX
32861,VESTIDO ALCA LONGO SENSORIAL. AGTEX. FJPR,AGTEX
32862,VESTIDO ALCA LONGO CREPE LISTRADO. AGTEX. FJPR,AGTEX
32863,BOBY M/M SUPLEX DECOTE QUADRADO. AGTEX. FJAR,AGTEX
32864,BLUSA FEM DE ALCA C/LASTEX DUNA ESTAMPADA.AGTEX.FJPR,AGTEX
32865,VESTIDO ALCA LONGO LISO SENSORIAL. AGTEX. FJPR,AGTEX
32866,BODY TEXTURADO DECOTE QUADRADO.AGTEX.FJAR,AGTEX
32867,BODY DRAPEADO PROFUNDO DE POLIAMIDA.AGTEX.FJPR,AGTEX
32868,VESTIDO T.Q.C ESTAMPADO BORRADO. AGTEX. FJPR,AGTEX
32869,CROPPED ALCA ESPAQUETE.AGTEX.FJAR,AGTEX
32870,VESTIDO M/M CANELADO. AGTEX. FJAR,AGTEX
32871,CONJUNTO CAMISA BOTAO E SHORT LISTRADO. AGTEX. FJPR,AGTEX
32872,SAIA 3 MARIAS VISCOLINHO. AGTEX. FCAR,AGTEX
32873,BLUSA FEM DE ALCA BARRA ASSIMETRICA VISCOLINHO.AGTEX.FJAR,AGTEX
32874,SHORT CREPINHO ESTAMPADO. AGTEX. FCAR,AGTEX
32875,SHORT SENSORIAL. AGTEX. FCPR,AGTEX
32876,BLUSA FEM M/M C/BOTES ESTAMPADA.AGTEX.FJAR,AGTEX
32877,MACACAO ALCA SHEIN SENSORIAL. AGTEX. FCPR,AGTEX
32878,CONJUNTO COLETE E CALCA SENSORIAL. AGTEX. FCPR,AGTEX
32879,CONJUNTO COLETE E CALCA ALFAIATARIA. AGTEX. FCPR,AGTEX
32880,SHORT FEM CREPE ESTAMPA DIGITAL.AGTEX.FJPR,AGTEX
32881,SHORT SAIA DE VISCOLINHO ESTAMPADO.AGTEX.FJAR,AGTEX
32882,VESTIDO LONGO DE ALCA ESTAMPADO.AGTEX.FCAR,AGTEX
32883,SHORT DUNA C/ CADARCO.AGTEX.FCAR,AGTEX
32884,SHORT CREPINHO LISO. AGTEX. FCAR,AGTEX
32885,VESTIDO ESTAMPADO C/AJUSTE NA ALCA.AGTEX.FCAR,AGTEX
32886,VESTIDO M/M VISCOLYCRA ESTAMPADO.AGTEX.FCAR,AGTEX
32887,BLUSA 3 BOTOES. AGTEX. FCAR,AGTEX
32888,VESTIDO DECOTE COREANO VISCOSE ESTAMPADO. AGTEX. FCPR,AGTEX
32889,VESTIDO LONGO C/ MANGA AMPLA ELASTICO CINTURA. FCPR,AGTEX
32890,VESTIDO MANGA AMPLA DUNA. AGTEX. FCPR,AGTEX
32891,BLUSA FEM C/ LACO ESTAMPADA.AGTEX.FCAR,AGTEX
32892,BLUSA MANGA DOBRADA DE DUNA. AGTEX. FCAR,AGTEX
32893,KIT C/ 2 PREGADEIRAS PEQUENAS. BRAS. AASF,BRAS
32894,PREGADEIRA METAL FLOR G. BRAS. AASF,BRAS
32895,PREGADEIRA METAL FLOR P. BRAS. AASF,BRAS
32896,PREGADEIRA PELUCIADA. BRAS. AASF,BRAS
32897,CHAVEIRO PORTA MOEDA CAPIVARA. BRAS. AASF,BRAS
32898,CHAVEIRO CAPIVARA. BRAS. AASF,BRAS
32899,BOLSA ALCA E CORRENTE. BRAS. AASF,BRAS
32900,BOLSA CORRENTE. BRAS. AASF,BRAS
32901,MINI BOLSA C/ ALCA. BRAS. AASF,BRAS
32902,NECESSAIRE STICHT. BRAS. AASF,BRAS
32903,FAIXA DE MAQUIGEM. BRAS. AASF,BRAS
32904,GLOSS STICHT. BRAS. AASF,BRAS
32905,SERUM MAX LOVE. BRAS. AASF,BRAS
32906,GEL DE VIRILHA. BRAS. AASF,BRAS
32907,AGENDA C/ CANETA STICHT. BRAS. AASF,BRAS
32908,ESTOJO PELUCIADO STICHT. BRAS. AASF,BRAS
32909,CINTO LISO MEDIO. BRAS. AASF,BRAS
32910,CINTO FINO. BRAS. AASF,BRAS
32911,MEIA INFANTIL BOLINHA. BRAS. AASF,BRAS
32912,MEIAS VARIADAS ADULTO. BRAS. AASF,BRAS
32913,MASSAGEADOR CAPILAR. BRAS. AASF,BRAS
32914,ESCOVA STICHT. BRAS. AASF,BRAS
32915,SACOLA DE PRESENTE. BRAS. AASF,BRAS
32916,KIT COSTURA. BRAS. AASF,BRAS
32917,PORTA TALHER. BRAS. AASF,BRAS
32918,ESPELHO DE MESA. BRAS. AASF,BRAS
32919,OCULOS MODINHA. BRAS . AASF,BRAS
32920,OCULOS INFANTIL MODINHA. BRAS. AASF,BRAS
32921,OCULOS MODERNOS. BRAS. AASF,BRAS
32922,PORTA OCULOS CLASSICO. BRAS. AASF,BRAS
32923,PORTA OCULOS ESTILO CARTEIRA. BRAS. AASF,BRAS
32924,ROLINHO PEDRA DE JADE. BRAS. AASF,BRAS
32925,FITA P/ SEIOS. BRAS. AASF,BRAS
32926,TOUCA TOALHA P/ CABELO. BRAS. AASF,BRAS
32927,BRACELETE BOLEADO. BRAS. AASF,BRAS
32928,BRACELETE VARIADO. BRAS. AASF,BRAS
32929,MIX DE BRINCO. BRAS. AASF,BRAS
32930,MIX DE BRINCO CRAVEJADO. BRAS. AASF,BRAS
32931,MIX 3 PARES C/ PINGENTE. BRAS. AASF,BRAS
32932,TOUCA DE CETIM DUPLA FACE. BRAS. AASF,BRAS
32933,ESCOVA POLVO. BRAS. AASF,BRAS
32934,ESCOVA VARIADAS.BRAS. AASF,BRAS
32935,PREGADEIRA FLOR. BRAS. AASF,BRAS
32936,CABO DE CELULAR. BRAS. AASF,BRAS
32937,QUADRO MAGICO INF. BRAS. AASF,BRAS
32938,KIT STICHT / GARRAFINHA. BRAS. AASF,BRAS
32939,BOLSA SILICONE STICHT INF. BRAS. AASF,BRAS
32940,MOCHILA CAPIVARA. BRAS. AASF,BRAS
32941,CAVEIRO DE PELUCIA CAPIVARA. BRAS. AASF,BRAS
32942,KTI ORGANIZADOR DE MALA. BRAS. AASF,BRAS
32943,ESPONJA FACIAL. BRAS. AASF,BRAS
32944,KIT ORGANIZADOR DE MALA PREMIUM. BRAS. AASF,BRAS
32945,BOLSA PEQUENA IMPERMEAVEL. BRAS. AASF,BRAS
32946,BOLSA MEDIA IMPERMEAVEL. BRAS. AASF,BRAS
32947,BOLSA GRANDE IMPERMEAVEL C/ ESTOJO. BRAS. AASF,BRAS
32948,GARRAFA STANLEY 350 ML . BRAS. AASF,BRAS
32949,COPO TERMICO COFFEE. BRAS.AASF,BRAS
32950,PORTA JOIA. BRAS. AASF,BRAS
32951,MINI BOLSA C/ POMPOM. BRAS. AASF,BRAS
32952,CLIPS DE CABELO P/ SKIN CARE. BRAS .AASF,BRAS
32953,PROTETOR DE BICO. BRAS. AASF,BRAS
32954,PIRANHA P. BRAS. AASF,BRAS
32955,PREGADEIRA M. BRAS. AASF,BRAS
32956,NECESSAIRE WASHBAG P. BRAS. AASF,BRAS
32957,TIARA NUVEM MAQUIAGEM. BRAS. AASF,BRAS
32958,KIT SOBRANCELHA C/ MOLDE. BRAS. AASF,BRAS
32959,TESOURINHA P/ SOBRANCELHA. BRAS. AASF,BRAS
32960,PEDRA MASSAGEADORA. BRAS. AASF,BRAS
32961,BLUSA CREPE ESTAMPADA ALCA C/ BOLINHA . AGTEX. FCAR,AGTEX
32962,VESTIDO ALCA COM BABADO(MAITE) EST. AGTEX. FCAR,AGTEX
32963,CHAMISE LISA COM BOTAO MANGA 3/4. AGTEX. FCAR,AGTEX
32964,SHOR DUNA LISO. AGTEX. FCAR,AGTEX
32965,CALCA FEM CREPE ESTAMPADA DIGITAL.AGTEX.FJPR,AGTEX
32966,CALCA FEM CREPE C/FRISO ESTAMPA DIGITAL.AGTEX.FJPR,AGTEX
32967,SHORT FEM ALTFAIATARIA.AGTEX.FJAR,AGTEX
32968,BLUSA FEM UM OMBRO SO ARGOLA ORGANICA.AGTEX.FJAR,AGTEX
32969,"CALCA FEM PANTALONA TEXTURIZADA,AGTEX.FJAR",AGTEX
32970,VESTIDO DE ALCA ESTAMPA DIGITAL.AGTEX.FJPR,AGTEX
32971,VESTIDO DE ALCA ESTAMPA DIGITAL.AGTEX.FJPR,AGTEX
32972,SAIA 2 BABADOS C/CINTA.AGTEX.FJAR,AGTEX
32973,"BLUSA FEM DE ALCA DUNA C/ BABADO.AGTEX,FJAR",AGTEX
32974,SHORT FEM ESTAMPA DIGITAL.AGTEX.FJAR,AGTEX
32975,BLUSA OMBRO SO C/ AMARRACAO. AGTEX.FCAR,AGTEX
32976,MINI MOCHILA. BRAS. AASF,BRAS
32977,BLUSA FEM PLUS VISCOLYCRA C/AMARRACAO.AGTEX.FPPR,AGTEX
32978,SHORT FEM PLUS ALAIATARIA.AGTEX.FPPR,AGTEX
32979,SHORT FEM PLUS ALFAIATARIA C/CINTO.AGTEX.FPPR,AGTEX
32980,BLUSA FEM PLUS DE ALCA CREPE C/BABADO.AGTEX.FPAR,AGTEX
32981,BLUSA FEM PLUS CREPE C/BOTOES.AGTEX.FPPR,AGTEX
32982,SHORT FEM PLUS NEOPRENE C/BOTAO.AGTEX.FPAR,AGTEX
32983,BABY LOOK C/ESTAMPA.JRA.FJAR,JRA MARCELO
32984,BLUSA BABY LOOK LISA C/BOLSO.JRA.FCAR,JRA MARCELO
32985,BLUSA FEM PLUS GOLA DUPLA ROMANTIC ESTAMPADA.JRA.FPAR,JRA MARCELO
32986,CALCA FEM PLUS VISCOLYCRA LISA.JRA.FPAR,JRA MARCELO
32987,CALCA FEM VISCOLYCRA ESTAMPADA.ONLLEY.FCAR,ONLLEY
32988,VESTIDO PLUS REGATA ESTAMPADO.ONLLEY.FPAR,ONLLEY
32989,BLISA FEM M/M DECOTE QUADRADO ROMANTIC.ONLLEY.FCAR,ONLLEY
32990,REGATA FEM ROMANTIC.ONLLEY.FCAR,ONLLEY
32991,BLUSA FEM MANGA JAPONESA DUPLA.ONLLEY.FCAR,ONLLEY
32992,BERMUDA VISCOLYCRA C/ELASTICO LISA.ONLLEY.FCAR,ONLLEY
32993,BLUSA FEM MANGA JAPONESA LISA.ONLLEY.FPAR,ONLLEY
32994,BLUSA M/M MALHA C/ESTAMPA.GOOD BLESS.FJAR,GOOD BLESS
32995,CROPPED DE MALHA OVERSIZE C/ESTAMPA.GOOD BLESS.FJAR,GOOD BLESS
32996,SHORT FEM DE MOLETOM REGULAR.GOOD BLESS.FJAR,GOOD BLESS
32997,SHORT FEM DE MOLETOM PLUS.GOOD BLESS.FPAR,GOOD BLESS
32998,VESTIDO M/M DE VISCOLYCRA LISO.ONLLEY.FCAR,ONLLEY
32999,CALCA FEM DE SUEDE C/BOLSO.MINHA ESTAMPA.FJAR,MINHA ESTAMPA
33000,CALCA FEM CANELADA.MINHA ESTAMPA.FJAR,MINHA ESTAMPA
33001,BERMUDA FEM COMFORT. MAX DENIM. FCPR,MAX DENIM
33002,BERMUDA FEM COS ALTO UP. MAX DENIM. FCPR,MAX DENIM
33003,CALCA FEM MOM. MAX DENIM. FCPR,MAX DENIM
33004,CALCA FEM PANTALONA LISTRADA. MAX DENIM.FCPR,MAX DENIM
33005,BERMUDA FEM COS ALTO PREMIUM. FCPR,MAX DENIM
33006,SHORT FEM COS ALTO. MAX DENIM. FCPR,MAX DENIM
33007,CALCA FEM WIDE LEG CARGO. MAX DENIM. FCPR,MAX DENIM
33008,BERMUDA FEM COMFORT COS ALTO. FCPR,MAX DENIM
33009,CALCA FEM COS ALTO PREMIUM. MAX DENIM. FCPR,MAX DENIM
33010,BERMUDA FEM COMFORT LISTRADA. MAX DENIM. FCPR,MAX DENIM
33011,CALCA FEM WIDE LEG. MX DENIM. FCPR,MAX DENIM
33012,SHORT MASC CARGO COM ELASTICO E CADARCO.SISSI.MJAR,SISSI
33013,SHORT DOLL DE ALCA SUEDE ESTAMPADO.MINHA ESTAMPA.FIAR,MINHA ESTAMPA
33014,PREGADEIRAS VARIADAS. FEIRAO DA MAQUIAGEM. AASF,FEIRÃO DA MAQUIAGEM
33015,ALICATE DE UNHA. FEIRAO DA MAQUIAGEM. AASF,FEIRÃO DA MAQUIAGEM
33016,BOLSA BIXINHO INF. FEIRAO DA MAQUIGEM. AASF,FEIRÃO DA MAQUIAGEM
33017,KIT C/4 MINI ESPONJAS. FEIRAO DA MAQUIAGUEM. AASF,FEIRÃO DA MAQUIAGEM
33018,CAIXA DE GRAMPO TRADICIONAL. FEIRAO DA MAQUIAGEM. AASF,FEIRÃO DA MAQUIAGEM
33019,KIT ARQUINHO INF. FEIRAO DA MAQUIAGEM. AASF,FEIRÃO DA MAQUIAGEM
33020,SHORT FEM DE VISCOSE ESTAMPADO.TOQUE DE COR.FCSL,TOQUE DE COR
33021,BLUSA FEM VISCOSE DE ALCA ESTAMPADA.TOQUE DE COOR.FCSL,TOQUE DE COR
33022,VESTIDO DE ALCA FINA VISCOSE ESTAMPADO.TOQUE DE COR.FCSL,TOQUE DE COR
33023,VESTIDO T.Q.C C/LASTEX VISCOSE ESTAMPADO.FCPR,TOQUE DE COR
33024,BLUSA FEM DE ALCA C/LASTEX ESTAMPADA.TOQUE DE COR.FCAR,TOQUE DE COR
33025,CALCA FEM DE VISCOSE ESTAMPADA.TOQUE DE COR.FCAR,TOQUE DE COR
33026,BERMUDA CASUAL COS ALTO PREMIUM PRETA.MAX DENIM.FCPR,MAX DENIM
33027,BERMUDA COMFORT OFF WH ITE.MAX DENIM.FCPR,MAX DENIM
33028,CALCA FEM COS ALTO PREMIUM PRETA.MAX DENIM.FCPR,MAX DENIM
33029,SHORT FEM DE DUNA LISO.MINHA ESTAMPA.FJAR,MINHA ESTAMPA
33030,regata masc canelada,ALEGAM
33031,PAR DE MEIA FEM C/ ELASTICO NO MEIO. HANGAR. AASF,HANGAR
33032,CAMISETA 1/2 MALHA OVER BASQUETE CHICAGO JUV,GOOD BLESS
33033,CAMISETA 1/2 OVER BASQUETE KINGS JUV,GOOD BLESS
33034,CAMISETA 1/2 MALHA OVER BASQUETE BOSTON JUV,GOOD BLESS
33035,CAMISETA 1/2 MALHA OVER BAQUETE LOS ANGELES JUV,GOOD BLESS
33036,CAMISETA M/M 1/2 MALHA ESTAMPA LOCAL INF,SBG
33037,VESTIDO PREGA LUREX. CAND BEE. FCPR,CANDY BEE
33038,BLUSA DE ALCA LUREX. CAND BEE. FCPR,CANDY BEE
33039,CALCA DRESS LUREX. CANDY BEE. FCPR,CANDY BEE
33040,MACACAO C/ AMARRACAO ALFAIATARIA. CANDY BEE. FCPR,CANDY BEE
33041,VESTIDO VISCO ALFAIATARIA C/ ELASTICO. CANDY BEE. FCPR,CANDY BEE
33042,VESTIDO SETINHA. CANDY BEE. FCPR,CANDY BEE
33043,SHORT SAIA FIVELA SEDINHA. CANDY BEE. FCPR,CANDY BEE
33044,BLUSA DE ALCA SEDINHA. CANDY BEE. FCPR,CANDY BEE
33045,SHORT FEM ELASTICO LUREX ESTAMPADO,CANDY BEE
33046,VESTIDO ASSIMETRICO VISCOSE SARJADA. CANDY BEE. FCPR,CANDY BEE
33047,VESTIDO ASSIMETRICO LUREX ESTAMPADO.CANDY BEE.FCPR,CANDY BEE
33048,CALCA PANTALONA VISCOSE SARJADA. CANDY BEE. FCPR,CANDY BEE
33049,BLUSA ASSIMETRICA VISCOSE SARJADA. CANDY BEE. FCPR,CANDY BEE
33050,MACACAO SENSORIAL.CANDY BEE. FCPR,CANDY BEE
33051,BLUSA FEM ASSIMETRICA DE ALCA LUREX.CANDY BEE.FCPR,CANDY BEE
33052,SHORT SAIA DE LESE.CANDY BEE.FCPR,CANDY BEE
33053,BLUSA FEM BATA LESE UM OMBRO SO.CANDY BEE.FCPR,CANDY BEE
33054,VESTIDO DE ALCA LESE.CANDY BEE.FCPR,CANDY BEE
33055,CAMISA FEM M/L DE LESE.CANDY BEE.CANDT BEE.FCPR,CANDY BEE
33056,BLUSA FEM DE ALCA C/LACO LESE.CANDY BEE.FCPR,CANDY BEE
33057,MACACAO SOBREPOSICAO ASSIMETRICO VISCOLINHO T.Q.C.CANDY BEE.FCPR,CANDY BEE
33058,BLUSA FEM DE ALCA C/LACO SENSORIALE.CANDY BEE.FCPR,CANDY BEE
33059,CALCA FEM PANTALONA C/PREGA.CANDY BEE.FCPR,CANDY BEE
33060,TOALHINHA DE MAO. FELIPE. AASF,FELIPE
33061,BLUSA REGATA ALCA FINA. STYLE BOX. FCAR,STYLE BOX
33062,BLUSA S/ MANGA CANELADA S/ COSTURA. FJAR,STYLE BOX
33063,CALCA PANTALONA C/ ELASTICO TWILL. STYLE BOX. FJPR,STYLE BOX
33064,CALCA FLARE LISA. STYLE BOX. FCAR,STYLE BOX
33065,CALCA RETA EM MALHA TEXTURIZADA. STYLE BOX. FJAR,STYLE BOX
33066,SHORT RETO TWEED. STYLE BOX. FJPR,STYLE BOX
33067,CAMISA MANGA LONGA CROPPED C/ BOLSO. STYLE BOX. FCPR,STYLE BOX
33068,CAMISA MANGA LONGA C/ CONTRASTE NA BARRA. STYLE BOX. FCPR,STYLE BOX
33069,BLUSA FEM. STYLE BOX. FCAR,STYLE BOX
33070,CALCA PANTALONA C/COS ELASTICO.STYLE BOX.FCPR,STYLE BOX
33071,BLUSA FEM 1. STYLE BOX. FCAR,STYLE BOX
33072,CALCA FEM PANTALONA ESTAMPADA TEXTURIZADA =.STYLE BOX.FCAR,STYLE BOX
33073,VESTIDO CURTO S/ MANGA C/ BABADO. STYLE BOX. FCAR,STYLE BOX
33074,SAIA MID RETA SEM COS.STYLE BOX.FCPR,STYLE BOX
33075,SHORT RETO TWEED 1. STYLE BOX. FJAR,STYLE BOX
33076,SAIA MID PLISSADA C/ELASTICO.STYLE BOX.FJPR,STYLE BOX
33077,CAMISA M/L CROPPED C/ CONTRASTE. STYLE BOX. FJPR,STYLE BOX
33078,VESTIDO DUNA LISO AMARRACAO ALCA INF.STYLE.IA4PR,TASIA FERNANDES-STYLE
33079,BLUSA DUNA LISA AMARRACAO ALCA INF.STYLE.IA4PR,TASIA FERNANDES-STYLE
33080,SHORT DUNA LISO SOCIAL PREGAS INF.STYLE.IA4PR,TASIA FERNANDES-STYLE
33081,BLUSA REGATA CREPE LISO AMARRACAO LATERAL JUV.STYLE.IA4PR,TASIA FERNANDES-STYLE
33082,KIT C/ 3 PREGADEIRAS FLOR. GABRIEL KAMP. AASF,GABRIEL CAMP
33083,SHORT CREPE LISO SOCIAL BOTOES BOLSOS JUV.STYLE.IA4PR,TASIA FERNANDES-STYLE
33084,KIT XUXINHA C/ ELASTICO SORVETE. GABRIEL KAMP. AASF,GABRIEL CAMP
33085,SHORT CREPE LISO SOCIAL PREGAS JUV.STYLE.IA4PR,TASIA FERNANDES-STYLE
33086,KIT C/7 PINCEIS CLASSICOS. GABRIEL KAMP. AASF,GABRIEL CAMP
33087,SHORT SAIA DUNA LISO SOCIAL LACO LATERAL JUV.STYLE.IA4PR,TASIA FERNANDES-STYLE
33088,COLETE LINHO ALFAITARIA BOTOES JUV.STYLE.IA4PR,TASIA FERNANDES-STYLE
33089,CALCA CARGO LINHO ELASTICO CINTURA JUV.STYLE.IA4PR,TASIA FERNANDES-STYLE
33090,KIT C/3 DEPILADOR DE SOBRANCELHA. GABRIEL KAMP. AASF,GABRIEL CAMP
33091,CROPPED CIGANINHA VISCOSE AMARRACAO COSTAS JUV.STYLE.IA4PR,TASIA FERNANDES-STYLE
33092,FAIXA DE CABELO P/ SKIN CARE. GABRIEL KAMP. AASF,GABRIEL CAMP
33093,CHAVEIRO CAPIVARA. GABRIEL KAMP. AASF,GABRIEL CAMP
33094,BLUSA TULE LISTRADO FORRO JUV.AGUA VIVA.IA4PR,AGUA VIVA
33095,CONJUNTO INTIMO SUTIA CROPPED C/DETALHE.SCHUMACHER.FIPR,SCHUMACHER
33096,CAMISA MANGA LONGA C/ AMARRACAO. STYLE BOX. FCPR,STYLE BOX
33097,SHORT DOLL M/M ESTAMPADO.MINHA ESTAMPA.FIAR,MINHA ESTAMPA
33098,BLUSA FEM M/M LISA.SCHUMACHER.FJAR,SCHUMACHER
33099,PIJAMA FEM ESTAMPADO CALCA C/ BLUSA M/M.MINHA ESTAMPA.FIAR,MINHA ESTAMPA
33100,REGATA FEM MULLET VISCOLYCRA.ALEGAM.FCAR,ALEGAM
33101,CROPPED OVERSIZE CANELADO.ALEGAM.FJAR,ALEGAM
33102,REGATA CROPPED NADADOR VIES LARGO.ALEGAM.FJAR,ALEGAM
33103,SHORT FEM BOYFREND. JEZZIAN. FEPR,JEZZIAN
33104,SHORT JEANS MOM. JEZZIAN. FEPR,JEZZIAN
33105,SHORT FEM BUM UP. JEZZIAN. FEPR,JEZZIAN
33106,CALCA FEM RETA C/ LYCRA. JEZZIAN. FEPR,JEZZIAN
33107,SHORT FEM RETO. JEZZIAN. FEPR,JEZZIAN
33108,BERMUDA MEIA COXA PLUS. JEZZIAN. FEPR,JEZZIAN
33109,BERMUDA JEANS MEIA COXA. JEZZIAN. FEPR,JEZZIAN
33110,SHORT VIBE ESTAMPADO SUPLEX. MINHA ESTAMPA.FFAR,MINHA ESTAMPA
33111,BERMUDA ESTAMPADA SUPLEX PRIME.MINHA ESTAMPA.FFAR,MINHA ESTAMPA
33112,BERMUDA PLUS ESTAMPADA SUPLEX PRIME.MINHA ESTAMPA.FFAR,MINHA ESTAMPA
33113,REGATA FEM REG DRY FREE.MINHA ESTAMPA.FFAR,MINHA ESTAMPA
33114,REGATA FEM PLUS DRY FREE.MINHA ESTAMPA. FFAR,MINHA ESTAMPA
33115,BLUSA FEM M/M DRY VERSA RAGLAND.MINHA ESTAMPA.FFAR,MINHA ESTAMPA
33116,BLUSA FEM M/M DRY VERSA PLUS RAGLAN.MINHA ESTAMPA. FFAR,MINHA ESTAMPA
33117,BLUSA C/ AMARRACAO. OULUSHA. FCPR,OULUSHA
33118,BLUSA C/ BOTAO LISTRADA. OULUSHA. FJAR,OULUSHA
33119,CALCA ALFAIATARIA C/ PREGA. OULUSHA. FCPR,OULUSHA
33120,CALCA ALFAIATARIA C/ AMARACAO. OULUSHA. FCPR,OULUSHA
33121,CALCA FEM SARJA PRETA C/BOLSO.OPTIMIST.FEPR,OPTIMIST JEANS
33122,BLUSA ALCA CROCHE.OULUSHA. FCPR,OULUSHA
33123,SHORT FEM JEANS DESFIADO PRETO.OPTMIST.FEPR,OPTIMIST JEANS
33124,BLUSA M/M C/ BOTOES. OULUSHA. FCAR,OULUSHA
33125,SHORT FEM JEANS CLARO CARGO.OPTMIST.FEPR,OPTIMIST JEANS
33126,BLUSA M/M C/ BOTAO BORDADA. OULUSHA. FCPR,OULUSHA
33127,SHORT ALFAIATARIA C/ BOLSO. OULUSHA. FCPR,OULUSHA
33128,MAQUINHO VISCOLINHO C/ AMARRAO. OULUSHA. FCAR,OULUSHA
33129,MACACAO LASTEX C/ AMARRACAO. OULUSHA. FCPR,OULUSHA
33130,TOP FITNESS NADADOR POLIAMIDA.G29.FFPR,G29
33131,CALCA FEM FITNESS POLIAMIDA C/BOLSO.G29.FFPR,G29
33132,CONJUNTO FITNESS TOP NADADOR C/SHORT.G29.FFPR,G29
33133,SHORT FEM FITNESS POLIAMIDA.G29.FFPR,G29
33134,REGATA FEM FITNESS POLIAMIDA.G29.FFPR,G29
33135,CONJUNTO FITNESS TOP ALCA FINA C/ARO E SHORT. 3RD. FFPR,3RD
33136,CONJUNTO TOP ALCA FINA E SHORT. 3RD. FFPR,3RD
33137,TOP ALCA CRUZADA. 3RD. FFPR,3RD
33138,TOP ALCA REGULAVEL. 3RD. FFPR,3RD
33139,MACACAO 3 ALCA FINA . 3RD. FFPR,3RD
33140,CONJUNTO TOP NADADOR C/ DECOTE E CALCA. 3RD. FFPR,3RD
33141,CONJUNTO TOP NADADOR C/ ZIPER E CALCA. 3RD. FFPR,3RD
33142,CONJUNTO TOP ALCA FINA CRUZADO E CALCA. 3RD. FFPR,3RD
33143,CONJUNTO TOP ALCA AMARRACAO E CALCA . 3RD. FFPR,3RD
33144,CAMISA FEM M/L CETIM FRANZIDO NO OMBRO.JACKSIPE.FCPR,JACKSNIPE
33145,BLUSA CROPPED S/M C/BOTOES.JACKSNIPE,JACKSNIPE
33146,"SHORT FEM DE ALFAIATARIA C/BOLSO,JACKSNIPE.FCPR",JACKSNIPE
33147,CAMISA FEM C/FLORES RELEVO E BOTOES.YUNNE.FCPR,YUNEE
33148,CONJUNTO FEM CALCA E COLETE C/BOTOES.YUNNE.FCPR,YUNEE
33149,VESTIDO ALFAIATARIA CORACAO LACO ALCA INF.COSTAO.IAPR,MALHARIA COSTÃO
33150,CONJ PIQUET CORACAO BLUSA PEPLUM SHORT INF.IA4PR,MALHARIA COSTÃO
33151,CONJUNTO FEM CALCA C/BLUSA DE LACO S/M.YUNEE.FCPR,YUNEE
33152,BODY SUPLEX CORACAO M/M INF.COSTAO.IA4PR,MALHARIA COSTÃO
33153,BLUSA FEM BOTOES C/BABADO NA MANGA.YUNEE.FCPR,YUNEE
33154,CONJ MALHA RUSTIQUE BLUSA SHORT SAIA MORANGO.COSTAO.IA4PR,MALHARIA COSTÃO
33155,CONJ MALHA RUSTIQUE TOP OMBRO SO SAIA BALONE INF.COSTAO.IA4PR,MALHARIA COSTÃO
33156,CONJ SARJA ECO BLUSA SHORT SAIA INF.COSTAO.IA4PR,MALHARIA COSTÃO
33157,VESTIDO LONGO DE ALCA REGULAVEL.YUNNE.FCPR,YUNEE
33158,CONJ SARJA ESCO SELOPETE BLUSA M/M INF.COSTAO.IA4PR,MALHARIA COSTÃO
33159,VESTIDO LAISE CURTO JUV.COSTAO.IA4PR,MALHARIA COSTÃO
33160,BLUSA ALFAIATARIA SEM ALCA BOTOES JUV.COSTAO.IA4PR,MALHARIA COSTÃO
33161,CROPPED LAISE BABADO ALCA JUV.COSTAO.IA4PR,MALHARIA COSTÃO
33162,SHORT SAIA LAISE LACO CINTURA JUV,MALHARIA COSTÃO
33163,CONJ MALHA ECO REGATA BERMUDA INF.COSTAO.IO4PR,MALHARIA COSTÃO
33164,CONJ CAMISETA M/M BERM SARJA INF.COSTAO.IO4PR,MALHARIA COSTÃO
33165,VESTIDO ECO LISTRA BRILHO APLIQUE CORACAO INF.COSTAO.IA4PR,MALHARIA COSTÃO
33166,CONJ BLUSA M/M PERFUME MORANGO SAIA SARJA.COSTAO.IA4PR,MALHARIA COSTÃO
33167,CONJ BLUSA MALHA TRICOT BABADO PANTACOUT.COSTAO.IA4PR,MALHARIA COSTÃO
33168,SHORT FEM SARJA C/CINTO.FOUR SEASONS.FCPR,FOUR SEASONS
33169,SHORT FEM PLUS BASICO LISO.FOUR SEASONS.FCPR,FOUR SEASONS
33170,SHORT SAIA DE ALFAIATARIA.FOUR SEASONS.FCPR,FOUR SEASONS
33171,CONJUNTO FEM CAMISA M/L+SHORT+CROPPED.FOUR SEASONS.FJPR,FOUR SEASONS
33172,BLUSA MALHA ELASTICO BARRA.MUNDO MANIA.IA4PR,MUNDO MANIA
33173,CONJUNTO LINGERIE RENDA A. Z&D. FIPR,Z&D
33174,SHORT SAIA MOLETINHO BOLSO CARGO.MUNDO MANIA.IA4PR,MUNDO MANIA
33175,BLUSA MALHA DETALHE STRASS.MUNDO MANIA.IA4PR,MUNDO MANIA
33176,BLUSA REGATA RIBANA APLIQUE JUV.MUNDO MANIA.IA4PR,MUNDO MANIA
33177,BERM MOL RECORTE TEXTURIZADO JUV.MUNDO MANIA.IO4PR,MUNDO MANIA
33178,BERM MOL RECORTE TEXTURIZADO INF.MUNDO MANIA.IO4PR,MUNDO MANIA
33179,REGATA MACHAO MALHA ESTAMPADA 3D INF.MUNDO MANIA.IO4PR,MUNDO MANIA
33180,CAMISETA MALHA TEXTURIZADA ESTAMPADA CLUB INF.MUNDO MANIA.IOAPR,MUNDO MANIA
33181,CONJUNTO LINGERIE RENDA B. Z&D. FIPR,Z&D
33182,BLUSA RIBANA RECORTE FRUFRU INF.MUNDO MANIA.IA4PR,MUNDO MANIA
33183,CONJUNTO LINGERIE RENDA C. Z&D. FIPR,Z&D
33184,CALCA FEM PANTALONA ESTAMPA INDIANA.AIDI.FCPR,AIDI
33185,CONJUNTO LINGERIE RENDA D. Z&D. FIPR,Z&D
33186,CONJUNTO LINGERIE DE RENDA E . Z&D. FIPR,Z&D
33187,CONJUNTO LINGERIE DE RENDA F. Z&D. FIPR,Z&D
33188,CONJUNTO LINGERIE RENDA H. Z&D. FIPR,Z&D
33189,CONJUNTO LINGERIE DE RENDA I. Z&D. FIPR,Z&D
33190,CONJUNTO LINGERIE RENDA J. Z&D. FIPR,Z&D
33191,CALCA FEM PANTALONA BOLSO FACA.AEDD.FCPR,AEDD
33192,CALCA FEM TIPO JEANS COM CADARCO.AEDD.FJPR,AEDD
33193,CAMISETA M/M RECOTE MALHA GORGURAO INF.PATOTA.IO4PR,PATOTA
33194,BERMUDA MALHA GORGURAO INF.PATOTA.IO4PR,PATOTA
33195,REGATA M/M RECORTE MALHA GORGURAO INF.PATOTA.IO4PR,PATOTA
33196,CONJUNTO TOP FRANZIDO E SHORT. 3RD. FEPR,3RD
33197,BLUSA M/M FEM TEXTURADA,MEIXIANG
33198,BLUSA FEM PLUS TEXTURADA M/M C/VIES NA GOLA.MEIXIANG.FCPR,MEIXIANG
33199,BLUSA FEM M/M TEXTURADA.MEIXIANG.FCPR,MEIXIANG
33200,BLUSA FEM M/M TEXTURADA.MEIXIANG.FCPR,MEIXIANG
33201,MACAQUINHO ALCA FRANZIDA. OULUSHA. FJPR,OULUSHA
33202,BLUSA ALCA C/ BOTAO. OULUSHA.FCPR,OULUSHA
33203,CONJUNTO FEM INTIMO C/RENDA.Z&D.FIPR,Z&D
33204,BLUSA LISTRADA C/ BOTAO. OULUSHA. FCAR,OULUSHA
33205,CALCA ARGOLA E ZIPER CHIC. FJAR,CHIC
33206,CALCA C/ ELASTICO LATERAL CHIC.FJAR,CHIC
33207,SHORT C ELASTICO LATERAL CHIC. FJPR,CHIC
33208,CALCINHA POLIAMIDA CANELADA SEM COSTURA. SCHUMACHER. FISL,SCHUMACHER
33209,CALCINHA CANELADA ALGODAO. SCHUMACHER. FISL,SCHUMACHER
33210,BLUSA EM M/M TEXTURADA.MEIXIANG.FCPR,MEIXIANG
33211,MAIO TELA LATERAL TRANSPARENTE SHCUMACHER.FDAR,SCHUMACHER
33212,BIQUINI VARIADOS.SCHUMACHER.FPAR,SCHUMACHER
33213,TOP LUNA ESTAMPADO. MINHA ESTAMPA.FFAR,MINHA ESTAMPA
33214,CALCA LEGGING ZAYA ESTAMPADA SUPLEX .MINHA ESTAMPA.FFAR,MINHA ESTAMPA
33216,BLUSA TOP VISCOLYCRA ALCA LISO JUV.IA4PR.AVAL TEXTIL,AVAL TEXTIL
33217,KIT C/ 3 MEIAS INF ESCOLAR CANO MEDIO. HANGAR. AASF,HANGAR
33218,CALCA LEGGING ZAYA LISA SUPLEX. MINHA ESTAMPA. FFAR,MINHA ESTAMPA
33219,BERMUDA FEM LISA SUPLEX PRIME. MINHA ESTAMPA. FFAR,MINHA ESTAMPA
33220,BERMUDA PLUS LISA SUPLEX PRIME. MINHA ESTAMPA. FFAR,MINHA ESTAMPA
33221,TOP LUNA LISO. MINHA ESTAMPA. FFAR,MINHA ESTAMPA
33222,SHORT VIBE LISO SUPLEX. MINHA ESTAMPA. FFAR,MINHA ESTAMPA
33223,CALCA FEM PLUS VISCOLYCRA COM BOTOES.AGTEX.FPPR,AGTEX
33224,SAIA JEANS C/ BOLSO CARGO. QUARTA GERACAO. FEPR,QUARTA GERAÇÃO
33225,SHORT C/ PEDRARIA. FIO STYLO. FEPR,FIO STYLO
33226,SHORT JEANS C/ ILHOS. FIO STYLO. FEPR,FIO STYLO
33227,BERMUDA JEANS. FIO STYLO. FEPR,FIO STYLO
33228,SHORT JEANS COLOR. QUARTA GERACAO. FEPR,QUARTA GERAÇÃO
33229,SHORT PLUS RASGADINHO. FIO STYLO. FEPR,FIO STYLO
33230,SHORT PLUS JEANS CLARO. FIO STYLO. FEPR,FIO STYLO
33231,MACACAO JEANS ALCA. QUARTA GERACAO. FEPR,QUARTA GERAÇÃO
33232,SHORT JEANS C/ BRILHO. FIO STYLO. FEPR,FIO STYLO
33233,SHORT JEANS C/ BOLSO BRILHOSO. QUARTA GERACAO. FEPR,QUARTA GERAÇÃO
33234,VESTIDO LONGO EST. CANDY BEE. FCPR,CANDY BEE
33235,CAMISETA MASC M/M DE HELANCA.MINHA ESTAMPA.MJAR,MINHA ESTAMPA
33236,REGATA MASC DEBRUM C/ESTAMPA.MINHA ESTAMPA.MJAR,MINHA ESTAMPA
33237,REGATA MASC MACHAO DE MALHA.MINHA ESTAMPA.MJAR,MINHA ESTAMPA
33239,SHORT MASC DE HELANCA.MINHA ESTAMPA.MJAR,MINHA ESTAMPA
33240,CAMISETA MASC DRY.MINHA ESTAMPA.MJAR,MINHA ESTAMPA
33241,REGATA VISCOLYCRA ESTAMAPADA . MINHA ESTAMPA,MINHA ESTAMPA
33242,BLUSA M/M VISCOLYCRA ESTAMPADA . MINHA ESTAMPA.FCSL,MINHA ESTAMPA
33243,BERMUDA VISCOLYCRA ESTAMPADA MINHA ESTAMPA.FCSL,MINHA ESTAMPA
33245,VESTIDO LONGO C/FENDA.JRA.FJAR,JRA MARCELO
33246,REGATA FEM DE ALCA FINA.JRA.FJAR,JRA MARCELO
33247,TOP FEM C/ BOJO CORES .SEA SURF PROMOCIONAL.FJSL,SEA SURF
33248,CALCA DE PRAIA 2. MACTUBE. FRAR,MACTUBE
33249,SHORT DE PRAIA. MACTUBE. FRAR,MACTUBE
33250,SAIA DE PRAIA. MACTUBE. FRAR,MACTUBE
33251,SHORT SAIDA DE PRAIA. H.D.J. FRAR,H.D.J
33252,CAMISETA M/M MALHA BASICA.SEA SURF.IO4PR,SEA SURF
33253,REGATA FEM CANELADA.TEXTIL BRASIL.FJAR,TEXTIL BRASIL
33254,TOP CANELADO ALCA LARGA.TEXTIL BRASIL.FJAR,TEXTIL BRASIL
33255,REGATA FLOR DE PAULA PROMOCIONAL,FLOR DE PAULA
33256,BERMUDA MASC DE HELANCA C/FAIXA E BOLSO.SCHUMACHER.MJAR,SCHUMACHER
33257,BLUSA FEM MANGA JAPONESA CANELADA.MINHA ESTAMPA.FCAR,MINHA ESTAMPA
33258,CALCINHA BASIC SEM COSTURA COM COS .FIPR,TEXTIL BRASIL
33259,CALCINHA BASIC ASA DELTA . FISL,TEXTIL BRASIL
33260,CALCINHA BASIC COS ALTO TEXTIL BRASIL .FIPR,TEXTIL BRASIL
33261,CALCINHA ALGODAO ESTAMPADA E LISA.i9.IA4BC,i9 Modas & Confecção
33262,CALCINHA BASIC COSTURA COS .FIPR,TEXTIL BRASIL
33263,BLUSA M/M PLUS SIZE TEXTIL BRASIL.PPPR,TEXTIL BRASIL
33264,REGATA POLO LISA TEXTIL BRASIL .FPSL,TEXTIL BRASIL
33265,REGATA CANELADA LISA PLUS SIZE TEXTIL BRASIL.FPSL,TEXTIL BRASIL
33266,BLUSA POLO PLUS SIZE M/M TEXTIL BRASIL.PPPR,TEXTIL BRASIL
33267,REGATA MODAL PLUS SIZE TEXTIL BRASIL.FPSL,TEXTIL BRASIL
33269,CAMISETA MASC LISA.SEA SURF.MJPR,SEA SURF
33270,SHORT MASC MAURICINHO SARJA C/ELASTANO.SEA SURF.MJPR,SEA SURF
33271,OCULOS VARIADOS.FELIPE.AASF,FELIPE
33272,SHORT FEM C/BOLSO ESTAMPADO.JRA.FJAR,JRA MARCELO
33273,BERMUDA MASC ZARA.SEA SURF.MCPR,SEA SURF
33274,CALCA MASC SARJA C/BOLSO TRADICIONAL.SEA SURF.MCPR,SEA SURF
33275,BLUSA S/ MANGA CANELADA. STYLE BOX. FJAR,STYLE BOX
33276,TOUCA DE CETIM DUPLA FACE. GABRIEL KAMP. AASF,GABRIEL CAMP
33277,SHORT MOLETINHO JET INF.AVAL TEXTIL.IO4PR,AVAL TEXTIL
33278,SHORT CICLISTA COTTON LISO JUV.ANALE.IA4AR,ANALE
33279,CONJ CROPPED M/M SHORT MOL INF.ANALE.IA4AR,ANALE
33280,CAMISETA M/M MALHA ESTAMPA SORTIDA.CLEOMARA.IO4PR,CLEOMARA CONFECCOES
33281,BERMUDA MASC DE ALFAIATARIA BOLSO ITALIANO.FORCA DO MAR.MCPR,FORCA DO MAR
33282,CALCA MASC DE ALFAIATARIA 3 BOLSOS BEGE.FORCA DO MAR.MCPR,FORCA DO MAR
33283,CALCA MASC ALFAIATARIA 3 BOLSOS PRETA.FORCA DO MAR.MCPR,FORCA DO MAR
33284,BERMUDA MASC ALFAIATARIA BOLSO ITALIANO PRETA.FORCA DO MAR.MCPR,FORCA DO MAR
33285,SHORT MASC D'AGUA PLUS LISO C/ZIPER.DLP.MPAR,DLP
33286,SHORT MASC D'AGUA PLUS ESTAMPADO C/ZIPER.DLP.MPAR,DLP
33287,SHORT FEM DE MOLETINHO.MINHA ESTAMPA.FJAR,MINHA ESTAMPA
33288,VESTIDO MALHA 3 MARIAS COLOR INF.FANTONI.IA4PR,FANTONI
33289,REGATA SUEDE ESTAMPADA PLUS SIZE MINHA ESTAMPA.FPSL,MINHA ESTAMPA
33290,SUTIA MILA PLUS SIZE VINI.FIPR,VINI
33291,VISEIRA SPORT DE TRICO. FELIPE. AASF,FELIPE
33292,REGATA FEM LISTRADA UNICA.STYLE BOX.FJPAR,STYLE BOX
33293,REGATA FEM 1 OMBRO SO TEXTURADA.STULE BOX.FJAR,STYLE BOX
33294,REGATA FEM CROPPED S/COSTURA TEXTURIZADA,STYLE BOX
33295,VESTIDO LONGO DE ALCA C/REGULAGEM LISO.STYLE BOX.FJPR,STYLE BOX
33296,CALCA DUNA PLUS SIZE MINHA ESTAMPA.FPSL,MINHA ESTAMPA
33297,REGATA FEM DE ALCINHA C/RENDA.STYLE BOX.FJAR,STYLE BOX
33298,BERMUDA FEM 4 BOLSOS RETO.STYLE BOX.FCPR,STYLE BOX
33299,"SHORT DUNA PLUS SIZE MINHA ESTAMPA,FPSL",MINHA ESTAMPA
33300,BERM HELANCA VIES JUV.KALELA.IO4PR,KALELA
33301,SUTIA BASIC PLUS SIZE C/BOJO POLIAMIDA.FIPR,TEXTIL BRASIL
33302,CONJUNTO FELICIA TOQUE SECRETO.FIPR,TOQUE SECRETO
33303,CONJUNTO VENEZA TOQUE SECRETO.FIPR,TOQUE SECRETO
33304,CONJUNTO FELIPA TOQUE SECRETO.FIPR,TOQUE SECRETO
33305,CONJUNTO ALDA TOQUE SECRETO .FIPR,TOQUE SECRETO
33306,BLUSA FEM TRICO PLISSADA.DIGUET CONFECCOES.FCPR,DIGUET CONFECÇÕES
33307,CALCA FEM TRICO PLISSADA.DIGUET CONFECCOES.FCPR,DIGUET CONFECÇÕES
33308,CROPPED FEM OVER SIZE CANELADO.MINHA ESTAMPA.FJAR,MINHA ESTAMPA
33309,T-SHIRT MASC DRY .SUBURBAN.MJAR,SUBURBAN
33310,CONJ CAMISETA M/M SHORT MOL INF.SCHEILA MALHAS.IA4PR,SCHEILA MALHAS
33311,POCHETE BRASILIDADES EM POLIESTER SORTIDA.YINS.AASF,YINS
33312,BOLSA TERMICA EM POLIESTER BRASILIDADES SORTIDO. YINS. AASF,YINS
33313,MOCHILA CASUAL EM POLIESTER PRETO E MARROM. YINS.AASF,YINS
33314,GARRAFA TRANSPARENTE PLASTICA 700ML. YINS.AASF,YINS
33315,PORTA GARRAFA EM POLIESTER BRASILIDADES SORTIDA. YINS. AASF,YINS
33316,ESTOJO JUVENIL EM POLIESTER BRASILIDADES SORTIDO. YINS. AASF,YINS
33317,"MOCHILA BABY 11,5 JACARE EM POLIESTER.YINS. AASF",YINS
33318,"MOCHILA BABY 11,5 ARCO-IRIS UNICORNIO EM POLIESTER.YINS.AASF",YINS
33319,CINTO ADULTO EM POLIESTER E ALGODAO SORTIDO.YINS.AASF,YINS
33320,CINTO ADULTO EM POLIURETANO PRETO.YINS.AASF,YINS
33321,POCHETE RUNNER ESPORTIVA.YINS.AASF,YINS
33322,FAIXA ELASTICA PARA EXERCICIOS CONVOY SPORT.YINS.AASF,YINS
33323,MOCHILA TRANSVERSAL.YINS.AASF,YINS
33324,GUARDA-CHUVA INFANTIL EM PVC BABY DINO.YINS.AASF,YINS
33325,SACOLA ESPORTIVA EM POLIESTER SORTIDO.YINS.AASF,YINS
33326,SACOLA DE PRESENTE ELEGANT SORTIDA M.YINS.AASF,YINS
33327,BERMUDA MASC MOLETIN CARGO.JEZZIAN.MJAR,JEZZIAN
33328,BERMUDA MASC STREET SARJA VERDE.JEZZIAN.MCAR,JEZZIAN
33329,CROPPED REGATA FITNESS. SUBURBAN. FFAR,SUBURBAN
33330,BERMUDA MASC STREET SARJA MARINHO.JEZZIAN.MCAR,JEZZIAN
33331,BERMUDA MASC STREET SARJA BEGE.JEZZIAN.MCAR,JEZZIAN
33332,CALCA MASC SARJA AREIA.JEZZIAN.MCPR,JEZZIAN
33333,CALCA MASC SARJA CAQUI.JEZZIAN.MCPR,JEZZIAN
33334,CALCA MASC SARJA PRETA.JEZZIAN.MCPR,JEZZIAN
33335,CAMISA MASC POLO PIQUET.JEZZIAN.MCAR,JEZZIAN
33336,CANETA PONTA POROSA FINELINER 0.4MM ROSA/ROXO C/2 UN.YINS.AASF,YINS
33337,CANETA ESFEROGRAFICA YINLUX 1.0MM C/3.YINS.AASF,YINS
33338,CANETA PONTA POROSA FINELINER 0.4MM CANDY COLORS 10 CORES.YINS.AASF,YINS
33339,BLOCO DE NOTAS ADESIVAS 76X76MM AMARELO C/100FLS.YINS.AASF,YINS
33340,LAPIS DE COR ECO RESINA SEXTAVADO 12 CORES C/ APONTADOR+BORRACHA +2 LAPIS GRAFITE.YINS.AASF,YINS
33341,TESOURA ESCOLAR SEM PONTA 13CM ANIMAIS.YINS.AASF,YINS
33342,LAPIS GRAFITE HB RESINA C/ BORRACHA FRUTAS BLISTER C/4UN SORTIDO.YINS.AASF,YINS
33343,KIT LAPIS GRAFITE HB CANDY 2 LAIS C/ APONTADOR E BORRACHA BLISTER SORTIDO.YINS.AASF,YINS
33344,KIT LAPIS GRAFITE MENINO 2 LAPIS C/ APONTADOR E BORRACHA BLISTER SORTIDO.YINS.AASF,YINS
33345,SACOLA ECOBAG ESPORTIVA EM POLIESTER CORDAO SORTIDO.YINS.AASF,YINS
33346,MARCA TEXTO BIG TEND MARKER 6 CORES.YINS.AASF,YINS
33347,MARCA TEXTO BLISTER C/4 CORES CANDY COLOR.YINS.AASF,YINS
33348,CANETA ESFEROGRAFICA YINCOLORS 1.0MM C/6UN.YINS.AASF,YINS
33349,CANETA ESFEROGRAFICA YINLUX AZUL 0.7MM C/3UN.YINS.AASF,YINS
33350,CANETA ESFEROGRAFICA YINLUX PRETO 1.0MM C/3UN.YINS.AASF,YINS
33351,CALCA FEM WID LEG VARIADAS.JEZZIAN.FEMS,JEZZIAN
33352,SHORT CICLISTA COTTON LISO INF.ANALE.IA4AR,ANALE
33353,GLOSS LABIAL HIDRATANTE FLOWER 24k. IAMO. AASF,IAMO
33354,BLUSH JELLY TROPICOOL MULTIFUNCIONAL. IAMO. AASF,IAMO
33355,HIDRATANTE LABIAL TROPICOOL. IAMO. AASF,IAMO
33356,PROTETOR ADESIVO DE MAMILO 1 PAR FORMATO REDONDO. IAMO. AASF,IAMO
33357,KIT C/3UN LAMINAS FACIAIS. IAMO. AASF,IAMO
33358,MACAQUINHO FITNESS CANELADO IMPORTADO. AGTEX. FFAR,AGTEX
33359,KIT 2 LIXAS BUMERANGUE PARA UNHAS. IAMO . AASF,IAMO
33360,PINCA DECORADA . IAMO.AASF,IAMO
33361,REGATA ALCINHA SUEDE ESTAMPADA,MINHA ESTAMPA
33362,CARTEIRA FEMININA LIVIA. IAMO. AASF,IAMO
33363,REGATA ALCINHA VISCOLINHO PLUS SIZE .FPAR,JOABE
33364,CARTEIRA FEMININA TAIS. IAMO. AASF,IAMO
33365,CARTEIRA LILIANA. IAMO. AASF,IAMO
33366,CARTEIRA FEMININA JOANA. AASF,IAMO
33367,PORTA JOIAS SIMPLES COM ZIPER. IAMO. AASF,IAMO
33368,NECESSAIRE COM VISOR TRANSPARENTE. IAMO. AASF,IAMO
33369,"SHORT VISCOLINHO PLUS SIZE JOABE , FPPR",JOABE
33370,CURVEX PARA CILIOS. IAMO. AASF,IAMO
33371,KIT 4 ESPONJAS PUFF PARA MAQUIAGEM REDONDAS,IAMO
33372,KIT 4 ESPONJAS DE MAQUIAGEM GOTA. IAMO. AASF,IAMO
33374,KIT C/3 ESPONJAS GOTA P/ MAQUIAGEM. IAMO. AASF,IAMO
33375,BLUSA FEM RAGLANA M/M CANELADA.MINHA ESTAMP.FJAR,MINHA ESTAMPA
33376,ILUMINADOR EM PO SUPERSTAR C/12. IAMO. AASF,IAMO
33377,ESPELHO DE BOLSO REDONDO TROPICOOL. IAMO. AASF,IAMO
33378,BATOM LIQUIDO MATTE CORACAO C/24 SORTIDO. IAMO. AASF,IAMO
33379,MASCARA DE CILIOS VOLUME+CURVA. IAMO. AASF,IAMO
33380,MASCARA DE CILIOS VOLUME+ALONGA. IAMO. AASF,IAMO
33381,PO SOLTO FINE POWDER. IAMO. AASF,IAMO
33382,BLUSH EM PO DUO. IAMO. AASF,IAMO
33383,PALETA DE SOMBRAS TRIO. IAMO. AASF,IAMO
33384,PALETA DE CONTORNO 3 CORES FLAWLESS. IAMO. AASF,IAMO
33385,LIMPADOR DE PINCEIS DE MAQUIAGEM SORTIDO IAMO,IAMO
33386,LIMPADOR DE PINCEIS EM SILICONE URSO. IAMO. AASF,IAMO
33387,KIT BATOM LIQUIDO MATTE E LAPIS CONTORNO LABIAL. IAMO. AASF,IAMO
33388,KIT C/2UN ESCOVAS DE DENTES ADULTO SUPER MACIA BRASILIDADE ARARA E ONCA. IAMO. AASF,IAMO
33389,ESCOVA DE DENTES BABY 1-3 ANOS MACIA PANDA E COALA SORTIDO. IAMO. AASF,IAMO
33390,KIT C/3 ESCOVAS DE DENTES ADULTO SUPER MACIA AURORA. IAMO. AASF,IAMO
33391,ESCOVA DE DENTES ADULTO MACIA TOUCH BLACK. IAMO. AASF,IAMO
33392,ESCOVA DE DENTES ADULTO MACIA INFINITY COLOR. IAMO. AASF,IAMO
33393,ESCOVA DE DENTES KIDS 6-12 ANOS MACIA CUTE BEARS. IAMO. AASF,IAMO
33394,SHORT VISCOLINHO LISO JOABE. FCAR,JOABE
33395,SHORT FEM DE ALFAIATARIA PLUS .AGTEX.FPAR,AGTEX
33396,CONJUNTO FEM C/SAIA FEM CASUAL.AGTEX.FPPR,AGTEX
33397,VESTIDO LONGO PLUS SIZE.AGTEX.FPPR,AGTEX
33398,VESTIDO COM LACO.AGTEX.FCPR,AGTEX
33399,SHORT FEM ESTAMPADO.AGTEX.FJAR,AGTEX
33400,CONJUNTO FEM SHORT/TOP MAQ.AGTEX.FJAR,AGTEX
33401,VESTIDO FEM C/BOJO ESTAMPADO.AGTEX.FCPR,AGTEX
33402,CROPPED ALCINHA C/LISTRAS.AGTEX.FJAR,AGTEX
33403,CROPPED ALCINHA RECORT NO BUSTO.AGTEX.FJAR,AGTEX
33404,CROPPED ALCINHA TRANCADO NAS COSTAS.AGTEX.FJAR,AGTEX
33405,VESTIDO CURTO DE ALCINHA RECORTE NO BUSTO.AGTEX.FJAR,AGTEX
33406,VESTIDO LONGO CROCHE.AGTEX.FJPR,AGTEX
33407,CONJUNTO FEM SHORT C/TOP CROCHE.FJAR,AGTEX
33408,CONJUNTO FEM SAIA LONGA C/TOP MAQUINETADO.AGTEX.FJAR,AGTEX
33409,SHORT FEM C/ELASTICO LISTRADO C/BOLSO.AGTEX.FJAR,AGTEX
33410,CONJUNTO FEM COLETE E SHORT ALFAIATARIA.AGTEX.FJPR,AGTEX
33411,REGATA FEM CANELADA C/VIVO.AGTEX.FCAR,AGTEX
33412,REGATA FEM DE ALCINHA C/BOJO.AGTEX.FJAR,AGTEX
33413,SHORT FEM DUNA C/PREGAS.AGTEX.FCAR,AGTEX
33414,MACAQUINHO DECOTE DRAPEADO.AGTEX.FJPR,AGTEX
33415,BLUSA FEM DE ALCA LARGA PEPLUM.AGTEX.FJAR,AGTEX
33416,DISCOS DE ALGODAO. IAMO. AASF,IAMO
33417,SAIA MIDI ESTAMPA BORDADA.ALIRIO.FCPR,ALIRIO
33418,BLUSA S/M DEC V BORDADA.ALIRIO.FCPR,ALIRIO
33419,BERMUDA FEM VISCO COM CINTO FAIXA.ALIRIO.FCAR,ALIRIO
33420,BERMUDA FEM VISCO C/CINTO FAIXA BEGE.ALIRIO.FJAR,ALIRIO
33421,BLUSA S/M DUNA ALCA ELASTICO.ALIRIO.FJAR,ALIRIO
33422,VESTIDO MIDI DECOTE V RECORTE CENTRO.ALIRIO.FJPR,ALIRIO
33423,VEST LONGO 3 MARIAS LISTRA,VASPAC
33424,SHORT VISCO CADARCO C/ COS FUNCION PRETO.VASPAC.FJAR,VASPAC
33425,SHORT VISCO CADARCO C/ COS FUNCION BEGE.VASPAC.FJAR,VASPAC
33426,SHORT VISCO CADARCO C/ COS FUNCION PISTACHE.VASPAC.FJAR,VASPAC
33427,VESTIDO CAN LONGO ALCINHA. MINHA ESTAMPA.FCSL,MINHA ESTAMPA
33428,CROPPED FEM CANELADO FRENTE UNICA IMPORTADO.AGTEX.FJAR,AGTEX
33429,BLUSA FEM BARRA CHULEADA S/M IMPORTADA.AGTEX.FJAR,AGTEX
33430,CALCA FEM FITNESS CANELADA IMPORTADA.AGTEX.FFAR,AGTEX
33431,TOP FEM ALCA QUADRADA IMPORTADO.AGTEX.FJAR,AGTEX
33432,TOP CROPPED NADADOR IMPORTADO.AGTEX.FJAR,AGTEX
33433,BERMUDA JEANS MASC PRETA.AFORTUNADOS.MEAR,AFORTUNADOS
33434,REGATA FEM LISTRADA 13105,STYLE BOX
33435,REGATA CAN. IMPORTADA PRETA,CAEDU
33436,REGATA CANEL IMP BRANCA,CAEDU
33437,REGATA CANEL IMP AREIA,CAEDU
33438,REGATA CANEL IMP PINK,CAEDU
33439,REGATA CANEL IMP CORAL,CAEDU
33440,REGATA CANEL IMP VERDE,CAEDU
33441,REGATA CANEL IMP AZUL,CAEDU
33442,REGATA CANEL IMP VERDE CLARO,CAEDU
33443,REGATA CANEL IMP AMARELA,CAEDU
33444,REGATA CANEL IMP CINZA CLARO,CAEDU
33445,BIQUINI ALCA BABADO INF.ABUSADA FASHION.IA4AR,ABUSADA FASHION
33446,BIQUINI ALCA ASSIMETRICA BABADO INF.ABUSADA FASHION.IA4AR,ABUSADA FASHION
33447,BIQUINI ALCA ASSIMETRICA SUQUINI INF.ABUSADA FASHION.IA4AR,ABUSADA FASHION
33448,MAIO BASICO ALCA REGATA INF LISO.ABUSADA FASHION.IA4AR,ABUSADA FASHION
33449,MAIO ALCA ASSIMETRICA LISO INF.ABUSADA FASHION.IA4AR,ABUSADA FASHION
33450,MAIO ALCA FINA LISO INF.ABUSADA FASHION.IA4AR,ABUSADA FASHION
33451,KIT C/3 MEIAS FEM SAPATILHA. BAIYI. AASF,BAIYI
33452,KIT C/3 MEIAS MASC SOQUETE. BAIYI. AASF,BAIYI
33453,SUTIA BASIC SEM COSTURA BASICO TEXTIL BRASIL.FIPR,TEXTIL BRASIL
33454,BLUSA M/M COTTON BARRA BABADO LISO INF.PITISKA.IA4MS,PITISKA
33455,SAIDA DE PRAIA VESTIDO CURTO CLASSICO. TRICOTALI. FPAR,TRICOTALI
33456,SAIDA DE PRAIA VESTIDO CURTO ELEGANTE. TRICOTALI. FPAR,TRICOTALI
33457,SAIDA DE PRAIA VESTIDO CURTO MODERNA. TRICOLITALI. FPAR,TRICOTALI
33458,SHORT C/ BOLSO LISO VISCOLINHO GRAZI MODAS . FCPR,GRAZI MODAS
33459,CONJUNTO COLETE BOTOES LISO GRAZI MODAS .FPPR,GRAZI MODAS
33460,BLUSA COTTON SUBLIMADO CIGANINHA INF.PATOTA.IA4PR,PATOTA
33461,SHORT SAIA MALHA JACQUARD LISO INF.PATOTA.IA4PR,PATOTA
33462,BLUSA ALCA MALHA JACQUARD LISO INF.PATOTA.IA4PR,PATOTA
33463,SHORT COTTON SUBLIMADO EST INF.PATOTA.IA4PR,PATOTA
33464,MACAQUINHO COTTON SUBLIMADO EST INF.PATOTA.IA4PR,PATOTA
33465,CONJ PRAIA 3 PECAS TOUCA BIQUINI E BLUSA INF MNA.BAIYI.IA4AR,BAIYI
33466,CONJ PRAIA BLUSA E SUNGA INF MNO.BAIYI.IO4AR,BAIYI
33467,MACAQUINHO ALCA FINA COSTA CRUZADO. BAIYI. FFPR,BAIYI
33468,MACAQUINHO ALCA LARGA COSTA VAZADO. BAIYI. FFPR,BAIYI
33469,VESTIDO SEREIA LISO PLUS SIZE GRAZI MODAS . FPPR,GRAZI MODAS
33470,SAIA LISA COM ABERTURA PLUS SIZE.FPPR,GRAZI MODAS
33471,CONJUNTO LISO SHORT C/ BOLSO PLUS SIZE .FPPR,GRAZI MODAS
33472,MACACAO LISO LONGO PLUS SIZE GRAZY MODAS .FPPR,GRAZI MODAS
33473,BLUSA ALCA REGULAVEL LISA PLUS SIZE GRAZI MODAS .FPPR,GRAZI MODAS
33474,VESTIDO ALCA LISO PLUS SIZE GRAZI MODAS .FPPR,GRAZI MODAS
33475,CALCA FEM BOLIVIANA LISA. MINHA ESTAMPA.FJSL,MINHA ESTAMPA
33476,TOP ALCA REGULAVEL BAIYI. FIPR,BAIYI
33477,TOP BOJO REMOVIVEL BAIYI.FIPR,BAIYI
33478,CALCINHA SEM COSTURA 7 CM BAIYI .FIPR,BAIYI
33479,CUECA POLIESTE LISA.BAIYI.MIBC,BAIYI
33480,REGATA GOLA ALTA FEM LISTRADA.STYLE BOX.FJAR,STYLE BOX
33481,REGATA GOLA ALTA SEM COSTURA LISTRADA.STYLE BOX.FJAR,STYLE BOX
33482,BLUSA M/M MALHA BABY LOOK EST LOCAL JUV.DOCE KIDS.IA4MS,DOCE KIDS
33483,MACAQUINHO LISTRA LATERAL PLUS. LIDERY. FFPR,LIDERY
33484,SHORT WAVE PLUS SIZE. LIDERY. FFPR,LIDERY
33485,TOP WAVE PLUS SIZE. FFPR,LIDERY
33486,LEGGING WAVE PLUS SIZE. LIDERY. FFPR,LIDERY
33487,MACAQUINHO WAVE PLUS SIZE. FFPR,LIDERY
33488,CAMISA MASC M/C ESTAMPADA CINZA PRINT GREY.STYLE BOX.MCPR,STYLE BOX
33489,CAMISA MASC M/C BEGE ESTAMPADA PRINT BEIGE.STYLE BOX.MCPR,STYLE BOX
33490,CAMISA MASC M/C ESTAMPADA MARINHO PRINT NAVY.STYLE BOX.MCPR,STYLE BOX
33491,CAMISA MASC M/C LISA C/ BOTOES.STYLE BOX.MCPR,STYLE BOX
33492,TOP CHAPADO COS. LIDERY. FFPR,LIDERY
33493,CALCA LEGGING COS TRANSPASSADO. LIDERY. FFPR,LIDERY
33494,SHORT COS TRANSPASSADO. LIDERY. FFPR,LIDERY
33495,BLUSA DE TULE. LIDERY. FFPR,LIDERY
33496,CALCINHA FIO BASIC COS ALTO TEXTIL BRASIL.FIPR,TEXTIL BRASIL
33497,CAMISOLA BIA PLUS SIZE RENDA VINI. FIPR,VINI
33498,VESTIDO MIDI ESTAMPADO GOTA.JULIETA.FJPR,JULIETA
33499,CONJUNTO TOP E SHORT VISCO.JULIETA.FJPR,JULIETA
33500,MACAQUINHO GOTA.JULIETA.FJAR,JULIETA
33501,CONJUNTO JANE POLIAMIDA TOQUE SECRETO. FIPR,TOQUE SECRETO
33502,CONJUNTO RENDA CHARLOTE TOQUE SECRETO.FIPR,TOQUE SECRETO
33503,CONJUNTO RENDA ALBA TOQUE SECRETO.FIPR,TOQUE SECRETO
33504,CONJUNTO BASICO LAVANDA TOQUE SECRETO.FIPR,TOQUE SECRETO
33505,CAMISOLA PEROLA TOQUE SECRETO. FIPR,TOQUE SECRETO
33506,CALCA FEM SARJADA COS ELAST E BOLSO.OUMENGKAI.FCAR,OUMENGKAI
33507,SHORT MOLETINHO BASICA COM APLIQUE INF.ARRUMADINHOS.IA4AR,ARRUMADINHOS KIDS
33508,BERMUDA MASC MOLETINHO RECORT NA PERNA C/ ZIPER.OUMENGKAY.MJMS,OUMENGKAY
33509,BERMUDA MASC MOLETINHO BOLSO C/ZIPER COSTURA.OUMENGKAY.MJMS,OUMENGKAY
33510,SHORT DOLL CANELADO ESTAMP,MINHA ESTAMPA
33511,BERMUDA MASC DE POLIESTER C/BOLSO ZIPER.BAYI.MJAR,BAIYI
33512,BERMUDA MASC PLUS DE POLIESTER C/BOLSO ZIPER.MPAR,BAIYI
33513,REGATA COTTON NADADOR ESTAMPA LOCAL JUV.ARRUMADINHOS.IA4AR,ARRUMADINHOS KIDS
33514,REGATA COTTON NADADOR LISO APLIQUE JUV.ARRUMADINHOS.IA4AR,ARRUMADINHOS KIDS
33515,CAMISETA MALHA M/M ESTAMPA LOCAL INF.ARRUMADINHOS.IO4AR,ARRUMADINHOS KIDS
33516,CAMISETA MALHA M/M ESTAMPADA LOCAL JUV.ARRUMADINHOS.IO4MS,ARRUMADINHOS KIDS
33517,BERM MOLETINHO BASICO APLIQUE JUV.ARRUMADINHOS.IO4MS,ARRUMADINHOS KIDS
33518,SHORT FEM SARJA 4 BOLSOS COS ELAST,OUMENGKAY
33519,CONJUNTO ASSIMETRICO PLUS SIZE GRAZI MODA . FPPR,GRAZI MODAS
33520,BLUSA COTTON M/M AVULSA ESTAM LOCAL JUV.ARRUMADINHOS.IA4MS,ARRUMADINHOS KIDS
33521,BLUSA COTTON M/M AVULSA ESTAMP LOCAL INF.ARRUMADINHOS.IA4MS,ARRUMADINHOS KIDS
33522,BLUSA REGATA COTTON LISO APLIQUE INF.ARRUMADINHOS.IA4AR,ARRUMADINHOS KIDS
33523,BLUSA COTTON REGATA NADADOR ESTAM INF.ARRUMADINHOS.IA4AR,ARRUMADINHOS KIDS
33524,SHORT MOLETINHO BASICO EST LOCAL INF.ARRUMADINHOS.IA4AR,ARRUMADINHOS KIDS
33525,SHORT MOLETINHO BASICO APLIQUE JUV.ARRUMADINHOS.IA4AR,ARRUMADINHOS KIDS
33526,CAMISETA MALHA M/M EST LOCAL INF.ARRUMADINHOS.IO4AR,ARRUMADINHOS KIDS
33527,REGATA MALHA M/M EST LOCAL INF.ARRUMADINHOS.IO4AR,ARRUMADINHOS KIDS
33528,REGATA MALHA M/M BAS APLIQUE INF.ARRUMADINHOS.IO4AR,ARRUMADINHOS KIDS
33529,REGATA MALHA M/M BAS APLIQUE JUV.ARRUMADINHOS.IA4AR,ARRUMADINHOS KIDS
33530,BERM MOLETINHO BAS APLIQUE INF.ARRUMADINHOS.IO4MS,ARRUMADINHOS KIDS
33531,CONJ BLUSA COTTON EST BERM MOLETINHO INF.ARRUMADINHOS.IA4AR,ARRUMADINHOS KIDS
33532,CONJ BLUSA COTTON EST SHORT MOLETINHO INF.ARRUMADINHOS.IA4AR,ARRUMADINHOS KIDS
33533,CALCA PANTACURT PLUS LISA VISCOLYCRA.MINHA ESTAMPA.FPAR,MINHA ESTAMPA
33534,SHORT DOLL BOLINHA KAFA MALHA . FIAR,KAFA
33535,PRENDEDOR DE ACRILICO. GABRIEL CAMP. AASF,GABRIEL CAMP
33536,CALCA FEM BENGALINE C/CINTO.SCHUMACHER.FCAR,SCHUMACHER
33537,CALCA FEM BENGALINE C/ELASTICO NO COS.SCHUMACHER.FCAR,SCHUMACHER
33538,CALCA FEM PLISSADA COS ELAST,STYLE BOX
33539,VESTIDO MID TORCIDO ESTAMPADO JULIETTA .FCPR,JULIETA
33540,VESTIDO SABRINE LONGO JULIETA.FCPR,JULIETA
33541,VESTIDO LONGO C/ BABADO ALCINHA ESTAMPADO AZUL.VASPAC.FJPR,VASPAC
33542,VESTIDO LONGO TRANSPASSADO LISO BRANCO.VASPAC.FCPR,VASPAC
33543,VESTIDO LONGO TRANSPASSADO LISO AMARELO.VASPAC.FCPR,VASPAC
33544,VESTIDO LONGO C/ BABADO ALCINHA ESTAMPADO VERDE.VASPAC.FJPR,VASPAC
33545,BERMUDA MASC DE HELANCA.ROTA DO MAR.MJAR,ROTA DA ONDA
33546,BERMUDA MASC DE HELANCA PLUS.ROTA DA ONDA MPAR,ROTA DA ONDA
33547,CONJUNTO RIBANA.PIRAI,PIRAÍ
33548,SHORT MICROFIBRA FERNANDA.PIRAI,PIRAÍ
33549,SHORT TACTEL LISTRA,PIRAÍ
33550,CUECA BOX - P,PIRAÍ
33551,REGATA CREPE ESTAMPDA,PIRAÍ
33552,CALCA FEM SARJA BOLSO,PIRAÍ
33553,SHORT SAIA.PIRAI,PIRAÍ
33554,SAMBA CANCAO.PIRAI,PIRAÍ
33555,SHORT INF MENINA.PIRAI,PIRAÍ
33556,SAIA SAIDA DE PRAIA CROCHE,PIRAÍ
33557,TOALHA DE ROSTO.PIRAI,PIRAÍ
33558,REGATA NADADOR.PIRAI,PIRAÍ
33559,VESTIDO GOLA CARECA.PIRAI,PIRAÍ
33560,BERMUDA FITNESS,PIRAÍ
33561,CALCA DRY C/CADARCO.PIRAI,PIRAÍ
33562,TOP SUPLEX ALCA FINA,PIRAÍ
33563,TOP REGATA SULPLEX,PIRAÍ
33564,SHORT COS FUNCIONAL,PIRAÍ
33565,CALCA PANTA DUNA CADARCO E BOLSO,PIRAÍ
33566,CALCA PANTACOURT LISA COS LARGO.PIRAI,PIRAÍ
33567,BLUSA S/M TRICO LISTRADA,PIRAÍ
33568,BERMUDA SUPLEX LISA.PIRAI,PIRAÍ
33569,BLUSA LISA 1/2 MANGA LISA.PIRAI,PIRAÍ
33570,REGATA ALCA ESPAGUETE,PIRAÍ
33571,VEST. CHEMISE ESTAMP.PIRARI,PIRAÍ
33572,COLETE TRICO BOTOES.PIRAI,PIRAÍ
33573,VESTIDO LISO REGATA PLUS,PIRAÍ
33574,REGATA MACHAO A FIO.PIRAI,PIRAÍ
33575,CASACO MOLETOM NEY YORK,PIRAÍ
33576,CASACO CROPPED GOLA ALTA JUV MNA.PIRAI,PIRAÍ
33577,CASACO CROPPED GOLA ALTA INF MNA.PIRAI,PIRAÍ
33578,BLUSA S/M RECORTE FRENTE C/ BOJO,PIRAÍ
33579,MEIA UNISSEX.PIRAI,PIRAÍ
33580,MEIAO FUTEBOL.PIRAI,PIRAÍ
33581,SHORT JEANS,PIRAÍ
33582,BOLSA LATERAL.PIRAI,PIRAÍ
33583,SUTIA ALCA DE SILICONE.PIRAI,PIRAÍ
33584,SHORT FEM MOLETOM C/ ELASTICO NA COSTURA,PIRAÍ
33585,BLUSA FEM M/M GOLINHA,PIRAÍ
33586,SUTIA REFORCADO,PIRAÍ
33587,CALCINHA SEM COSTURA COS ALTO,PIRAÍ
33588,REGATA FEM LISA C/ FENDA.PIRAI.FCAR,PIRAÍ
33589,SHORT DOOL PLUS ESTAMPADO,PIRAÍ
33590,BERMUDA MASC BOLSO CARGO.PIRAI.MJAR,PIRAÍ
33591,SHORT MASC DE TACTEL PLUS.PIRAI,PIRAÍ
33592,BERMUDA MASC DE MOLETIM.PIRAI,PIRAÍ
33593,SUTIA RENDA COM BOJO,PIRAÍ
33594,BERMUDA FEM JEANS.PIRAI,PIRAÍ
33595,TOP C/ ELASTICO,PIRAÍ
33596,CALCA PANTACOURT,PIRAÍ
33598,BERMUDA MASC PLUS DE LINHO.PIRAI.MPAR,PIRAÍ
33599,BERMUDA MASC JEANS LAVAGEM CLARA.PIRAI.MEPR,PIRAÍ
33600,VESTIDO GOLA ALTA.PIRAI,PIRAÍ
33601,SHORT MASC DE TACTEL.PIRAI.MJAR,PIRAÍ
33602,CROPPED M/M DIZERES,PIRAÍ
33603,REGATA MASC DRY FIT.PIRAI.MJAR,PIRAÍ
33604,BERMUDA MASC LISTRADA .PIRAI.MJAR,PIRAÍ
33605,BRUSA FEM M/M CANELADA.PIRAI.FJAR,PIRAÍ
33606,SHORT DOLL SUEDE ESTAMPADO KAFA.FIPR,KAFA
33607,COPO 2 EM 1 SPIDERMAN.PLASUTIL.AASF,PLASUTIL
33608,COPO 2 EM 1 STITCH.PLASUTIL.AASF,PLASUTIL
33609,COPO 2 EM 1 MINNIE.PLASUTIL.AASF,PLASUTIL
33610,GARRAFA SPIDERMAN.PLASUTIL.AASF,PLASUTIL
33611,GARRAFA STITCH.PLASUTIL.AASF,PLASUTIL
33612,GARRAFA PRINCESAS.PLASUTIL.AASF,PLASUTIL
33613,GARRAFA MICKEY.PLASUTIL.AASF,PLASUTIL
33614,GARRAFA MINNIE.PLASUTIL.AASF,PLASUTIL
33615,GARRAFA ABRE FACIL SPIDERMAN.PLASUTIL.AASF,PLASUTIL
33616,GARRAFA ABRE FACIL STITCH.PLASUTIL.AASF,PLASUTIL
33617,GARRAFA ABRE FACIL MICKEY.PLASUTIL.AASF,PLASUTIL
33618,GARRAFA ABRE FACIL MINNIE.PLASUTIL.AASF,PLASUTIL
33619,GARRAFA ABRE FACIL PRINCESAS.PLASUTIL.AASF,PLASUTIL
33620,BERMUDA MASC CICLISTA JEANS ESCURO.ECXO.MEMS,ECXO JEANS
33621,BERMUDA CICLISTA JEANS CLARO.ECXO.MEMS,ECXO JEANS
33622,BERMUDA MASC CICLISTA JEANS MEDIO.ECXO.MEMS,ECXO JEANS
33623,BLUSAO MASC M/L 100% ALGODAO.ALIRIO.MCPR,ALIRIO
33624,TOALHA DE ROSTO 40X70.FELIPE.AAMS,FELIPE
33625,CALCA FEM PLUS BENGALINE CINTO TRANCA.SCHUMACHER.FPSL,SCHUMACHER
33626,SHORT PLUS VISCOLYCRA LISO.ONLLEY.FPAR,ONLLEY
33627,OCULOS DE SOL PREMIUM. GABRIEL CAMP. AASF,GABRIEL CAMP
33628,BIQUINI MODELOS VARIADOS. BAIYI. AASF,BAIYI
33629,CALCA BENG C/PREGAS E BOlSO FACA,MINHA ESTAMPA
33630,CALCOLA ESTAMAPA.KAFA.FIBC,KAFA
33631,BERMUDA MASC ALFAIATARIA LISA COM CINTO.JEZZIAN.MCPR,JEZZIAN
33632,SHORT MASC PLUS DE POLIESTER C/ ELASTICO.MPAR,SEA SURF
33633,BLUSA M/M VISCOLYCRA GOLA V LISA.FBSL,MINHA ESTAMPA
33634,BERMUDA MASC BOLSO CARGO PREMIUM AREIA.MAX DENIM.MCPR,MAX DENIM
33635,BERMUDA MASC BOLSO CARGO PREMIUM MILITAR.MAX DENIM.MCPR,MAX DENIM
33636,BERMUDA MASC BOLSO CARGO PREMIUM PRETO.MAX DENIM.MCPR,MAX DENIM
33637,CALCA MASC BOLSO FACA PREMIUM PRETA.MAX DENIM.MCPR,MAX DENIM
33638,CALCA MASC BOLSO FACA PREMIUM CAQUI.MAX DENIM.MCPR,MAX DENIM
33639,CALCA MASC PLUS BOLSO FACA PREMIUM PRETA.MAX DENIM.MCPR,MAX DENIM
33640,CALCA MASC PLUS BOLSO FACA PREMIUM CAQUI .MAX DENIM.MCPR,MAX DENIM
33641,CROPPED NADADOR CANELADO POLIAMIDA SEASRUF .FJPR,SEA SURF
33642,TOALHA DE BANHO ADULTO SAMBA,CAMESA
33643,TOALHA DE ROSTO ADULTO CELESTE.CAMESA.AAMS,CAMESA
33644,SHORT DUNA COM CADARCO .REAL UNIAO.FCAR,REAL UNIÃO
33645,CAMISETA MASC ESTAMPADA VARIADAS MULTIMARCAS .MJPR,MULTIMARCAS
33646,BERMUDA MASC TACTEL CADARCO VSPORT,VSPORT
33648,CAMISOLA ALCA BABADO MALHA.KAFA.FIAR,KAFA
33649,CAMISOLA MALHA.KAFA.FIAR,KAFA
33650,SAIA LONGA VISCOLYCRA ESTAMPADA.ONLLEY.FPAR,ONLLEY
33651,SAIA LONGA VISCOLYCRA LISA.ONLLEY.FPAR,ONLLEY
33652,VESTIDO LONGO LISO C/ FENDAS LATERAIS.ONLLEY.FPAR,ONLLEY
33653,BLUSA FEM VISCOLYCRA LISA MORCEGO.MINHA ESTAMPA.FJAR,MINHA ESTAMPA
33654,BLUSA FEM M/L LISTRADA.BELLA MODA.FCAR,BELLA MODA
33655,BERMUDA FEM JEANS BARRA DOBRADA. ECXO. FEMS,ECXO JEANS
33656,BERMUDA FEM JEANS ESCURA. ECXO. FEMS,ECXO JEANS
33657,PROMOCIONAL FEIRINHA,PROMOCIONAL
33658,PROMOCIONAL FEIRINHA,PROMOCIONAL
33659,PROMOCIONAL FEIRINHA,PROMOCIONAL
33660,PROMOCIONAL FEIRINHA,PROMOCIONAL
33661,PROMOCIONAL FEIRINHA,PROMOCIONAL
33662,BERMUDA FEM JEANS DESTROYED. ECXO. FEMS,ECXO JEANS
33663,PROMOCIONAL FEIRINHA,PROMOCIONAL
33664,SHORT FEM CARGO CANELADO.JEZZIAN.FJAR,JEZZIAN
33665,CONJUNTO INTIMO JOYCE TOQUE SECRETO .FIPR,TOQUE SECRETO
33666,SHORT SAIA C/ AMARRACAO.STYLEBOX.FJSL,STYLE BOX
33667,SHORT DUNA ALFAIATARIA PREGAS E BOLSO.STYLEBOX.FCSL,STYLE BOX
33668,CONJ. TOP E CALCINHA S/ COSTURA.STYLEBOX.FIAR,STYLE BOX
33669,REGATA UM OMBRO SO CANELADA.STYLEBOX.FJAR,STYLE BOX
33670,PAPEL DE PRESENTE M. PIRAI. AASF,PIRAÍ
33671,PAPEL DE PRESENTE G.PIRAI.AASF,PIRAÍ
33672,PAPEL DE PRESENTE P. PIRAI.AASF,PIRAÍ
33673,CAMISA M/L LACOS COSTAS.STYLEBOX.FCSL,STYLE BOX
33674,CALCA FEM PLUS BOTOES NO BOLSO.OUMENGKAY.FCSL,OUMENGKAY
33675,CALCA FEM PLUS BOLSO C/ DET E BOTTOES.OUMENGKAY.FCSL,OUMENGKAY
33676,BERMUDA FEM HELANCA BOTAO BOLSO.OUMENGKAY.FCSL,OUMENGKAY
33677,BERMUDA FEM PLUS HELANCA C/ BOLSO.OUMENGKAY.FCSL,OUMENGKAY
33678,VESTIDO INDIANO TRAPEZIO.INDIA FASHION.FJAR,INDIA FASHION
33679,VESTIDO INDIANO LENCO.INDIA FASHION.FJAR,INDIA FASHION
33680,VESTIDO LONGO LASE C/ALCA.INDIA FASHION.FJPR,INDIA FASHION
33681,VESTIDO LONGO DE LASE C/GOLA E BOTOES.INDIA FASHION.,INDIA FASHION
33682,SHORT SARJADA BARRA VIRADA C/ CINTO.FOUR SEASONS.FJPR,FOUR SEASONS
33683,BLUSA ALCINHA BABADO ASSIMETRICO.FOUR SEASONS.FJPR,FOUR SEASONS
33684,CROPPED ESTAMPA FARM SILK .FJAR,SILK
33685,BLUSA CROPPED BORDADO C/ BOJO.FOUR SEASONS.FJPR,FOUR SEASONS
33686,SHORT SARJADO CINTO.FOUR SEASONS.FCPR,FOUR SEASONS
33687,BERMUDA C/ CINTO.FOUR SEASONS.FCPR,FOUR SEASONS
33688,CAMISA M/M DE BOTAO COM BORDADOS OULUSHA,OULUSHA
33689,SHORT PLUS COM PREGAS E CINTO,OULUSHA
33690,VESTIDO INDIANO MIDI. JACKSNIPE. FJAR,JACKSNIPE
33691,CAMISA M/L BOTAO BOLSO FRENTE.AEDD.FCPR,AEDD
33692,SAIA LONGA C/ BABADOS.AEDD.FCPR,AEDD
33693,SHORT ALFAIATARIA.AEDD.FCAR,AEDD
33694,SHORT ELASTICO COSTAS C/ BOLSO FRENTE,OULUSHA
33695,SHORT SAIA C/ CINTO.AEDD.FJPR,AEDD
33696,VESTIDO INDIANO LONGO COSTAS C/ DECOTE. JACKSNIPE. FJPR,JACKSNIPE
33697,SHORT SAIA DE ALFAIATARIA.AEDD.FJPR,AEDD
33698,CONJUNTO COLETE + SHORT ALFAIATARIA.AEDD.FCPR,AEDD
33699,SHORT ALFAIATARIA COM CINTO FALSO.OULUSHA.FCPR,OULUSHA
33700,CONJUNTO FEM TOP C/SAIA LONGA DE BOTOES.AEDD.FCPR,AEDD
33701,CONJUNTO FEM BLUSA M/M C/SHORT DE CADARCO.AEDD.FCPR,AEDD
33702,CONJUNTO ALFAIATARIA COM BORDADO.OULUSHA.FCPR,OULUSHA
33703,BODY ALCA PLUS DETALHE NA ALCA.OULUSHA.FPPR,OULUSHA
33704,CALCA FEM DE ALFAIATARIA.AEDD.FCPR,AEDD
33705,SHORT FEM JORTS C/CADARCO.AEDD.FCPR,AEDD
33706,BLUSA REGATA LESE.OULUSHA.FCPR,OULUSHA
33707,CONJUNTO LINHO BLUSA AMARR C/ SHORT/SAIA.OULUSHA.FCPR,OULUSHA
33708,CALCA FEM CARGO.AEDD.FJPR,AEDD
33709,CONJUNTO LINHO PREMIL BLUSA AMARR C/ CALCA.OULUSHA.FCPR,OULUSHA
33710,CONJ CROPPED E CALCA LESIE.OULUSHA.FCPR,OULUSHA
33711,VESTIDO LONGO LESE.OULUSHA.FJPR,OULUSHA
33712,VESTIDO JOVEM PREGAS C/ CINTO.OULUSHA.FJPR,OULUSHA
33713,VESTIDO LONGO DE ALCA FINA COM BORDADO.OULUSHA.FCPR,OULUSHA
33714,SHORT JOVEM GORGURAO BARRA.OULUSHA.FJSL,OULUSHA
33715,MACACAO DE ALCA COM CINTO.OULUSHA.FCPR,OULUSHA
33716,VESTIDO LISIE JOVEM BABADO MANGA.OULUSHA.FJPR,OULUSHA
33717,BLUSA M/M BORDADO FLORES NA MANGA,OULUSHA
33718,MACACAO DE ALCA FINA.OULUSHA.FCPR,OULUSHA
33719,CALCA DUNA PANTALONA.OULUSHA.FCPR,OULUSHA
33720,BLUSA REGATA TRICO.OULUSHA.FCPR,OULUSHA
33721,BLUSA S/M LISTRADAS CORES.OULUSHA. FJPR,OULUSHA
33722,BLUSA MUSCLE TEE DE TRICO CANELADO.OULUSHA.FCPR,OULUSHA
33723,MACAQUINHO ALCA FINA AMARRACAO FRENTE,OULUSHA
33724,CONJUNTO SHORT SAIA / TOP COM LACO.OULUSHA. FJPR,OULUSHA
33725,BLUSA M DUNA S/MG TIPO COLETE C/BORDADO,OULUSHA
33726,REGATA ALCINHA BOTOES E BORDADO NA BORDA,OULUSHA
33727,MINI SAIA BABADO LESIE,OULUSHA
33728,CONJ LESE CROPPED E CALCA.OULUSHA .FCPR,OULUSHA
33729,BLUSA DE ALCA C/ BORDADO.OULUSHA.FCAR,OULUSHA
33730,POLO MASCULINA C/ ELASTANO SEM BOLSO.STYLEBOX.MCSL,STYLE BOX
33731,REGATA MASC DRY C/FRISO.MINHA ESTAMPA.MJAR,MINHA ESTAMPA
33732,MACACAO COM CINTO OULUSHA,OULUSHA
33733,MAIO VARIADOS. LISO E EST. ALEX BALI. FPAR,ALEX BALI
33734,VESTIDO CURTO ALCINHA LESIE BCO.VASPAC.FJPR,VASPAC
33735,VESTIDO CURTO ALCINHA LESIE PTO.VASPAC.FJPR,VASPAC
33736,BLUSA MALHA GASE TIPO COLETE PTO.VASPAC.FJPR,VASPAC
33737,BLUSA MALHA GASE TIPO COLETE CAMEL.VASPAC.FJSL,VASPAC
33738,BLUSA MALHA GASE TIPO COLETE BRANCO.VASPAC.FJSL,VASPAC
33739,TOP ANA RUGA LISTRA AZ LACO FTE.VASPAC.FJSL,VASPAC
33740,SHORT ANA RUGA LISTRA AZ.VASPAC.FJSL,VASPAC
33741,BLUSA ESTAMPADA MANGA CURTA JAPA DECOTE V.VASPAC.FCSL,VASPAC
33742,BLUSA ESTAMPADA MANGA CURTA JAPA DECOTE V.VASPAC.FCSL,VASPAC
33743,SHORT VISCOSE ROSE.VASPAC.FJSL,VASPAC
33744,SHORT FEM VISCOSE ESTAMPADO.ANJUU.FJSL,ANJUU
33745,VEST LONGO BUSTO LASTEX.ANJUU.FJPR,ANJUU
33746,REGATA CETIM DECOTE RAGLAN.ANJUU.FJPR,ANJUU
33747,REGATA CETIM DECOTE V BOTOES.ANJUU.FJPR,ANJUU
33748,VEST MIDI CETIM TUBINHO.ANJUU.FCPR,ANJUU
33749,CAMISA M/L TRANSPARENCIA PTO.ANJUU.FCPR,ANJUU
33750,CAMISA M/L TRANSPARENCIA BEGE.ANJUU.FCPR,ANJUU
33751,BLUSA M/L CETIM PTO.ANJUU.FCPR,ANJUU
33752,BLUSA M/L CETIM BEGE.ANJUU.FCPR,ANJUU
33753,BLUSA M/L CETIM MARINHO.ANJUU.FCPR,ANJUU
33754,CUECA MASC POLIAMIDA.MIBC,BAIYI
33755,BLUSA FEM S/M BORDADO NA BARRA PTO/AZ CL.AGTEX.FCSL,AGTEX
33756,CONJ ESTAMPA TOP SAIA MID.AGTEX.FJPR,AGTEX
33757,SHORT DET ARGOLA NO CINTO.AGTEX.FJSL,AGTEX
33758,BLUSA FEM S/M BORDADO NO BRACO.AGTEX.FCSL,AGTEX
33759,SHORT SAIA JUV VISCOSE PTO/PALHA.NINANDO.IA4SL,NINANDO
33760,SHORT FEM JUV VISC BOTAO NA BARRA E BOLSO PTO/AZ CL.NINANDO.IA4SL,NINANDO
33761,SHORT FEM JUV VISCOSE C/ BOLSO BARRA VIRADA PTO/ROSE.NINANDO.IA4SL,NINANDO
33762,BLUSA JUV CIGANINHA CROPPED PTO/ROSE.NINANDO.IA4SL,NINANDO
33763,SHORT SAIA INF MNA PTO/PALHA.NINANDO.IA4SL,NINANDO
33764,SHORT INF MNA BOTAO BARRA PTO/AZ CL.NINANDO.IA4SL,NINANDO
33765,BLUSA INF MNA ALCA BABADO E LASTEX COSTA PTO/AZ CL.NINANDO.IA4SL,NINANDO
33766,BLUSA INF MNA FRANZIDO FTAL PTO/PALHA.NINANDO.IA4SL,NINANDO
33767,REGATA ALCINHA SEG PELE.MINHAESTAMPA.FJAR,MINHA ESTAMPA
33768,SHORT JEANS OFF WHITE. ECXO. FEPR,ECXO JEANS
33769,SHORT JEANS BARRA DESFIADA. ECXO. FEPR,ECXO JEANS
33770,VESTIDO LONGO VISCOLINHO BABADO PRETO.JULIETA.FJPR,JULIETA
33771,VESTIDO LONGO VISCOLINHO BABADO AREIA.JULIETA.FJPR,JULIETA
33772,VESTIDO LONGO VISCOLINHO BABADO TERRA.JULIETA.FJPR,JULIETA
33773,VESTIDO LONGO LATEX.AGTEX.FJPR,AGTEX
33774,VESTIDO DE MANGUINHA PRINCESA ELASTEX PLUS.AGTEX.FPPR,AGTEX
33775,REGATA ALCA TRANCADA.AGTEX.FCPR,AGTEX
33776,CAMISA MASC M/M VISCOSE.JEZZIAN.MCPR,JEZZIAN
33777,CAMISA MASC M/M DE BOTAO FLORAL AZUL.JEZZIAN.MCPR,JEZZIAN
33778,MACAQUINHO SAIA ESTAMPADO.GRAZYMODAS.FPPR,GRAZI MODAS
33779,VESTIDO UMA MARIA ESTAMPADO.GRAZYMODAS.FPPR,GRAZI MODAS
33780,CONJUNTO COM RENDA.VERSALLY.FIPR,VERSALLY
33781,CONJUNTO COM RENDA.VERSALLY.FIPR,VERSALLY
33782,CONJUNTO BASICO.VERSALLY.FIPR,VERSALLY
33783,CONJUNTO COM RENDA.VERSALLY.FIPR,VERSALLY
33784,SHORT CINTO TRANCA FIV ESTRELA.AGTEX.FJPR,AGTEX
33785,CADERNETA 80FL C/ E S/ PAUTA14X9CM.WINCYBRASIL.AASF,WINCY BRASIL
33786,AGENDA PERMA A6 WIRE O 11X15 320P BRIGHT.WINCY BRASIL.AASF,WINCY BRASIL
33787,ESTOJO ESCOLAR MINI FEM TELA 1Z NEON PAS.WINCY BRASIL.AASF,WINCY BRASIL
33788,ESTOJO WINPAPER MASC 1Z TELADO.WINCY BRASIL.AASF,WINCY BRASIL
33789,MOCHILA FULL COLOR CINZA.WINCY BRASIL.AASF,WINCY BRASIL
33790,"MOCHILA JUV FULL COLOR CINZA 17,5.WINCY BRASIL.AASF",WINCY BRASIL
33791,"MOCHILA JUV FULL COLOR ROSE 17,5.WINCY BRASIL.AASF",WINCY BRASIL
33792,"MOCHILA JUV FULL COLOR PRETO 17,5.WINCY BRASIL.AASF",WINCY BRASIL
33793,MOCHILA BABY UNISEX CAPIVARA PELUCIA.WINCY BRASIL.AASF,WINCY BRASIL
33794,KIT TALHER C ESTOJO INOX 4PCS.WINCY BRASIL.AASF,WINCY BRASIL
33795,KIT TALHER C ESTOJO INFANTIL INOX 4PCS.WINCY BRASIL.AASF,WINCY BRASIL
33796,ROLO ADESIVO TIRA PELOS 20 FOLHAS.WINCY BRASIL.AASF,WINCY BRASIL
33797,SACO LAVA ROUPA/LINGER 50X40CM RT POLIES.WINCY BRASIL.AASF,WINCY BRASIL
33798,PORTA ESCOVA/PASTA DE DENTE PT 19X6CM.WINCY BRASIL.AASF,WINCY BRASIL
33799,PORTA ESCOVA DE DENTE 20CM PLAST DECORAD.WINCY BRASIL.AASF,WINCY BRASIL
33800,PRENDEDOR DE EMBALAGEM 10PCS.WINCY BRASIL.AASF,WINCY BRASIL
33801,KIT TESOURAS 2PCS 5/8 PP/INOX.WINCY BRASIL.AASF,WINCY BRASIL
33802,KIT DE AGULHAS - 27 PECAS.WINCY BRASIL.AASF,WINCY BRASIL
33803,"ESPELHO MESA RD ELIS PT 14,5X15CM.WINCY BRASIL.AASF",WINCY BRASIL
33804,SACOLA ECOBAG FRASES ALGODAO 38X42CM.WINCY BRASIL.AASF,WINCY BRASIL
33805,GARRAFA SQUEEZE SHAPE PET 600ML.WINCY BRASIL.AASF,WINCY BRASIL
33806,KIT VIAGEM PORTA LIQUIDO RECARREGAVEL 4P.WINCY BRASIL.AASF,WINCY BRASIL
33807,GARRAFA C ALCA GIRL VIBES PT 600ML.WINCY BRASIL.AASF,WINCY BRASIL
33808,"BOLSA TERMICA OXFORD 22X18,5X11,5CM.WINCY BRASIL.AASF",WINCY BRASIL
33809,ESCOVA PARA LOUCAS SILICONE 32X3.3CM .WINCY BRASIL.AASF,WINCY BRASIL
33810,LANCA-AGUA 40X4CM PP/POLIETILENO.WINCY BRASIL.AASF,WINCY BRASIL
33811,KIT BARBA E CABELO 3PCS.WINCY BRASIL.AASF,WINCY BRASIL
33812,"ESCOVA MASSAGEADORA CABELO 8X6,5CM.WINCY BRASIL.AASF",WINCY BRASIL
33813,CONJUNTO FEM COLETE E SHORT ALFAITARIA. AGTEX. FCSL,AGTEX
33814,CANGA ESTAMPADA.INDIA FASHION.FPAR,INDIA FASHION
33815,CALCA FEM BOLIVIANA ESTAMPADA. MINHA ESTAMPA.FJSL,MINHA ESTAMPA
33816,BERMUDA MASC DE SARJA C/ELASTANO.FABIANO.MEPR,FABIANO
33817,REGATA VISCOSE ESTAMPADA REG.MINHA ESTAMPA.FJAR,MINHA ESTAMPA
33818,REGATA ALCINHA DUNA C/ BABADO.YUNEE.FJPR,YUNEE
33819,BLUSA DUNA PREGAS NA MANGA.YUNEE.FCSL,YUNEE
33820,REGATA PLUS CETIM C/ BABADO.YUNEE.FPPR,YUNEE
33821,BLUSA S/M GOLA BOTAO E BOLSO.YUNEE.FCAR,YUNEE
33822,BLUSA ALCA LARGA ESTAMPADA COM BOTOES.FOUR SEASONS.FCSL,FOUR SEASONS
33823,VEST CURTO COM GOLA E AMARRACAO.FOUR SEASONS.FCSL,FOUR SEASONS
33824,REGATA DUNA GOLA CANOA COM VIES RENDADO.YUNEE.FCSL,YUNEE
33825,T-SHIRT EM ALGODAO ESTAMPA TROPICAL.DC TEXTIL.FPAR,THREE HANDS
33826,T-SHIRT EM ALGODAO ESTAMPA GIRLS AQUARELA.THREE HANDS.FPAR,THREE HANDS
33827,T-SHIRT EM ALGODAO ESTAMPA LIMAO.THREE HANDS.FPAR,THREE HANDS
33828,CROPPED ESTAMPA SAINT TROPEZ.THREE HANDS.FJAR,THREE HANDS
33829,CROPPED ESTAMPADA MARSELHA.THREE HANDS.FJAR,THREE HANDS
33830,CROPPED JUV ESTAMPADO BOSTON.THREE HANDS.FA4AR,THREE HANDS
33831,CROPPED JUV ESTAMPADO BORBOLETA.THREE HANDS.FA4AR,THREE HANDS
33832,T-SHIRTJUV MNA ESTAMP CAWGRIRL.THREE HANDS.JA4AR,THREE HANDS
33834,BLUSA DEC RAGLAN BABADOS.OULUSHA.FJAR,OULUSHA
33835,SHORT ALFAIAT C/ ESLATANO BOTAO NO PASSANTE.OULUSHA.FJPR,OULUSHA
33836,REGATA DUNA ALCA TRANCA.OULUSHA.FCAR,OULUSHA
33837,REGATA CROCHE.OULUSHA.FJPR,OULUSHA
33838,SHORT SAIA C/ AMARRACAO.ALIRIO.FJAR,ALIRIO
33839,SHORT SAIA C/ AMARRACAO.ALIRIO.FJAR,ALIRIO
33840,VEST ESTAMP COQ ALCINHAE BABADO.ALIRIO.FJAR,ALIRIO
33841,VEST LONG ALCA FINA BARRADO.ALIRIO.FCPR,ALIRIO
33842,BLUSA MANGA CURTA BARRADA.ALIRIO.FCPR,ALIRIO
33843,CALCA PANTALON BARRADA.ALIRIO.FCPR,ALIRIO
33844,BLUSA FEM PLUS CIGANINHA ONCA.ALIRIO.FPPR,ALIRIO
33845,BLUSA FEM PLUS CIGANINHA POA.ALIRIO.FPPR,ALIRIO
33846,SHORT PLUS VISCOSE ESTAMP C/ BOLSO E BOTAO.VASPAC.FPAR,VASPAC
33847,SHORT SAIA DUNA.VASPAC.FJAR,VASPAC
33848,VESTIDO LONGO ALCINHA BABADO.INVENTA MODA.FJPR,INVENTA MODA
33849,CALCA DUNA PANTACOURT BOTOES E BOLSO.INVENTA MODA.FCPR,INVENTA MODA
33850,BLUSA S/M DUNA CROPPED FRALDADA.INVENTA MODA.FCPR,INVENTA MODA
33851,BONE LISO.FELIPE.AASF,FELIPE
33852,BUCKET.FELIPE.AASP,FELIPE
33853,BONE UNISSEX.FELIPE.AASF,FELIPE
33854,SHORTINHO INTIMO.ZE DUDA.FISL,ZE DUDA
33855,MACAQUINHO SAIA ESTAMPADO ZIPER E LASTEX.STYLLO UNICO.FJAR,STYLLO ÚNICO
33856,VESTIDO LONGO BICOLOR VISCOLYCRA.STYLLO UNICO.FJAR,STYLLO ÚNICO
33857,CONJUNTO TOP/SAIA CIANINHA.OULUSHA.FJPR,OULUSHA
33858,REGATA CURTA FITNESS. DAISA. FFAR,DAISA
33859,VESTIDO ALCA REGULAVEL COM LASTEX.STILLO UNICO.FCAR,STYLLO ÚNICO
33860,REGATA POLIAMIDA C/ FORRO.GELIO.FCAR,GELIO
33861,BLUSA MG CURTA POLIAMIDA BUSTO DUPLO.GELIO.FCAR,GELIO
33862,SHORT JEANS MODELOS VARIADOS. ECXO JEANS. FEMS,ECXO JEANS
33863,CHAMISE VISCOSE MANGA 3/4. ART LIMA. FCSL,ART LIMA
33864,CALCA MASC SARJA CINZA.JEZZIAN.MCPR,JEZZIAN
33865,MACAQUINHO FITNESS POLIAMIDA ABERTURA NAS COSTAS. BAIYI. FFPR,BAIYI
33866,MACAQUINHO FITNESS CRUZADO NAS COSTAS. BAIYI. FFPR,BAIYI
33867,MACAQUINHO FITNESS POLIAMIDA M/M ZIPER. BAIYI. FFPR,BAIYI
33868,CONJUNTO TOP E SHORT FITNESS BICOLOR. BAIYI. FFPR,BAIYI
33869,CONJUNTO TOP E CALCA FITNESS POLIAMIDA. BAIYI. FFPR,BAIYI
33870,SHORT VISCOLINHO BOLSO PLUS SIZE.JOABE.FPAR,JOABE
33871,SHORT VISCOLINHO REGULAR.JOABE.FJAR,JOABE
33872,TOP FITNESS BICOLOR DETALHE NAS COSTAS. LIDERY. FFPR,LIDERY
33873,SHORT FITNESS BICOLOR DETALHE LATERAL. LIDERY. FFPR,LIDERY
33874,CALCA FITNESS BICOLOR DETALHE LATERAL. LIDERY. FFPR,LIDERY
33875,TOP FITNESS CHAPADO PLUS SIZE. LIDERY. FFAR,LIDERY
33876,SHORT FITNESS COS TRANSPASSADO PLUS SIZE. LIDERY. FFAR,LIDERY
33877,CALCA FITNESS COS TRANSPASSADO PLUS SIZE. LIDERY. FFAR,LIDERY
33878,TOP FITNESS BASICO NADADOR. LIDERY. FFPR,LIDERY
33879,CROPPED DECOTE EM V. AGTEX.FJSL,AGTEX
33880,CROPPED ALCINHA .AGTEX. FJSL,AGTEX
33881,CROPPED TEXTURIZADO.AGTEX.FJSL,AGTEX
33882,CROPPED S/ MANGA. AGTEX. FJSL,AGTEX
33883,CROPPED UM OMBRO SO. AGTEX .FJSL,AGTEX
33884,BODY DECOTE REDONDO CANELADO. AGTEX.FJSL,AGTEX
33885,BLUSA MANGA LONGA FAKE TRICO.SLYLE BOX.FJSL,STYLE BOX
33886,BLUSA ALCINHA LASTEX COM BABADO.STYLE BOX.FJSL,STYLE BOX
33887,BLUSA S/M SUEDE DECOTE V.STYLE BOX.FJPR,STYLE BOX
33888,REGATA CANELADA RECORTE LATERAL.STYLE BOX.FCSL,STYLE BOX
33889,BLUSA CANELADA MANGA LONGA ELASTICA LATERAL.STYLE BOX.FJSL,STYLE BOX
33890,SHORT SUEDE C/ PREGA.STYLE BOX.FJPR,STYLE BOX
33891,MINI SAIA SUEDE.STYLE BOX.FJPR,STYLE BOX
33892,BLUSA MANGA CANELADO LACO.STYLE BOX.FJSL,STYLE BOX
33893,CALCA CINTURA ALTA C/ PREGAS.STYLE BOX.FCPR,STYLE BOX
33894,CALCA RETA FAKE TRICO.STYLE BOX.FJSL,STYLE BOX
33895,MACAQUINHO ESTAMPADO CIGANINHA.AME-SE.FJPR,AME -SE
33896,VESTIDO ESTAMPADO CURTOMANGA FLAIRE.AME-SE.FJPR,AME -SE
33897,BLUSA ESTAMPADO COS ELASTICO MANGA 3/4.AME-SE.FJPR,AME -SE
33898,SAIA LONGA LISA COM AMARRACAO.AME-SE.FJPR,AME -SE
33899,BLUSA OMBRO ELASTICO LISA. AME-SE. FCPR (INV26),AME -SE
33900,BLUSA OMBRO ELASTICO ESTAMPADA. AME-SE. FCPR (INV26),AME -SE
33901,CALCA BRAGUILHA ESTAMPADA. AME-SE.FCPR (INV26),AME -SE
33902,CALCA BRAGUILHA LISA. AME-SE.FCPR (INV26),AME -SE
33904,BLUSA MANGA FLARE ESTAMPADA. AME-SE. FCPR (INV26),AME -SE
33905,BLUSA MANGA FLARE LISA.AME-SE.FCPR (INV26),AME -SE
33906,VESTIDO MANGA FLARE ESTAMPADO PLUS.AME-SE.FPPR,AME -SE
33907,VESTIDO MANGA FLARE LISO PLUS.AME-SE.FPPR,AME -SE
33908,BLUSA UM OMBRO SO ESTAMPADA PLUS.AME-SE.FPPR,AME -SE
33909,BLUSA UM OMBRO SO LISO PLUS.AME-SE.FPPR,AME -SE
33910,BLUSA COM ELASTICO ESTAMPADA PLUS.AME-SE.FPPR,AME -SE
33911,BLUSA COM ELASTICO LISA PLUS.AME-SE.FPPR,AME -SE
33912,MACAQUINHO OMBRO A OMBRO ESTAMPADO PLUS.AME-SE.FPPR,AME -SE
33913,MACAQUINHO OMBRO A OMBRO LISO PLUS.AME-SE.FPPR,AME -SE
33914,BLUSA AMARRADINHO ESTAMPADA PLUS.AME-SE.FPPR,AME -SE
33915,BLUSA AMARRADINHO LISA PLUS.AME-SE.FPPR,AME -SE
33916,SAIA COS LARGO LISA PLUS.AME-SE.FPPR,AME -SE
33917,SAIA COS LARGO ESTAMPADA PLUS.AME-SE.FPPR,AME -SE
33918,CALCA COS LISA PLUS.AME-SE.FPPR,AME -SE
33919,CALCA COS ESTAMPADA PLUS.AME-SE.FPPR,AME -SE
33920,JAQUETA FEM SUEDE COM BOTOES.STYLE BOX.FJPR,STYLE BOX
33921,COLETE CURTO TRANSPASSADO COM FIVELA.STYLE BOX.FCPR,STYLE BOX
33922,CAMISA MASC FLANELA XADREZ.STYLE BOX.MCAR,STYLE BOX
33923,CAMISA MASC POLO.STYLE BOX.MCAR,STYLE BOX
33924,SUETER MASC GOLA CARECA JACQUARD.STYLE BOX.MCAR,STYLE BOX
33925,SUETER MASC C/BOTOES.STYLE BOX.MCPR,STYLE BOX
33926,CALCA MOLETOM MASCULINA BASICA.STYLE BOX.MBSL,STYLE BOX
33927,BLUSA TRICO MANGA LONGA CONTRASTE NA GOLA.STYLE BOX.FCSL,STYLE BOX
33928,JAQUETA MASC DE MOLETOM C/CAPUZ.STYLE BOX.MJAR,STYLE BOX
33929,JAQUETA MOLETON FEM C/CAPUZ E BORDADO .FJPR,STYLE BOX
33930,CARDIGAN FEM.STYLE BOX.FCSL,STYLE BOX
33931,CASACO MASC DE MOLETOM C/CAPUZ.STYLE BOX.MJAR,STYLE BOX
33932,CALCA FEM RETA C/FRISO STYLE BOX .FJPR,STYLE BOX
33933,SUETER FEM GOLA POLO.STYLE BOX.FCSL.HC019,STYLE BOX
33934,CONJUNTO MASC HELANCA C/DETALHE NA LATERAL.STYLE BOX.MJPR,STYLE BOX
33935,CASACO MOLE FEM C/CAPUZ RECORTE RAGLAN .FSL,STYLE BOX
33936,CONJUNTO MASC DE HELANCA.STYLE BOX.MJPR,STYLE BOX
33937,SUETER FEM TRICO GOLAV CANELADA STYLE BOX.FJSL,STYLE BOX
33938,SUETER MASC TRICO GOLA CARECA.STYLE BOX.MCAR,STYLE BOX
33939,SUETER MASC GOLA CARECA.STYLE BOX.MCAR,STYLE BOX
33940,SUETER FEM TRICO GOLA ALTA. STYLE BOX. FCSL,STYLE BOX
33941,CAMISA FEM FLANELA XADREZ. STYLE BOX. FJAR,STYLE BOX
33942,JAQUETA FEM MOLETOM C/ CAPUZ. STYLE BOX. FJSL,STYLE BOX
33943,CALCA MOLETOM FEM BASICA. STYLE BOX. FJSL,STYLE BOX
33945,CASACO FEM MOLETOM CROPPED.STYLE BOX.FJSL,STYLE BOX
33946,CALCA FEM MOLETOM PANTALONA.STYLE BOX.FJSL,STYLE BOX
33947,CASACO FEM MOLETOM CROPPED.STYLE BOX.FJSL,STYLE BOX
33948,CALCA FEM MOLETOM CARGO.STYLE BOX.FJSL,STYLE BOX
33949,TOP FITNESS VAZADO NA LATERAL. MR.K. FFAR,Mr.k
33950,CONJUNTO MASC HELANCA DETALHE LATERAL.STYLE BOX.MCPR,STYLE BOX
33952,VESTIDO MEIA MANGA ESTAMPADO.AME-SE.FCPR (INV26),AME -SE
33953,VESTIDO MEIA MANGA BABADO ESTAMPADO. AME-SE.FCPR (INV26),AME -SE
33954,VESTIDO MEIA MANGA BABADO LISO. AME-SE.FCPR (INV26),AME -SE
33955,BERMUDA BRAGUILHA ESTAMPADA. AME-SE.FCPR (INV26),AME -SE
33956,BERMUDA BRAGUILHA LISO. AME-SE.FCPR (INV26),AME -SE
33957,BLUSA LACO FRENTE.AME-SE.FJPR,AME -SE
33958,MACACAO ESTAMPADO MANGA CURTA UM OMBRO SO.FJPR,AME -SE
33959,BLUSA ESTAMPADA MANGA SINO.AME-SE.FJPR,AME -SE
33960,CALCA LISA PANTALONA C/ BOLSO.AME-SE.FJPR,AME -SE
33961,BLUSA MANGA LONGA UM OMBRO SO.AME-SE.FJPR,AME -SE
33962,BOLSA GRANDE DE COURINO C/ ALCA CORRENTE.FELIPE.AASF,FELIPE
33963,VESTIDO LONGO ABERTIRA COSTA.AGTEX.FJPR,AGTEX
33964,REGATA GOLA V COM FORRO. REACAO BRASIL. FCSL,REAÇÃO BRASIL
33965,CONJUNTO MOLETOM FEM BASICO C/ CAPUZ.SEA SURF.FJSL,SEA SURF
33966,CONJUNTO VELUDO FEM BASICO C/ CAPUZ.SEA SURF.FJSL,SEA SURF
33967,JAQUETA FEM CROPPED QUEBRA VENTO FORRO PELINHO.SEA SURF.FJSL,SEA SURF
33968,CALCA LEGGING FRENTE DE CAMURCA.SEA SURF.FJPR,SEA SURF
33969,CALCA LEGGING RECORTE FAKE COURO.SEA SURF.FJRR,SEA SURF
33970,JAQUETA FEM LONDON CAPUZ C/ FORRO PELINHO.SEA SURF.FJPR,SEA SURF
33971,SOBRETUDO SUEDE.SEA SURF.FCPR,SEA SURF
33972,CALCA LEGGING RECORTE MONTARIA.SEA SURF.FCPR,SEA SURF
33973,PUFFER FEM PADING ONDA.SEA BRAZIL.FJPR,SEA BRAZIL
33974,PUFFER LONGA PELO CAPUZ.SEA BRAZIL.FJPR,SEA BRAZIL
33975,JAQUETA FEM PUFFER C/CAPUZ.SEA BRAZIL.JFPR,SEA BRAZIL
33976,CHAMISE ESTAMPADA MANGA 3/4. STYLLO UNICO. FCSL,STYLLO ÚNICO
33977,BLUSA MANGA 3/4 ESTAMPADA DECOTE QUADRADO. STYLLO UNICO. FCSL,STYLLO ÚNICO
33978,MACAQUINHO COM AMARRACAO ESTAMPADO. STYLLO UNICO. FCSL,STYLLO ÚNICO
33979,SHORT JORTS C/ FRIZO VISCOLINHO. STYLLO UNICO. FCSL,STYLLO ÚNICO
33980,CALCA PANTACOURT LISA COM BOTAO. STYLLO UNICO. FCSL,STYLLO ÚNICO
33981,VESTIDO ESTAMPADO ALCA FINA. STYLLO UNICO. FCSL,STYLLO ÚNICO
33982,VESTIDO VICOLINHO 3 MARIAS COLOR. STYLLO UNICO. FCSL,STYLLO ÚNICO
33983,VESTIDO M/M ESTAMPADO LONGO COM BOTAO. STYLLO UNICO. FCSL,STYLLO ÚNICO
33984,CONJ SHORT/KIMONO VISCOSE SARJADA.JOABE.FPSL,JOABE
33985,CALCA MOLETOM BASICA.CLEOMARA.INFOSL,CLEOMARA CONFECCOES
33986,CONJUNTO MOLETOM BL.SILK.CLEOMARA.INFOSL,CLEOMARA CONFECCOES
33987,CAMISETA MANGA LONGA SILK MM.CLEOMARA.INFOSL,CLEOMARA CONFECCOES
33988,CONJ SHOR/KIMONO VISCOSE PLUS SIZE JOABE.FPSL,JOABE
33989,CALCA LEGGING COTTON.ANALE.INFASL,ANALE
33990,CALCA LEGGING SUPLEX PELUCIADA LISA.ANALE.INFASL,ANALE
33991,PIJAMA BL. M/L SILK CALCA.ANALE.INFASL,ANALE
33992,CONJ MOLETOM CASACO ZIPER CAPUZ SILK.ANALE.INFASL,ANALE
33993,CONJ MOLETOM CASACO BORDADO.ANALE.INFOSL,ANALE
33994,CONJ MOLETOM CASACO ZIPER SILK.ANALE.INFOSL,ANALE
33995,CALCA LEGGING COTTON.ANALE.JUVASL,ANALE
33996,CALCA LEGGING SUPLEX PALUCIADA LISA.ANALE.JUVASL,ANALE
33997,CALCA MOLETOM BASICA.CLEOMARA.JUVOSL,CLEOMARA CONFECCOES
33998,CAMISA M/L SILK.CLEOMARA.JUVOSL,CLEOMARA CONFECCOES
33999,CONJ MOLETOM BL SILK.CLEOMARA.INFASL,CLEOMARA CONFECCOES
34000,JAQUETA FEM MOLETOM BASICA.FJSL,GELIO
34001,CALCA MOLETOM FEM JOGGER BASICA.GELIO.FJSL,GELIO
34002,JAQUETA MOLETOM MASC C/ CAPUZ BAS.MJSL,GELIO
34003,CASACO MOLETOM BASICO CAPUZE ZIPER.INFASL,GELIO
34004,CASACO MOLETOM BASICO CAPUZ E ZIPER.INFOSL,GELIO
34005,CASACO MOLETOM ZIPER CAPUZ BASICO.JUVASL,GELIO
34006,CASACO MOLETOM ZIPER CAPUZ BASICO.JUVOSL,GELIO
34007,VESTIDO ALCA FENDA MARRANT PLUS SIZE LISO . STYLLO UNICO,STYLLO ÚNICO
34008,COLETE MARRANT BOTOES PLUS SIZE STYLLO UNICO . FPPR,STYLLO ÚNICO
34009,CALCA MARRAT PLUS SIZE LISA STYLO UNICO .PPPR,STYLLO ÚNICO
34010,COLETE VISCOLINHO LISO STYLO UNICO .FPPR,STYLLO ÚNICO
34011,MACAQUINHO ESTAMPADO BOTOES VISCOLINHO PLUS SIZE.FPPR,STYLLO ÚNICO
34012,CHAMISE LISA BOTOES STYLO UNICO .PPPR,STYLLO ÚNICO
34013,BERMUDA MASC JEANS ESCURO MARMORIZADA.ECXO JEANS.MEMS,ECXO JEANS
34014,BERMUDA MASC JEANS CLARO.ECXO JEANS.MEMS,ECXO JEANS
34015,BERMUDA MASC JEANS LAVAGEM ESCURA.ECXO JEANS.MEMS,ECXO JEANS
34016,BERMUDA JEANS MASC MARMORIZADA.ECXO JEANS.MEMS,ECXO JEANS
34017,CONJUNTO PARIS RENDA . FIPR,TOQUE SECRETO
34018,SUETER FEM CARECA BASICO.STYLE BOX.FCSL,STYLE BOX
34019,CALCA FEM SKYNY CARGO.STYLE BOX.FJSL,STYLE BOX
34020,CALCA JEANS RETA LAVAGEM VARIADAS.CITYJEANS.FEMS,CITY JEANS
34021,SAIA MID ALFAIATARIA.AGTEX.FCPR,AGTEX
34022,SHORT CURTO DUNA.AGTEX.FCPR,AGTEX
34023,BLUSA DECOTE V.AGTEX.FCSL,AGTEX
34024,CALCA NEOPREME.AGTEX.FCSL,AGTEX
34025,BLUSA SENSORIAL.AGTEX.FCPR,AGTEX
34026,CHAMISE LISA PLUS SIZE. STYLO UNICO .FPPR,STYLLO ÚNICO
34027,SHORT VISCOLINHO LISO PLUS SIZE.FPPR,STYLLO ÚNICO
34028,SHORT MICROFIBRA C/ ELAST LISO.FORCA DO MAR.JUVOSL,FORCA DO MAR
34029,CASACO MASC DE MOTETOM C/CAPUZ E BOLSO FACA.SEA SURF.MJPR,SEA SURF
34030,SHORT MICROFIBRA C/ ELAST LISO.FORCA DO MAR.INFOSL,FORCA DO MAR
34031,CASACO MASC DE MOLETOM CALIFORNIAC/CAPUZ.SEA SURF.MJPR,SEA SURF
34032,CAMISETA MASC M/L TERMICA PROTECAO UV.SEA BRAZIL.MJPR,SEA BRAZIL
34033,JAQUETA MASC DE COURO.SEA BRASIL.MCPR,SEA BRAZIL
34034,JAQUETA MASC DE COURO C/BOLSO.SEA BRAZIL.MCPR,SEA BRAZIL
34035,JAQUETA MASC COTELE C/BOLSO FACA.SEA BRAZIL.MCPR,SEA BRAZIL
34036,JAQUETA MASC C/ZIPER E CAPUZ.SEA BRAZIL.MJPR,SEA BRAZIL
34037,JAQUETA MASC GOLA ALTA C/ZIPER E BOLSO.SEA BRAZIL.MCPR,SEA BRAZIL
34038,CASACO MASC DE MOLETOM C/CAPUZ CALIFORNIA.SEA BRAZIL.MJPR,SEA BRAZIL
34039,VESTIDO S/M CAN VIES.AGTEX.FCSL,AGTEX
34040,CASACO MASC DE MOLETOM C/CAPUZ NEW YORK.SEA BRASIL.MJPR,SEA BRAZIL
34041,JAQUETA MASC PUFFER C/CAPUZ.SEA BRAZIL.MJPR,SEA BRAZIL
34042,CALCA MASC DE MOLETOM.SEA BRAZIL.MJAR,SEA BRAZIL
34043,CALCA MOLETOM BASICA MENINA.CLEOMARA.INFASL,CLEOMARA CONFECCOES
34044,CONJUNTO MOLETOM BL.SILK MENINA.CLEOMARA.INFASL,CLEOMARA CONFECCOES
34045,CONJUNTO PLUSH LISTRAS PLUS SIZE. FPPR,SEA BRAZIL
34046,CAMISA XADREZ PELUCIADA PLUS SIZE .DRESS,DRESS
34047,BLUSA CROPPED CANEL OVERSIZED.ALEGAM.FJSL,ALEGAM
34048,CONJ MOLETOM CAS CAPUZ.SEA SURF.INFAPR,SEA BRAZIL
34049,CONJ MOLETOM CAS CAPUZ.SEA SURF.INFAPR,SEA BRAZIL
34050,CONJ PLUSH CAS CAPUZ.SEASURF.JUVAPR,SEA BRAZIL
34051,SAQUINHO CELOFONE DE PRESENTE TRANSPARENTE.FELIPE.AASF,FELIPE
34052,CROPPED S/M GOLINHA VENETTO.MINHA ESTAMPA.FJSL,MINHA ESTAMPA
34053,CROPPED MG CURTA GOLINHA VENETTO.MINHA ESTAMPA.FJSL,MINHA ESTAMPA
34054,SAIA MID FENDA TRAS VENETTO.MINHAESTAMPA.FCSL,MINHA ESTAMPA
34055,CAMISA M/M MASC C/BOTAO LINHO/VISCOSE.ALIRIO.MJPR,ALIRIO
34056,CAMISA MASC M/L TIPO JEANS C/POLIESTER.ALIRIO.MEPR,ALIRIO
34057,CALCA MASC CARGO DE LINHO C/CADARCO.ALIRIO.MJPR,ALIRIO
34058,CONJ MOLETOM BL SILK.CLEOMARA.INFOSL,CLEOMARA CONFECCOES
34059,LACO MEDIO PRESENTE.FELIPE.AASF,FELIPE
34060,CALCA MASC CARGO VERDE MILITAR.MAX DENIM.MJPR,MAX DENIM
34061,CALCA MASC CARGO KAKI.MAX DENIM.MEPR,MAX DENIM
34062,CALCA MASC CARGO PRETA.MAX DENIM.MEPR,MAX DENIM
34063,JAQUETA MASC TRADICIONAL PRETA.MAX DENIM.MEPR,MAX DENIM
34064,CALCA JEANS MASC SLIM.MAX DENI.MEPR,MAX DENIM
34065,CALCA MAS JEANS SLIM.MAX DENIM.MEPR,MAX DENIM
34066,VESTIDO LONGO VISCOLINHO IVY.BELACHICCA.FCSL,BELA CHICCA
34067,JAQUETA FEM JEANS BOLSO CARGO. FEPR,QUARTA GERAÇÃO
34068,JAQUETA FEM JEANS TRADICIONAL. FEPR,QUARTA GERAÇÃO
34069,JAQUETA FEM JEANS COLOR. FEPR,QUARTA GERAÇÃO
34070,BLUSA LEILA ESTAMP VISCOLINHO.BELA CHICCA.FCSL,BELA CHICCA
34071,CALCA THAIS LISA VISCOLINHO.BELA CHICCA.FCSL,BELA CHICCA
34072,BLUSA KATARINA M/M COM BOTOES VISCOLINHO.BELA CHICCA.FCSL,BELA CHICCA
34073,CALCA KATARINA ESTAMP VISCOLINHO.BELA CHICCA.FCSL,BELA CHICCA
34074,BERMUDA GIOVANA VISCOLINHO LISA.BELA CHICCA.FCSL,BELA CHICCA
34075,JARDINEIRA FEM JEANS C/ BOLSO. FEPR,QUARTA GERAÇÃO
34076,CALCA SILVIA STAMP VISCOLINHO.BELA CHICCA.FCSL,BELA CHICCA
34077,JARDINEIRA FEM JEANS C/ BOTOES. FEPR,QUARTA GERAÇÃO
34078,BLUSA ARIANA ALCA FINA ESTAMP VISCOLINHO.BELA CHICCA.FCSL,BELA CHICCA
34079,SHORT CLOCHARD ESTAMP VISCOLINHO.BELA CHICCA.FCSL,BELA CHICCA
34080,CALCA GABRIELA ESTAMPADA VISCOLINHO.BELA CHICCA.FCSL,BELA CHICCA
34081,BLUSA SANDRA ESTAMP VISCOLINHO.BELA CHICCA.FCSL,BELA CHICCA
34082,BLUSA DANY.BELA CHICCA.FCSL,BELA CHICCA
34083,CALCA DRY DET. LATERAL.SEA BRAZIL.JUVOPR,SEA BRAZIL
34084,CALCA DRY RECORTE LISTRA LATERAL.SEA BRAZIL.JUVOPR,SEA BRAZIL
34085,JAQUETA FORRO SHERPA.SEABRAZIL.INFOPR,SEA BRAZIL
34086,CONJ MOLETOM CAS. ZIPER SILK LONDON.SEABRAZIL.INFOPR,SEA BRAZIL
34089,TOALHA DE ROSTO.CAMESA.AASF,CAMESA
34090,VESTIDO REGATA CANELADO.AGTEX.FJAR,AGTEX
34091,SHORT DOLL ESTAMPADO M/M ALEGAM .FIPR,ALEGAM
34092,SHORT DOLL M/M LISO VIES ALEGAM . FIAR,ALEGAM
34093,BERMUDA MOM FEM JEANS. FEPR,MAX DENIM
34094,CALCA WIDE LEG CARGO ESCURA. FEPR,MAX DENIM
34095,CALCA FEM JEANS WIDE LEG CARGO CLARA. FEPR,MAX DENIM
34096,CALCA JEANS FEM PANTALONA. FEPR,MAX DENIM
34097,CALCA JEANS FEM CARGO TRADICIONAL. FEPR,MAX DENIM
34098,JAQUETA JEANS FEM SUPER OVER. FEPR,MAX DENIM
34099,SHORT DOLL M/M ESTAMPA PLUS SIZE ALEGAM .FISL,ALEGAM
34100,SHORT DOLL LISO VIES PLUS SIZE.FISL,ALEGAM
34101,CALCA JEANS FEM SKATER. FEPR,MAX DENIM
34102,JAQUETA CROPPED. FEPR,MAX DENIM
34103,COLETE BICOLOR C/ BOTAO.ESTYLOPROPRIO.FCPR,ESTYLO PROPRIO
34104,CALCA PANTALONA BICOLOR.ESTYLOPROPRIO.FCPR,ESTYLO PROPRIO
34105,BLUSA MEIA MANGA GOLA V.ESTYLOPROPRIO.FCPR,ESTYLO PROPRIO
34106,MACAQUINHO ALFAITARIA C/ BOTAO.COM ESTYLLO.FCPR,ESTYLO PROPRIO
34107,SHORT ALFAITARIA C/ BOTAO.ESTYLOPROPRIO.FCPR,ESTYLO PROPRIO
34108,BLUSA M/M C/ GOLA TRABALHADA.ESTYLOPROPRIO.FCPR,ESTYLO PROPRIO
34109,BLAZER CROPPED C/ BOTAO.ESTYLOPROPRIO.FCPR,ESTYLO PROPRIO
34110,CALCA SLIM ALFAITARIA.ESTYLOPROPRIO.FCPR,ESTYLO PROPRIO
34111,CALCA MOM FEM COTELE. FEPR,MAX DENIM
34112,JAQUETAO SUPER OVER. FEPR,MAX DENIM
34113,CALCA JEANS FEM WIDE LEG OFF WHITE. FEPR,MAX DENIM
34114,BERMUDA MOM JEANS FEM PLUS. FEPR,MAX DENIM
34115,CROPPED CANEL MG CURT CHULEADA.ALEGAM.ALEGAM.FJAR,ALEGAM
34116,CALCA JEANS FEM RETA PLUS ESCURA. FEPR,MAX DENIM
34117,CALCA JEANS FEM RETA PLUS CLARA. FEPR,MAX DENIM
34118,JAQUETA JEANS FEM OVERSIZED. FEPR,MAX DENIM
34119,SHORT DUNA C/ FRISO E BOLSO.FJAR,ART LIMA
34121,VESTIDO TANIA ESTAMP MANGA CIGANINHA.BELACHICCA.FCPR,BELA CHICCA
34122,BLUSA REJANE ESTAMP VISCOLINHO,BELA CHICCA
34123,BLUSA CAROLINA CIGANINHA,BELA CHICCA
34124,MACACAO ALCA FINA ESTAMPA VISCOLINHO,BELA CHICCA
34125,CALCA PANTALONA ALFAITARIA.ESTYLOPROPRIO.FCPR,ESTYLO PROPRIO
34126,COLETE LONGO C/ BOTOES.ESTYLOPROPRIO.FCPR,ESTYLO PROPRIO
34127,CALCA RETA C/ BOTOES.ESTYLOPROPRIO.FCPR,ESTYLO PROPRIO
34128,BLUSA M/M C/ BOTOES.ESTYLOPROPRIO.FCPR,ESTYLO PROPRIO
34129,CALCA CARGO VISCOLINHO.ESTYLOPROPRIO.FCPR,ESTYLO PROPRIO
34130,SHORT VISCOLINHO C/ BOTOES.ESTYLOPROPRIO.FCPR,ESTYLO PROPRIO
34131,BLUSA SEGUNDA PELE SUEDE GOLA REDONDA. ALEGAM. FCSL,ALEGAM
34132,BLUSA SEGUNDA PELE SUEDE GOLA ALTA. ALEGAM. FCSL,ALEGAM
34133,BLUSA SUEDE MEIA MANGA GOLA V. ALEGAM. FCSL,ALEGAM
34134,BLUSA VISCOLYCRA M/M GOLA QUADRADA. ALEGAM. FCSL,ALEGAM
34135,BLUSA VISCOLYCRA M/M GOLA V. ALEGAM. FCSL,ALEGAM
34136,BABYLOOK VISCOLYCRA M/M TRANSPASSADA. ALEGAM.FCSL,ALEGAM
34137,BLUSA SEGUNDA PELE VISCOLYCRA GOLA REDONDA. ALEGAM. FCSL,ALEGAM
34138,BLUSA SEGUNDA PELE VISCOLYCRA GOLA ALTA. ALEGAM. FCSL,ALEGAM
34139,BLUSA CROPPED VISCOLYCRA M/M GOLA ALTA. ALEGAM.FJSL,ALEGAM
34140,CONJ DUNA SHORT E CAMISA BOTAO CROPPED.AGTEX.FJPR,AGTEX
34141,CALCA FEM CARGO BOTAO FORRADO.AGTEX.FJPR,AGTEX
34142,SHORT SAIA C/ PASSANTE E AMARRACAO.AGTEX.FJPR,AGTEX
34143,SHORT CARGO C/ ARGOLA BOLSO.AGTEX.FJPR,AGTEX
34144,BLUSA MC SILK GOOD VIBES (P.E.) - INFA,BIBI BABY
34145,BLUSA M/C GOLA ALTA CANELADA.ALEGAM. JUVAAR,ALEGAM
34147,BLUSA M/L CANELADA. ALEGAM. JUVAAR,ALEGAM
34150,BLUSA M/L GOLA ALTA SUEDE. ALEGAM. JUVAAR,ALEGAM
34154,BLUSA MC SILK (P.E.) - INFO,BIBI BABY
34155,CAMISA MC FRUFRU CANELADO 2X2 - INFA,ALEGAM
34156,CAMISETA M/C CANELADO. ALEGAM . JUVAAR,ALEGAM
34157,BLUSA CANELADA 2X1 M/L - INFA,ALEGAM
34158,BLUSA GOLA ALTA SUEDE - INFA M/L,ALEGAM
34159,CALCA DUNA COM FRIZO E AMARRACAO. FCSL,ART LIMA
34160,BLUSAO MASC MALHA LAVADO CANGURU E CAPUZ. LEASH. MJPR,LEASH
34161,BLUSAO MASC MALHA SOFT CANELADA.MCPR,LEASH
34162,T-SHIRT MASC OVER SILK BLUE MONTAIN,LEASH
34163,T-SHIRT MASC M/L RAGLAN,LEASH
34164,BLUSAO MOLET SILK TEAM JESUS,LEASH
34165,T-SHIRT MASC OVER SILK BEYOUND BORDERS,LEASH
34166,JAQUETA PUFFER INFANTIL.GELIO.INFAPR,GELIO
34167,JAQUETA PUFFER JUVENIL.GELIO.JUVAPR,GELIO
34168,VESTIDO CLARICE PLUS ESTAMPADO PLUS SIZE .FIPR,BELA CHICCA
34169,T-SHIRT MASC MG LGA C/ BOLSO.LEASH.MBSL,LEASH
34170,SAIA NICOLE TRANSPASSADA ESTAMPADA,BELA CHICCA
34171,T-SHIRT MASC MG CURTA PIQUET BASICA.LEASH.MBSL,LEASH
34172,TOP RAISSA LISO PLUS SIZE BELA CHICCA.FPPR,BELA CHICCA
34173,VESTIDO ANGELA LISO PLUS SIZE.FPPR,BELA CHICCA
34174,VESTIDO TANIA ESTAMPADO PLUS SIZE .FPPR,BELA CHICCA
34175,VESTIDO LIVIA ESTAMPADO PLUS SIZE BELA CHICCA.PPPR,BELA CHICCA
34176,TOP ESTAMPADO PLUS SIZE BELA CHICCA.FPPR,BELA CHICCA
34177,MACACAO ESTAMPADO CORA BELA CHICCA . FPPR,BELA CHICCA
34178,CAMISETA MGA LONGA SILK CARRO.SJ TEXTIL.JUVOPR,ZHOR (SJ TEXTIL)
34179,CAMISETA MGA LGA BIKESJ TEXTIL.JUVOPR,ZHOR (SJ TEXTIL)
34180,CAMISETA MGA LGA SKATE.SJ TEXTIL.JUVOPR,ZHOR (SJ TEXTIL)
34181,CAMISETA MGA LGA BONE.SJ TEXTIL.JUVOPR,ZHOR (SJ TEXTIL)
34182,CAMISETA MGA LGA BASQUETE.SJ TEXTIL.JUVOPR,ZHOR (SJ TEXTIL)
34183,CAMISETA MGA LGA BROKLIN.SJ TEXTIL.JUVOPR,ZHOR (SJ TEXTIL)
34184,CAMISETA MGA LGA MANHATAN.SJ TEXTIL.JUVOPR,ZHOR (SJ TEXTIL)
34185,CAMISETA MGA LGA SKATE.SJ TEXTIL.JUVOPR,ZHOR (SJ TEXTIL)
34186,CAMISETA MGA LGA DINO.SJ TEXTIL.INFOPR,ZHOR (SJ TEXTIL)
34187,CAMISETA MGA LGA GAME.SJ TEXTIL.INFOPR,ZHOR (SJ TEXTIL)
34188,CAMISETA MGA LGA SKATE.SJ TEXTIL.INFOPR,ZHOR (SJ TEXTIL)
34189,CAMISETA MGA LGA CARRO.SJ TEXTIL.INFOPR,ZHOR (SJ TEXTIL)
34190,CAMISETA MGA LGA SKATE.SJ TEXTIL.INFOPR,ZHOR (SJ TEXTIL)
34191,CAMISETA MGA LGA CAMPING.SJ TEXTIL.INFOPR,ZHOR (SJ TEXTIL)
34192,CAMISETA MGA LGA DINO.SJ TEXTIL.INFOPR,ZHOR (SJ TEXTIL)
34193,CAMISETA MGA LGA DINO.SJ TEXTIL.INFOPR,ZHOR (SJ TEXTIL)
34194,CAMISETA MGA LGA BASICA.SJ TEXTIL.INFOSL,ZHOR (SJ TEXTIL)
34195,CAMISETA MGA LGA BASICA.SJ TEXTIL.JUVOSL,ZHOR (SJ TEXTIL)
34196,CALCA JEANS WIDE LEG JUVA,JUJU BANDEIRA
34197,CALCA BLACK JEANS WIDE LEG JUVA,JUJU BANDEIRA
34198,CALCA JEANS WIDE LEG CARGO JUVA,JUJU BANDEIRA
34199,CALCA JEANS WIDE LEG CARGO JUVA,JUJU BANDEIRA
34200,MACACAO JEANS CARGO WIDE LEG JUVA,JUJU BANDEIRA
34201,CALCA JEANS WIDE LEG INFA,JUJU BANDEIRA
34202,CALCA BLACK JEANS WIDE LEG INFA,JUJU BANDEIRA
34203,CALCA JEANS WIDE LEG CARGO INFA,JUJU BANDEIRA
34204,MACACAO JEANS CARGO WIDE INFA,JUJU BANDEIRA
34205,CAMISA FEMININA COM BOTOES. DIFERENTT.FCPR,DIFERENTT
34206,CALCA BLACK JEANS. BOBO BANDEIRA . JUVOPR,BOB BANDEIRA
34207,CONJUNTO CAMISA C/ BOTOES E CALCA DUNA. DIFERENTT. FCPR,DIFERENTT
34208,CALCA JEANS SKATE. BOB BANDEIRA. JUVOPR,BOB BANDEIRA
34209,BLAZER FEMININO METALASSE. DRESS. FCSL,DRESS
34210,BLUSA M/M VISCOSE COM BOTOES. DRESS. FCPR,DRESS
34211,CALCA JEANS. BOB BANDEIRA. JUVOPR,BOB BANDEIRA
34212,CALCA JEANS CARGO. BOB BANDEIRA. JUVOPR,BOB BANDEIRA
34213,CALCA PANTACOURT VISCOSE ESTAMPADA. DREE. FCSL,DRESS
34214,CALCA JEANS JOGGER CAD. BOB BANDEIRA. INFOPR,BOB BANDEIRA
34215,BERMUDA FEMININA VISCOSE ESTAMPADA. DRESS. FCSL,DRESS
34216,BLUSA CIGANINHA LISA. DRESS. FCSL,DRESS
34217,CALCA BLACK JEANS. BOB BANDEIRA. INFOPR,BOB BANDEIRA
34218,CALCA JEANS ESCURO USED. BOB BANDEIRA. INFOPR.,BOB BANDEIRA
34219,CALCA JEANS CLARO. BOB BANDEIRA. INFOPR,BOB BANDEIRA
34220,BRINCOS ELEGANTES VARIADOS,GABRIEL CAMP
34221,KIT BRINCOS VARIADOS,GABRIEL CAMP
34222,CUECA BOXER LISA POLIAMIDA,BAIYI
34223,CAMISETA MC LISA M/M BASICO - JUVO,ZHOR (SJ TEXTIL)
34224,CAMISETA M/M SILK ANIME - JUVO PRETO,ZHOR (SJ TEXTIL)
34225,CAMISETA M/M SILK SKATE - JUVO BEGE,ZHOR (SJ TEXTIL)
34226,CAMISETA M/M SILK BASQUETE - JUVO MUSGO,ZHOR (SJ TEXTIL)
34227,CAMISETA M/M SILK WORLD - JUVO VINHO,ZHOR (SJ TEXTIL)
34228,CAMISETA M/M SILK GAME - JUVO MARINHO,ZHOR (SJ TEXTIL)
34229,CAMISETA M/M SILK ANIME - JUVO MESCLA,ZHOR (SJ TEXTIL)
34230,CAMISETA M/M SILK SKATE - JUVO CARAMELO,ZHOR (SJ TEXTIL)
34231,CAMISETA M/M SILK ANIME - JUVO AZUL ROYAL,ZHOR (SJ TEXTIL)
34232,CAMISETA M/M SILK BROOKLYN - JUVO MARFIM,ZHOR (SJ TEXTIL)
34233,CAMISETA M/M SILK GAME - JUVO PRETO,ZHOR (SJ TEXTIL)
34234,JAQUETA PUFFER INFANTIL.GELIO.INFOPR,GELIO
34235,JAQUETA PUFFER INFANTIL.GELIO.JUVOPR,GELIO
34236,BLUSA COTTON SILK MGA LGA.MUNDOMANIA.INFAPR,MUNDO MANIA
34237,BLUSA COTTON SILK MGA LGA.MUNDOMANIA.INFAPR,MUNDO MANIA
34238,BLUSA COTTON SILK CROPPED MGA LGA.MUNDOMANIA.JUVAPR,MUNDO MANIA
34239,BLUSA COTTON SILK MGA LGA.MUNDOMANIA.JUVAPR,MUNDO MANIA
34240,CAMISETA MC LISA MM.ZHOR.INFOPR,ZHOR (SJ TEXTIL)
34241,CAMISETA MC SILK GAME.ZHOR.INFOPR,ZHOR (SJ TEXTIL)
34242,CAMISETA MC SILK SKATE.ZHOR.INFOPR,ZHOR (SJ TEXTIL)
34243,CAMISETA MC SILK DINO.ZHOR.INFOPR,ZHOR (SJ TEXTIL)
34244,CAMISETA MC SILK BASQUETE.ZHOR.INFOPR,ZHOR (SJ TEXTIL)
34245,CAMISETA MC SILK NYC.ZHOR.INFOPR,ZHOR (SJ TEXTIL)
34246,CAMISETA MC SILK NYC.ZHOR.INFOPR,ZHOR (SJ TEXTIL)
34247,CAMISETA MC SILK NYC.ZHOR.INFOPR,ZHOR (SJ TEXTIL)
34248,CAMISETA MC SILK NYC.ZHOR.INFOPR,ZHOR (SJ TEXTIL)
34249,"MANTA CASAL LISA 1,80X2,00",POTENCIA DO BRAS
34250,"MANTA CASAL ESTAMPADA 1,80X2,00",POTENCIA DO BRAS
34251,CORRENTES VARIADAS,FELIPE
34252,SHORT DOLL M/M MALHA POA .FISL,KAFA
34253,CAMISOLA M/M POA KAFA .FISL,KAFA
34254,MACAQUINHO CIGANINHA LISO. AMA-SE. FJPR,AME -SE
34255,ENVELOPE PERFUMADO BAMBU,MOGILANDI
34256,ENVELOPE PERFUMADO LAVANDA,MOGILANDI
34257,ENVELOPE PERFUMADO CHA BRANCO,MOGILANDI
34258,ENVELOPE PERFUMADO ALECRIM,MOGILANDI
34259,AGUA PERFUMADA FINE BAMBU 250 ML,MOGILANDI
34260,AGUA PERFUMADA FINE CHA BRANCO 250 ML,MOGILANDI
34261,AGUA PERFUMADA FINE FLOR DE CEREJEIRA 250 ML,MOGILANDI
34262,JAQUETA MASC BIKER EM SUEDE.GELIO.MCPR,GELIO
34264,BERMUDA MASC MOLETINHO RECORTE LATERAL.OUMENGKAI.MJAR,OUMENGKAI
34265,BERMUDA MASC MOLETINHO C/RECORT.OUMENGKAI.MJAR,OUMENGKAI
34266,BERMUDA MASC MOLETINHO ADIDAS.OUMENGKAI.MJAR,OUMENGKAI
34267,BOLSA CLASSIC NYLON GRANDE,YINS
34268,MASSINHA DE MODELAR 36G,YINS
34269,KIT MASSINHA DE MODELAR C/ 6 CORES DINO,YINS
34270,KIT MASSINHA DE MODELAR C/ 6 CORES FUNDO DO MAR,YINS
34271,KIT MASSINHA DE MODELAR C/ 6 CORES PETS,YINS
34272,JAQUETA JEANS MASC LAVAGEM ESCURA.LOTUS.,LOTUS
34273,KIT MASSINHA DE MODELAR C/ 6 CORES NEUTRO,YINS
34274,JAQUETA JEANS MASC CLARA.LOTUS.MEPR,LOTUS
34275,NECESSAIRE ARREDONDADA TRANSPARENTE,IAMO
34276,CARTEIRA PORTA CARTAO MAYA,IAMO
34277,CARTEIRA GABRIELLA,IAMO
34278,ECHARPE LISA CHRIS HELENA CLASSIC,IAMO
34279,FAIXA DE CABELO TECIDO,IAMO
34280,KIT 2 ESCOVAS PARA UNHA,IAMO
34281,VESTIDO PROMOCIONAL,PROMOCIONAL
34282,MACACAO PROMOCIONAL,PROMOCIONAL
34283,MACAQUINHO PROMOCIONAL,PROMOCIONAL
34284,BLUSA M/M PROMOCIONAL,PROMOCIONAL
34285,BLUSA S/M PROMOCIONAL,PROMOCIONAL
34286,SHORT PROMOCIONAL,PROMOCIONAL
34287,SAIA PROMOCIONAL,PROMOCIONAL
34288,CALCA PROMOCIONAL,PROMOCIONAL
34289,CAMISETA MASC M/M DE ALGODAO.ALEGAM.MJAR,ALEGAM
34290,CAMISETA MASC M/L LISA DE ALGODAO.ALEGAM.MJAR,ALEGAM
34291,CONJ MOLETOM BLUSAO MGS LGA SILK DET CALCA CAD POMPOM.INFAPR,BOCHECHINHA
34292,BLUSAO MGA LGA PELO CARNEIRINHO APLIQUE CORACAO.INFAPR,BOCHECHINHA
34293,BL. MGA LGA COTTON BASICA C/ PLAQUINHA.INFASL,BOCHECHINHA
34294,CALCA MOLETOM BOLSOS CAD. COLOR.INFAPR,BOCHECHINHA
34295,CALCA LEGGING PELUCIADA PLUS SIZE .FPSL,MINHA ESTAMPA
34296,BLUSAO FEM DE VISCOSE C/BOTOES PLUS SIZE .STYLLO UNICO,STYLLO ÚNICO
34297,CALCINHA BIA RENDA BICOLOR .FIPR,ROBERTA FRIBURGO
34298,CALCINHA BIA RENDA .FIPR,ROBERTA FRIBURGO
34299,CALCA MOLETOM BOLSOS CAD.INFOPR,BOCHECHINHA
34300,CASACO MOLETOM ZIPER CAPUZ DET LISTRA.INFOPR,BOCHECHINHA
34301,CALCA MOLETOM BOLSO CARGO CAD.INFOPR,BOCHECHINHA
34302,CONJ MOLETOM RECORTE SILK.INFOPR,BOCHECHINHA
34303,CAMISA MGA LGA REGLAN SILK C/ RELEVO MM.INFOPR,BOCHECHINHA
34304,CALCA MOLETOM BOLSOS CAD. COLOR.JUVAPR,BOCHECHINHA
34305,BLUSA CROPPED MOLETOM MGA LGA BORD.JUVAPR,BOCHECHINHA
34306,CALCA MOLETOM NERVURA WIDE.JUVAPR,BOCHECHINHA
34307,BLUSA CROPPED MGA LGA SILK COTTON.JUVAPR,BOCHECHINHA
34308,CALCA MOLETOM GARGO.JUVAPR,BOCHECHINHA
34309,CALCA MOLETOM BOLSOS CAD.JUVOPR,BOCHECHINHA
34310,CALCA MOLETOM BOLSO CARGO CAD.JUVOPR,BOCHECHINHA
34311,CAMISETA MGA LGA REGLAN SILK PUFF.JUVO,BOCHECHINHA
34312,JAQUETA JEANS SKY BREACH LAVAGEM CLARA.INFOPR,LOTUS
34313,JAQUETA JEANS SKY BREACH LAVAGEM ESCURA.JUVOPR,LOTUS
34314,PIJAMA SHORT BLUSA MGA CTA SUEDE ESTAMPADA.INFASL,ALEGAM
34315,PIJAMA CALCA BLUSA MGA CTA SUEDE ESTAMPADA.INFASL,ALEGAM
34316,PIJAMA SHORT BLUSA MGA CTA SUEDE ESTAMPADA.JUVASL,ALEGAM
34317,PIJAMA CALCA BLUSA MGA CTA SUEDE ESTAMPADA.JUVASL,ALEGAM
34318,CAMISETA MASC TEXTURIZADA GOLA REDONDA.MJMS,YENDS
34319,CAMISETA MASC TRICOT TEXTURIZADA.MJMS,YENDS
34320,CAMISETA MASC TEXTURIZADA.MJMS,YENDS
34321,CAMISA MASC POLO TEXTURIZADA.MCPR,YENDS
34322,PIJAMA MANGA LONGA ESTAMP SUEDE.INFASL,KAFA
34323,JAQUETA JEANS BOLSOS.JUVAPR,REVERT JEANS LTDA
34324,CALCA JEANS WIDE LEG CARGO.JUVAPR,REVERT JEANS LTDA
34325,BERMUDA MODELADORA PLUS SIZE ART INTIMA .FIPR,ART ÍNTIMA
34326,CALCINHA SEM COSTURA BASIC PLUS SIZE .TEXTIL BRASIL,TEXTIL BRASIL
34327,SUTIA S COSTURA BASIC PLUS SIZE TEXTIL BRASIL.FIPR,TEXTIL BRASIL
34328,CALCOLA IMPORTADA BASIC PLUS SIZE.FIPR,TEXTIL BRASIL
34329,MACAQUINHO BABADO.FJPR,AGTEX
34330,JAQUETA FAKE COURO COM BOTAO.FJPR,AGTEX
34331,VESTIDO LONGO ALCINHO CADARCO COM FLOR.FJPR,AGTEX
34332,VESTIDO CANELADO MIDI GOLA ALTA C/ FENDA.FJPR,AGTEX
34333,JAQUETA FAKE COURO COM ZIPER.FJPR,AGTEX
34334,BLUSA BABADO.FJPR,AGTEX
34335,BLUSA MG CURTA GOLA CARECA.FJSL,LINDA BELLA
34336,BLUSA TULE MG LONGA GOLA CARECA.FJSL,LINDA BELLA
34337,BLUSA TULE MG LONGA GOLA ALTA.FJSL,LINDA BELLA
34338,CALCA LEGGING PELUCIADA REGULAR.FJPR,MORENA FLOR
34339,CALCA LEGGING PELUCIADA PLUS.FJPR,MORENA FLOR
34340,SUTIA SEM BOJO ALCA .FISL,ROBERTA FRIBURGO
34341,BLUSAO MOLETOM FEM C/ FRISO REGLAN.FJSL,LEASH
34342,CALCA FEM MOLETOM C/ FRISO.FJSL,LEASH
34343,BLUSAO FEM MOLETOM TEAM JESUS.FJSL,LEASH
34344,BLUSA FEM MG LG LANZINHA CANEL.FJSL,LEASH
34345,CALCA FLARE LANZINHA CANELADA.FJSL,LEASH
34346,T-SHIRT FEM BCA SILK PEIXE.FJSL,LEASH
34347,T-SHIRT FEM BCA SILK LOVE LISTRA.FJSL,LEASH
34348,T-SHIRT FEM PTA SILK LOVE MONIGHT ROSE.FJSL,LEASH
34349,T-SHIRT FEM SILK USA.FJSL,LEASH
34350,T-SHIRT FEM OVER BCA SILK CITRIC.FJSL,LEASH
34351,T-SHIRT FEM OVER DOCE DE LEITE SILK FLORES.FJSL,LEASH
34352,PIJAMA MANGA LONGA SILK CALCA ESTAMP.INFOSL,KAFA
34353,PIJAMA MANGA LONGA SILK CALCA ESTAMP.INFOSL,KAFA
34354,PIJAMA MANGA LONGA SILK CALCA ESTAMP.INFASL,KAFA
34355,JAQUETA MASC PLUS SIZE BOBOJACO.MPPR,SEA BRAZIL
34356,ESCOVA RETANGULAR PEQUENA COLECAO CARTA DE AMOR.AAFS,ESCOBEL
34357,ESCOVA RETANGULAR PEQUENA COLECAO MEU LANCHINHO.AAFS,ESCOBEL
34358,ESCOVA RETANGULAR PEQUENA COLECAO ROSA POP.AAFS,ESCOBEL
34359,ESCOVA OVAL PEQUENA COLECAO CARTA DE AMOR.AAFS,ESCOBEL
34360,ESCOVA OVAL PEQUENA COLECAO MEU LANCHINHO.AAFS,ESCOBEL
34361,ESCOVA OVAL PEQUENA COLECAO ROSA POP.AAFS,ESCOBEL
34362,ESCOVA EVOLUIR.ASFS,ESCOBEL
34363,ESCOVA YARA.AAFS,ESCOBEL
34364,ESCOVA OLIMPIA.AAFS,ESCOBEL
34365,ESCOVA MINI DE BOLSA.AAFS,ESCOBEL
34366,KIT 4 ELASTICOS DE TECIDO.AAFS,ESCOBEL
34367,SCRUNCHIE DE VELUDO C/3.AAFS,ESCOBEL
34368,PIRANHA MINI LUA.AAFS,ESCOBEL
34369,PIRANHA MINI RETANGULAR.AAFS,ESCOBEL
34370,PIRANHA MINI OVAL.AAFS,ESCOBEL
34371,PIRANHA MINI RETANGULAR II.AAFS,ESCOBEL
34372,PRESILHA PARA CABELO.AAFS,ESCOBEL
34373,PREGADEIRA BASIC RETANGULAR.AAFS,ESCOBEL
34374,BLUSA MANGA LONGA UM OMBRO SO ESTAMP.AME-SE.FJPR,AME -SE
34376,PIJAMA CALCA URSINHO.FIPR,KAFA
34377,PIJAMA CALCA ESTAMPADO XADREZ.FIPR,KAFA
34378,CARDIGAN SUEDE COM PUNHO.FCSL,FLOR DE PAULA
34379,VESTIDO M/M ESTAMPADO GOLA CARECA.LJPI,GLOSS MODA
34380,VESTIDO TUBINHO M/M PLUS ESTAMP.LJPI,GLOSS MODA
34381,REGATA ALCA FINA.LJPI,IRODRIGUES
34382,PIJAMA CALCA MANGA LONGA ESTAMPADO .FISL,MINHA ESTAMPA
34383,SWETER FEM GOLA V.FCSL,AYSHIT
34384,SWETER FEM GOLA V.FCSL,AYSHIT
34385,BLUSA FEM M/M CIGANA BABADOS.FJPR,AYSHIT
34386,SUETER MASC GOLA V.MCAR,ANJUU
34387,BLUSAO MASC MOLETOM 1/2 ZIPER.MCSL,LEASH
34388,CONJ MOLETOM CAS. ZIPER SILK LONDON.INFOPR,SEA BRAZIL
34389,JAQUETA FEM CROPPED MOLETOM 1/2 ZIPER.FJSL,VASPAC
34390,CALCA FEM MOLET CARGO.FJSL,VASPAC
34391,CALCA FEM MOLET RETA COM BOLSO.FJSL,VASPAC
34392,CALCA MASC JEANS BLACK.AMERICA DO SUL.MEMS,AMERICA DO SUL
34393,CALCA MASC JEANS.AMERICA DO SUL.MEMS,AMERICA DO SUL
34394,VEST M/C AMPLA POA VISCO C/ ACESS DE CABELO.INFA,PARADOXOS
34395,VEST CURTO VISCOLINHO M/C AMPLA POA.FCSL,PARADOXOS
34396,CALCA PANTALONA ESTAMPADA PLUS SIZE.FPPR,GRAZI MODAS
34397,CALCA COS VISCOLINHO RETA LISA PLUS SIZE .FPPR,GRAZI MODAS
34398,CALCA FEM MOD ALADIM.FJPR,ANJUU
34399,CALCA FEM BOLSO FAIXA.FJPR,ANJUU
34400,MACAQUINHO SUPLEX,PIRAÍ
34401,MACAQUINHO SUPLEX,PIRAÍ
34402,CALCA PANTALONA ANGORA.FPSL,NILKAMP
34403,BLUSA GOLA ALTA ANGORA.FPSL,NILKAMP
34404,BLUSA MANGA LONGA ANGORA.FPSL,NILKAMP
34405,BLUSA M/C RIBANA BAS.INFASL,BY GUIGA
34406,BLUSA MGA LGA BAS.INFASL,BY GUIGA
34407,BLUSA FEM M/C TRICO DEC V C/ BOTAO.FJPR,YUNEE
34408,BODY MALHA CANELADA BOTOES.FJPR,YUNEE
34409,BLUSA CROPPED C/ APLICACAO FTE.FJSL,YUNEE
34410,BERMUDA MASC CARGO MICROFIBRA C/ELASTANO.MJAR,LEVI IMPORTADOS / OUMENGKAI
34411,CALCA MASC JOGGER CARGO MICROFIBRA C/ELASTANO.MJAR,LEVI IMPORTADOS / OUMENGKAI
34412,SAIA MIDI FAKE COURO FENDA ATRAS.FCPR,FOUR SEASONS
34413,CALCA FAKE COURO FIVE POCKET.FJPR,FOUR SEASONS
34414,CALCA FEM FLARE.FCAR,LEVI IMPORTADOS / OUMENGKAI
34415,CALCA LEGGING C/FRISO E BOLSO.FJAR,LEVI IMPORTADOS / OUMENGKAI
34416,CALCA FEM JOGGER MOLETOM CARGO.FJAR,LEVI IMPORTADOS / OUMENGKAI
34417,BLUSA FEM TRICO MODAL GOLINHA.FCSL,FELICIA
34418,BLUSA FEM S/M TRICO MODAL GOLINHA.FJPR,OULUSHA
34419,BLUSA FEM TRICO MODAL PUNHO BARRA.FJPR,OULUSHA
34420,BLUSA FEM TRICO MODAL PUNHO BARRA.FCPR,OULUSHA
34421,CALCA MASC TACTEL PLUS.MPAR,ROTA DA ONDA
34422,BLUSA CANELADA VIVO.LJPI,ONLLEY
34423,BLUSA MG LONGA SEGUNDA PELE.LJPI,ONLLEY
34424,CALCA PANTALONA COM BOLSO.LJPI,ONLLEY
34425,TOP BASICO CANELADO BRILHOSO PLUS. FEPR,LIDERY
34426,LEGGING BASICA CANELADO BRILHOSO PLUS. FEPR,LIDERY
34427,SHORT BASICO CANELADO BRILHOSO PLUS. FEPR,LIDERY
34428,CONJUNTO LORE.FIPR,TOQUE SECRETO
34429,CONJUNTO EMELLLY.FIPR,TOQUE SECRETO
34430,CONJUNTO MELISSA.FIPR,TOQUE SECRETO
34431,CALCINHA MARCEL RENDA.FIPR,TOQUE SECRETO
34432,CALCINHA FRAN.FIPR,TOQUE SECRETO
34433,VEST MGA 3/4 AMPLA LISO VISCOSARJA.JUVAPR,PARADOXOS
34434,BL MGA 3/4 BABADO LIDO.JUVAPR,PARADOXOS
34435,CALCA JOGGER CARGO SARJADO LISO.JUVAPR,PARADOXOS
34436,BLUSA MGA 7/8 EST. VISCOLINHO.JUVAPR,PARADOXOS
34437,VEST MGA 3/4 VISCOLINHO.JUVAPR,PARADOXOS
34438,VEST MGA 3/4 AMPLA EST.INFAPR,PARADOXOS
34439,BLUSA MGA 3/4 AMPLO LISO.INFAPR,PARADOXOS
34440,BLUSA MGA LGA EST.INFAPR,PARADOXOS
34441,CALCA CO ELAST CARGO LISO.INFAPR,PARADOXOS
34442,CALCA MOLETINHO.LJPI,IRODRIGUES
34443,VESTIDO ESTAMPADO BUFANTE FPPR,GRAZI MODAS
34444,VESTIDO LISO VIES VICOLYCRA .FPPR,GRAZI MODAS
34445,VESTIDO REGATA VIES VISCOLYCRA .FPPR,GRAZI MODAS
34446,KIT CALCINHA 2 CORES.FIAR,J COLOUR
34447,BLUSA ABERTURA LATERAL VISCOLINHO .FPPR,GRAZI MODAS
34448,CALCA SARJADA C/ELAST FIVE POCKET.FCPR,OULUSHA
34449,CONJ FEM SHORT/CAMISA M/C.FJPR,OULUSHA
34450,CALCA MOLETIM PLUS SIZE.FPSL,ONLLEY
34451,BLUSA ESTAMPADA PLUS SIZE.FPSL,ONLLEY
34452,CALCA FEM PANTAL. C/ BOLSO ELAST CINT.FJPR,OULUSHA
34454,TOP PLUS FEM C/ BOJO.FPSL,SEA SURF
34455,CHAMISE LISA MANGA 3/4. STYLLO UNICO. FCSL,STYLLO ÚNICO
34456,MACAQUINHO POLIAMIDA ALCA LARGA. FFPR,BAIYI
34457,MACAQUINHO POLIAMIDA C/ ZIPER. FFPR,BAIYI
34458,TI / EQUIPAMENTO DE INFORMATICA,FINA ESTAMPA
34459,TI / INFORMATICA ( EQUIPAMENTOS),FINA ESTAMPA
34460,CAMISETAO.LJPI,ONLLEY
34461,BLUSA ALCA VISCOSE.LJPI,ONLLEY
34462,CALCA FLARE CANELADA.LJPI,ONLLEY
34463,BLUSA CANELADA VIVO.LJPI,ONLLEY
34464,BLUSA CANELADA PLUS.LJPI,ONLLEY
34465,REGATA GOLA.LJPI,AGTEX
34466,CALCA CANELADA COS ALTO.LJPI,AGTEX
34467,CALCINHA SEM COSTURA.LJPI,AGTEX
34468,BLUSA MANGA DUPLA DETALHE.LJPI,AGTEX
34469,VESTIDO.LJPI,AGTEX
34470,T-SHIRT PRETA MASC BAS ALGODAO PERUANO.MBSL,INOVA
34471,T-SHIRT BRANCO MASC BAS ALGODAO PERUANO.MBSL,INOVA
34472,T-SHIRT BEGE MASC BAS ALGODAO PERUANO.MBSL,INOVA
34473,T-SHIRT CINZA MED.MASC BAS ALGODAO PERUANO.MBSL,INOVA
34474,T-SHIRT MARINHO MASC BAS ALGODAO PERUANO.MBSL,INOVA
34475,BODY MG CURTA CANELADO.FJSL,AGTEX
34476,VESTIDO MIDI CANELADO GOLINHA.FJPR,AGTEX
34477,BLUSA SEM MG GOLINHA MAQUINETADA.FJSL,AGTEX
34478,CROPPED M/M C/ SILK.FJPR,SILK
34479,BERMUDA FITNESS SUPLEX LISA. FFBC,NILKAMP
34480,SHORT BEL FITNESS LISO. FFAR,NILKAMP
34481,BERMUDA SUPLEX LISA PLUS. FFBC,NILKAMP
34482,CALCA FITNESS PLUS SUPLEX LISA. FFAR,NILKAMP
34483,CALCA PANTALONA CARGO 2 BOLSOS SARJADO LISO. FJPR,STYLLO ÚNICO
34484,MACACAO LONGO EST M/M C/ BOLSO. FJPR,STYLLO ÚNICO
34485,BLUSA M/L CRUZADO VISCOLINHO EST. FJPR,STYLLO ÚNICO
34486,TOP FITNESS ALCA LARGA LISO . FFAR,SEMINAS
34487,SHORT FITNESS C/ BOLSO LATERAL. FFAR,SEMINAS
34488,CALCA JEANS WIDE LEG CARGO.JUVAPR,JUJU BANDEIRA
34489,JAQUETA FITNESS POLIAMIDA CANELADA.FFPR,AGTEX
34490,BL FEM M/M VISC LISTRADA C/ PUNHO.FJSL,AGTEX
34491,CALCA WIDE LEG BLACK JEANS CARGO.JUVAPR,JUJU BANDEIRA
34492,CALCA WIDE LEGSARJA PRETO CARGO.JUVAPR,JUJU BANDEIRA
34493,CALCA GRAFITE SKATE CARGO.JUVOPR,BOB BANDEIRA
34494,CALCA JEANS JOGGER CARGO.JUVOPR,BOB BANDEIRA
34495,CALCA CARGO BLACK.JUVOPR,BOB BANDEIRA
34496,COPO C/CANUDO INF.AASF,WINCY BRASIL
34497,FAIXA DE CABELO C/ VELCRO.AASF,WINCY BRASIL
34498,NECESSAIRE MASCULINA.AASF,WINCY BRASIL
34499,GUARDA CHUVA 72CM.AASF,WINCY BRASIL
34500,GARRAFA BOTTLE ALUMINIO 600ML.AASF,WINCY BRASIL
34501,GARRAFA SQUEEZE SPRINT.AASF,WINCY BRASIL
34502,BUZINA DE PLASTICO BRASIL.AASF,WINCY BRASIL
34503,CORNETA BRASIL.AASF,WINCY BRASIL
34504,PORTA ESCOVA / PASTA DE DENTE,WINCY BRASIL
34505,PRENDEDOR DE EMBALAGEM C/ 4 PECAS,WINCY BRASIL
34506,CHAVEIRO DE CEREJA VERMELHO.AASF,QUALIS IMPORTADOS
34508,NECESSAIRE C/ ALCA.AASF,QUALIS IMPORTADOS
34509,GUARDA CHUVA ESTAMPADO.AASF,QUALIS IMPORTADOS
34510,SHORT CINTO FIVELA.LJPI,AGTEX
34511,JAQUETA JEANS.LJPI,MAZINHO
34512,CALCA FEM JEANS CIGARRETA NICK.LJPI,MAZINHO
34513,CALCA FEM CARGO CARUARU.LJPI,MAZINHO
34514,TOALHA DE BANHO ISTAMBUL.LJPI,MAZINHO
34515,TOALHA DE ROSTO LINEA.LJPI,MAZINHO
34516,KIT MEIA CURTO SORTIDA FEM.LJPI,MAZINHO
34517,KIT MEIA MASC CURTO CONFORTO 39/43.LJPI,MAZINHO
34518,KIT MEIA INVISIVEL SORTIDA MASC BASICO.LJPI,MAZINHO
34519,CALCA FEM JOGGER MOLETINHO.FJSL,3RR
34520,SHORT FEM MOLETINHO BOLSO.FJSL,3RR
34521,CASACO FEM CROPPED C/ CAPUZ.FJSL,3RR
34522,CASACO FEM CANGURU C/ CAPUZ.FJSL,3RR
34523,CALCOLA IMPORTADA PLUS SIZE.FIPR,SEA BRAZIL
34524,REGATA.LJPI,DONA SOCORRO
34525,CASACO C/ ZIPER.LJPI,DONA SOCORRO
34526,BERM CARGO SARJA C/ ESTALATANO.MJPR,SEA BRAZIL
34527,CAMISA POLO POLIAMIDA C/ ELAST BOTOES.MJPR,SEA BRAZIL
34528,CAMISA POLO POLIAMIDA C/ESLAST 3 BOTOES.MJPR,SEA BRAZIL
34529,CALCA MASC POLIEST/ELASTANO E VISCOSE.MCPR,SEA BRAZIL
34530,T-SHIRT MG LG DRY POLIAM C/ESLAST.MJPR,SEA BRAZIL
34531,SHORT MASC POLIESTER C/ ELASTANO E BOLSO.MJSL,SEA BRAZIL
34532,T-SHIRT MASC DRY POLIAM C/ ELAST.MJSL,SEA BRAZIL
34533,T-SHIRT MASC DRY POLIAM C/ ELAST.MJSL,SEA BRAZIL
34534,SHORT MASC POLIEST C/ ELAST E BOLSO.MJSL,SEA BRAZIL
34535,CAMISA POLO FEM ALG C/ ELAST.FJPR,SEA BRAZIL
34536,CALCA FEM LEGGING 2 BOTOES COS.FJAR,LEVI IMPORTADOS / OUMENGKAI
34537,SUETER FEM GOLA CARECA.FCSL,FELICIA
34538,CARDIGAN FEM DECOTE V.FCSL,MIMI
34539,TOP S/MGA LISA/LISTRADO POLI.IMP.JUVAPR,TEXTIL BRASIL
34540,TOP GOLA ALTA S/MGA LISA POLI IMP.JUVAPR,TEXTIL BRASIL
34541,CALCINHA ALGODAO LISA E ESTAMP COS ELAST.JUVABC,i9 Modas & Confecção
34543,CUECA BOXER ALGODAO LISO.JUVOBC,i9 Modas & Confecção
34544,CUECA SLIP ALGODAO.INFOBC,i9 Modas & Confecção
34546,BLUSA FEM VISCOLYCRA LISTRADA.FJSL,RAPHAEL
34548,CONJUNTO BOJO ESTRUTURADO ACETINADO.FIPR,MINHA ESTAMPA
34549,CONJUNTO BOJO DRAPEADO.FIPR,MINHA ESTAMPA
34550,BLUSA FEM MG/LG TERM.FC SL,SEA SURF
34551,CALCA PANTALONA LISA C/ BOLSO. AIDI. FCAR,AIDI
34552,CALCA LINHAO.FPPR,AGTEX
34553,CONJUNTO SENSORIAL.FPPR,AGTEX
34554,BLUSA S/M MODAL C/ GOLA,AGTEX
34555,BLUSA MODAL GOLA REDONDA C/ DETALHES,AGTEX
34556,BLUSA FEM TRICOT C/ DETALHES S/M,AGTEX
34557,BODY TULE ESTAMPADO C/ GOLA.FJPR,AGTEX
34558,BLUSA FEM MODAL GOLA REDONDA,AGTEX
34559,BLUSA FEM M/M MODAL,AGTEX
34560,BODY TULE ONCA.FJPR,AGTEX
34561,CALCA SENSORIAL C/ ELASTICO,AGTEX
34562,BODY TULE LISO C/ GOLA.FJPR,AGTEX
34563,BLAZER SENSORIAL C/ PREGA,AGTEX
34564,CONJUNTO CALCA E BLUSA ALCA,AGTEX
34565,CONJUNTO SHORT E BLUSA ALCA,AGTEX
34566,JAQUETA C/ ZIPER FITNESS POLIAMIDA.FFPR,AGTEX
34567,CONJUNTO CALCA E BLUSA M/M,AGTEX
34568,CONJUNTO COLETE E SHORT,AGTEX
34569,TRENCH COAT C/ CINTO,AGTEX
34570,TOP POLIAMIDA.FFPR,AGTEX
34571,CORTA VENTO.FFPR,AGTEX
34572,CALCA FEM PANTALONA SENSORIAL C/ NERVURA,AGTEX
34573,SHORT FEM SENSORIAL C/ ELASTICO,AGTEX
34574,MACAQUINHO POLIAMIDA.FFPR,AGTEX
34575,SHORT ALFAIATARIA C/ CINTO,AGTEX
34576,CALCINHA LISA/ESTAMP. COTTON ELAST. POP.INFASL,CORREIA E COSTA CONFECÇÕES
34577,MACAQUINHO ALCA FINA CANELADO IMPORTADO. FFAR,SCHUMACHER
34579,CALCA FEM FLAIRE MALHA CANELADA.FJSL,TNM
34580,CUECA BOXER LISO MICROFIBRA CALVIN ART.JUVOBC,RODRIGO MINEIRO
34581,CALCA FEM JOGGER C/ ELAST.FJSL,3RR
34583,BLUSA FEM MG LGA PELINHO.FJSL,ABUSADA FASHION
34584,CALCA DUNA PLUS SIZE.FPSL,STYLLO ÚNICO
34585,SHORT DUNA PLUS SIZE.FPSL,STYLLO ÚNICO
34586,JAQUETA FITNESS POLIAMIDA LISA.FFSL,AGTEX
34587,NIPLLE SILICONE TAPA CEIO,GABRIEL CAMP
34588,BOLSA D MINI C/ CORRENTE,GABRIEL CAMP
34589,BLUSA MANGA LONGA VISCOLYCRA.FPSL,ONLLEY
34590,REGATA PLUS LISA.FPSL,ONLLEY
34591,BLUSA MANGA DOBRADA CANELADA.FPSL,ONLLEY
34592,CALCA JOGGER LANZINHA.FPSL,ONLLEY
34593,KIT ESPONJA C/ 9,GABRIEL CAMP
34594,ADESIVO DE ACNE CORACAO,GABRIEL CAMP
34595,CALCA FEM JOGGER MOLETOM.FJSL,YUNIK
34596,CALCA FEM RETA MOLETOM.FJSL,YUNIK
34600,BLUSA MC VISCOSE ESTAMPADA GOLA SANFONADA.FCSL,DRESS
34601,CALCA MOLETOM BASICO.JUVASL,GELIO
34602,CALCA MOLETOM BASICO.JUVOSL,GELIO
34603,CALCA MOLETOM BASICO.INFASL,GELIO
34604,CALCA MOLETOM BASICO.INFOSL,GELIO
34605,BL TERMICA MGA LGA LISA.JUVASL,SEA SURF
34606,BL TERMICA MGA LGA LISA.INFASL,SEA SURF
34607,BL TERMICA MGA LGA LISA.INFOSL,SEA SURF
34608,BL TERMICA MGA LGA LISA.JUVOSL,SEA SURF
34609,JAQUETA FORRO SHERPA.INFOPR,SEA SURF
34610,JAQUETA PUFFER.JUVAPR,SEA SURF
34611,CALCA BALLON.FEPR,EVIDENCE
34612,CALCA WIDE LEG MARROM.FEPR,EVIDENCE
34613,CALCA WIDE LEG GRAFITE.FEPR,EVIDENCE
34614,CALCA WIDE LEG CLARA.FEPR,EVIDENCE
34615,CALCA DRY RECORTE LISTRA LATERAL.INFOPR,SEA SURF
34616,CALCA DRY LISTRA LATERAL.INFOPR,SEA BRAZIL
34618,CALCA MOLETOM MASC C/ BOLSO BAS.MJSL,GELIO
34619,BL CROPPED CANELADA MG LG GOLA ALTA.FJSL,ALEGAM
34620,BLUSA M/M DRY FITNESS. FFAR,DAISA
34621,SUTIA BOJO ALCA REGULAVEL.FIPR,J COLOUR
34622,T-SHIRT MASC DRY M/M.MJSL,DAISA
34623,T-SHIRT MASC PLUS DRY M/M.MPSL,DAISA
34624,MEIA PANTUFA MASC ANTIDERRAPANTE. AASF,BAIYI
34625,BLUSA M/M DRY FITNESS PLUS. FFAR,DAISA
34626,CALCA MASC CARGO KAKI PLUS. MPCPR,MAX DENIM
34627,BERMUDA MASC. CARGO KAKI JOVEM. MJPR,MAX DENIM
34628,BERMUDA MASC CARGO KAKI PLUS. MPPR,MAX DENIM
34629,TOP RAIZ.FFPR,LIDERY
34630,SHORT RAIZ.FFPR,LIDERY
34631,LEGGING RAIZ COS COM BOLSO.FFPR,LIDERY
34632,TOP SINGULAR.FFPR,LIDERY
34633,SHORT SINGULAR.FFPR,LIDERY
34634,LEGGING SINGULAR.FFPR,LIDERY
34635,TOP ALCINHA C/ VIES .FFPR,LIDERY
34636,TOP CICLO.FFPR,LIDERY
34637,SHORT CICLO.FFPR,LIDERY
34638,LEGGING CICLO.FFPR,LIDERY
34639,TOP BASICO CORES.FFPR,LIDERY
34640,SHORT BASICO CORES.FFPR,LIDERY
34641,CALCA LEGGING CORES.FFPR,LIDERY
34642,CORTINA SORTIDA 2.60MX1.70M.AASF,BELLA JANELA
34643,BLUSA FEM LISTRADA M/M JAPONESA.FCAR,AGTEX
34645,CALCA JEANS RETA OFF WHITE. FEMS,CITY JEANS
34646,CALCA JEANS RETA BLACK. FEMS,CITY JEANS
34647,LEGGING PELUCIADA.FJSL,FLOR DE PAULA
34648,BERMUDA ELASTANO MASC. MJAR,VSPORT
34649,SHORT ELASTANO MASC. MJAR,VSPORT
34650,BERMUDA TACTEL POLIESTER MASC. MJAR,VSPORT
34653,CAMISA DE TULE M/M FEM,DELLA SPIGA
34657,BLUSA DELEGADA MG CURTA LISA.FCSL,REAÇÃO BRASIL
34658,CALCA MASC SARJA RETA. MESL,ARIES
34659,CALCA MASC JEANS. MESL,ARIES
34660,CALCA MASC JEANS RETA. MESL,ARIES
34661,CALCA MASC JEANS RETA. MESL,ARIES
34662,CALCA MASC PLUS SARJA RETA MPSL,ARIES
34663,CALCA MASC PLUS JEANS RETA MPSL,ARIES
34664,CALCA MASC PLUS JEANS RETA MPSL,ARIES
34665,CALCA MASC PLUS JEANS RETA,ARIES
34666,CALCA JEANS FEM PLUS WIDELEG OFF WHITE.FEPR,MAX DENIM
34667,CALCA WIDE LEG BLACK CARGO.FEPR,MAX DENIM
34668,CALCA RETA CLARA.FEPR,MAX DENIM
34669,CALCA WIDE LEG PLUS ESCURA.FEPR,MAX DENIM
34670,CALCA WIDE LEG PLUS CLARA.FEPR,MAX DENIM
34671,CALCA FEM JEANS BARREL. FEPR,OPTIMIST JEANS
34672,BLUSA MEIA MANGA GOLA REDONDA. FCSL,JACKSNIPE
34673,BLUSA CANELADA MULLET MEIA MANGA LISA.FCPR,JACKSNIPE
34674,CALCA PANTALONA TRICO.FCSL,JACKSNIPE
34675,CALCA FEM SARJA BARREL GRAFITE. FEPR,OPTIMIST JEANS
34676,CALCA MOLETOM JEANS C/ CORDAO.TJ,OUMENGKAY
34677,SHORTS MOLETOM JEANS C/ CORDAO.TJ,OUMENGKAY
34678,BLUSA M/M RECORTE SUPERIOR.TJ,OUMENGKAY
34679,CROPPED M/M CANELADO.TJ,3RD
34680,BLUSA M/M ASSIMETRICA C/NERVURA.FJSL,JACKSNIPE
34681,CROPPED M/M CANELADO.TJ,3RD
34682,BLUSA MEIA MANGA LISA. FCSL,JACKSNIPE
34683,CALCA FEM JEANS WIDE LEG ESTONADA . FEPR,OPTIMIST JEANS
34684,CALCA TRICO CANELADA PANT. FJPR,JACKSNIPE
34685,BLUSA LISA M/M.TJ,3RD
34686,CALCA FEM JEANS BARREL OFF WHITE. FEPR,OPTIMIST JEANS
34687,JAQUETA PARKA CROPPED C/ CAPUZ E BOLSO.TJ,3RD
34688,JAQUETA ESTRUTURADA COM BOTOES.FJPR,FOUR SEASONS
34689,CALCA MOLETOM RETA C/ FRISO.TJ,3RD
34690,CALCA SKINNY MONTRAL C/ BOTAO.TJ,YUNEE
34691,JAQUETA COM ZIPER E COLARINHO. FJPR,FOUR SEASONS
34692,CONJUNTO LISTRADO MANGA LONGA.FJPR,FOUR SEASONS
34693,BLUSA BASICA MANGA TRANCADA.TJ,YUNEE
34694,CONJUNTO FEM VISCOLINHO CALCA/BLUSA M/L. FCPR,FOUR SEASONS
34695,BLUSA TRICOT MANGA LONGA.TJ,YUNEE
34696,CONJUNTO FEM VISCOLINHO SHORT/BLUSA M/L.FCPR,FOUR SEASONS
34697,CALCA SKINNY ALFAITARIA COM CINTO.FCPR,FELICIA
34698,SHORT FEM JEANS MARROM. FEPR,OPTIMIST JEANS
34699,CALCA PANTALONA ALFAIATARIA COM CINTO.FCPR,FELICIA
34700,BLUSA TRICOT POLO MANGA LONGA C/ BOTAO.TJ,YUNEE
34701,SHORT FEM JEANS AREIA. FEPR,OPTIMIST JEANS
34702,CALCA CENOURA COS ALTO COM CINTO.FJPR,FELICIA
34703,SHORT FEM JEANS ESTONADO. FEPR,OPTIMIST JEANS
34704,SHORT FEM JEANS CLARO. FEPR,OPTIMIST JEANS
34705,BLUSA BASICA MANGA BORDADA.TJ,YUNEE
34706,BLUSA MANGA LONGA GOLA ALTA. FCPR,OULUSHA
34707,JAQUETA TRICOT LISTRADA C/ CAPUZ.TJ,YUNEE
34708,BLUSA M/M GOLA REDONDA. FCPR,OULUSHA
34709,BLUSA MANGA LONGA GOLA REDONDA.FCPR,OULUSHA
34710,CAMISA FEM CASUAL COM BOTOES. FCPR,OULUSHA
34711,CASACO COM ZIPER COLARINHO.FJPR,OULUSHA
34712,CASACO TRICO COM ZUPER.FCPR,OULUSHA
34713,CASACO TRICO COM ZIPER BICOLOR.FJPR,OULUSHA
34714,BLUSA M/M GOLA CARECA. FCPR,OULUSHA
34715,BLUSA GOLA ALTA TRICO. FCPR,OULUSHA
34716,CALCA FEM CENOURA COM BOLSO.FJPR,OULUSHA
34717,CALCA PANTALONA CANELADA COM BOLSO.FCPR,OULUSHA
34718,CALCA PANTALONA SOCIAL.FCPR,OULUSHA
34719,JAQUETA BOMBER. FJPR,OULUSHA
34720,BLAZER SOCIAL VERSATIL. FCPR,OULUSHA
34721,CALCA SOCIAL VERSATIL. FCPR,OULUSHA
34722,CALCA BLACK JEANS BALLONN.JUVAPR,JUJU BANDEIRA
34723,CALCA FEM PLISSADA. FCPR,JEZZIAN
34724,CALCA BLACK JEANS CARGO BALLONN.JUVAPR,JUJU BANDEIRA
34725,CALCA WIDE LEG JEANS CLARO.JUVAPR,JUJU BANDEIRA
34726,CALCA JEANS ESCURO FLARE.JUVAPR,JUJU BANDEIRA
34727,CALCA JEANS CLARO WIDE LEG.INFAPR,JUJU BANDEIRA
34728,CALCA JEANS CLARO WIDE LEG CARGO.INFAPR,JUJU BANDEIRA
34729,CALCA FEM PANTALONA TEXTURIZADA. FCPR,JEZZIAN
34730,CALCA BLACK JEANS CARGO.INFAPR,JUJU BANDEIRA
34731,BLUSA MEIA MANGA MODAL.FCPR,FOUR SEASONS
34732,BLUSA MODAL OMBRO VAZADO.FCPR,FOUR SEASONS
34733,SHORT FEM LISTRADO C/ BOTOES. FCPR,JEZZIAN
34734,CAMISA FEM M/L LISTRADA C/ BOTOES. FCPR,JEZZIAN
34735,BLUSA MEIA MANGA GOLA V TRABALHADA.FCPR,FOUR SEASONS
34736,CAMISA FEM M/L LISTRADA C/ BOLSO. FCPR,JEZZIAN
34737,CALCA FEM FITNESS SUNKISSED. FFPR,LIDERY
34738,MACAQUINHO VIVO FITNESS. FFPR,LIDERY
34739,BLUSA MC LISA GOLA REDONDA.FCPR,JACKSNIPE
34740,SHORT CANELADO IMPORTADO. FFAR,AIDI
34741,CONJ TOP ALCA LARGA E SHORT . FFPR,AIDI
34742,CALCA FEM FITNESS S/ COSTURA. FFPR,AIDI
34743,CONJ FITNESS TOP ALCA FINA C/ BOJO E BERMUDA. FFPR,AIDI
34744,SHORT MODELADOR CINTURA ALTA.TJ,BAIYI
34745,CONJUNTO LEGGING E TOP CANELADO.TJ,BAIYI
34746,CONJ TOP/SHORT POLIAMIDA.TJ,BAIYI
34747,SHORTS CANELADO COS V C/ BOLSO.TJ,BAIYI
34748,BLUSA TULE M/M TIRA COSTA.TJ,LINDA BELA
34749,SHORT DOOL VISCOLYCRA.TJ,LINDA BELA
34750,SHORT DOOL CANELADO RENDA.TJ,LINDA BELA
34751,CAMISOLA M/M SUEDE.TJ,LINDA BELA
34752,CALCA JEANS BALLON CARGO.JUVOPR,BOB BANDEIRA
34753,CALCA BLACK JEANS BALLONN CARGO.JUVOPR,BOB BANDEIRA
34754,CALCA JEANS CLARO SKATE CARGO.INFOPR,BOB BANDEIRA
34755,CALCA JEANS CARGO.INFOPR,BOB BANDEIRA
34756,TOP FITNESS MODELOS VARIADOS. FFBC,STAR FIT
34757,CALCA FEM LEGGING C/FRISO FTE.FJSL,LEVI IMPORTADOS / OUMENGKAI
34758,CALCA FEM MOM VELUDO COTELE.FJPR,OULUSHA
34759,SUETER FEM MODAL GOLINHA.FCSL,OULUSHA
34760,BERMUDA MASC SARJA COS ELASTICO MCPR,TBT
34761,CONJUNTO OCEANO.FIPR,TOQUE SECRETO
34762,CONJUNTO AMELIA.FIPR,TOQUE SECRETO
34763,CONJUNTO MALU.FIPR,TOQUE SECRETO
34764,CAMISOLA NAELLY.FIPR,TOQUE SECRETO
34765,CAMISOLA COM BOJO.FIPR,TOQUE SECRETO
34766,MACAQUINHO POLIMIADA BICOLOR. FFPR,AGTEX
34767,CAMISETA MASC PLUS SIZE MM. MPPR,G91
34768,MACACAO POLIMIADA DECOTE QUADRADO. FFPR,AGTEX
34769,CAMISETA MASC SUEDINE PLUS SIZE. MPPR,G91
34770,CAMISA POLO MASC PLUS SIZE MM. MPPR,G91
34771,CAMISA MASC CREPE PLUS SIZE MPPR,G91
34772,CAMISA MASC TEXTURIZADA MCPR,G91
34773,CAMISA MASC PIQUET MCPR,G91
34774,CAMISA MASC FLAME MCPR,G91
34775,CAMISETA MASC BOXY MJPR,G91
34776,REGATA CANELADA C/ VIES. FJAR,AGTEX
34777,REGATA BASICA CANELADA. FJAR,AGTEX
34778,CAMISETA MASC PLUS SIZE MPSL,PONTO DA CAMISETA
34779,CAMISOLA RENDA NOEMI PLUS SIZE.FIPR,TOQUE SECRETO
34780,CONJUNTO RENDA LIDIA PLUS SIZE.FIPR,TOQUE SECRETO
34781,CAMISETA MASC BOXY OVERSIZED MJPR,PLANNER CONFECÇOES
34782,CONJUNTO RENDA SUZY.FIPR,TOQUE SECRETO
34783,BABY DOLL WISLAINY.FIPR,TOQUE SECRETO
34784,HOBBY ANTONELLA PLUS SIZE.FIPR,TOQUE SECRETO
34785,HOBBY VIOLETA PLUS SIZE.FIPR,TOQUE SECRETO
34786,CAMISETA MASC AMPLA MJPR,PLANNER CONFECÇOES
34787,CAMISETA MASC BOXY MJPR,G91
34788,CAMISA MASC VISCOSE MCPR,ANJUU
34789,CAMISA MASC VISCOSE MCPR,ANJUU
34790,CALCA WIDE LEG.FEPR,TOP MAR JEANS
34792,SHORT MEDIO FEM JEANS.FEPR,TOP MAR JEANS
34793,CINTO CORRENTE VARIADOS. AASF,GABRIEL CAMP
34794,NECESSAIRE TRANSPARENTE WAHSBAG. AASF,GABRIEL CAMP
34795,CALCA FEM FLAIRE MALHA ANA RUGA.FJSL,MINHA ESTAMPA
34796,KIT PULSEIRA INF. AASF,GABRIEL CAMP
34797,CARTELA DE TIC TAC. AASF,GABRIEL CAMP
34798,CARTELA DE LACINHO INF. AASF,GABRIEL CAMP
34799,NECESSAIRE TRANSPARENTE BASICA. AASF,GABRIEL CAMP
34800,SAIA MID COM BABADO.FCPR,CHARME
34801,BERMUDA CARGO COM CINTO.FCPR,CHARME
34802,BLUSA REGATA GOLA V.FCPR,CHARME
34803,CUECA BOX MASC COTTON PENTEADO MIAR,MARCHE
34804,SHORT COM BOTAO E FRIZO.FCPR,CHARME
34805,SAMBA CANCAO MASC LIGANETE MISL,MARCHE
34806,BLUSA REGATA COM BOTOES.FCPR,CHARME
34807,CROPPED GOLA QUADRADA.FCPR,CHARME
34808,VESTIDO LONGO COM FENDA.FCPR,LOLA
34809,SAIA MID.FCPR,LOLA
34810,BLUSA MEIA MANGA COM BOTOES.FCPR,LOLA
34811,CAMISA MASC UV PLUS MPAR,JRA MARCELO
34812,CALCA PANTALONA COM AMARRACAO.FCPR,LOLA
34813,VESTIDO LONGO COM BOTOES E CINTO.FCPR,LOLA
34814,CALCA MASC SARJA CARGO MJPR,MC2
34815,CALCA MASC SARJA CARGO MJPR,MC2
34816,CALCA MASC SARJA CARGO MJPR,MC2
34817,CALCA MASC JEANS CARGO BARRA LARGA MJPR,MC2
34818,CONJUNTO BL BORD BERN MOL LISA.INFOSL,ANALE
34819,PIJAMA BL SILK BERMUDA EST MM.INFOSL,ANALE
34820,SHORT MOLETINHO LISO BAS.INFOSL,ANALE
34821,SHORT MOLETINHO LISO BAS.JUVOSL,ANALE
34824,SHORT COTTOON LISO CORDAO LUREX.JUVASL,ANALE
34825,PIJAMA MM BL MC SILK SHORT EST.JUVASL,ANALE
34826,CONJ COTTON REGATA BORD SHORT EST.JUVASL,ANALE
34828,CALCA LEGGING COTTON ESTAMPADO.INFASL,ANALE
34829,BERMUDA CICLISTA COTTON LISA.INFAMS,ANALE
34830,CONJ COTTON BL SILK SHORT LISO.INFASL,ANALE
34831,CONJ COTTON BL OMBRO VAZADO SH ESTAMP.INFASL,ANALE
34832,VESTIDO COTTON OMBRO VAZADO SILK.INFASL,ANALE
34833,SHORTS COTTON LISO CORDAO LUREX.INFASL,ANALE
34834,PIJAMA MM BL MC SILK SHT EST.INFASL,ANALE
34835,CONJ COTTON REGATA BORD SHORTS LISO CAD LUREX.INFASL,ANALE
34836,CONJ COTTON REG BERM SHORT EST.INFASL,ANALE
34837,VESTIDO ALCA EST MM BORD.INFASL,ANALE
34838,CONJ MC SILK BERM MOLETINHO LISA.INFOPR,CLEOMARA CONFECCOES
34839,CONJ REGATA SILK BERM MOLETINHO LISA.INFOSL,CLEOMARA CONFECCOES
34840,REGATA MACHAO MM SILK.JUVOSL,CLEOMARA CONFECCOES
34841,CONJUNTO FITNESS TOP VAZADO E CALCA IMPORTADO. FFPR,AGTEX
34842,TOP CROPPED RENDA COM FORRO.FJSL,GELIO
34843,TOP LISTRADO.JUVASL,GELIO
34844,REGATA ALCA FINA POLIAMIDA BAS.FJSL,GELIO
34845,SHORT FAIXA BOLSOS 100% ALG.INFASL,GRAO JEANS
34846,SHORT CADARCO BOLSOS 100% ALG.JUVASL,GRAO JEANS
34847,CUECA BOXER S/ COSTURA POLIAM.MISL,AGTEX
34848,CALCINHA FIO CANELADA S/ COSTURA POLIAM.FISL,AGTEX
34849,CALCINHA TANGA CANELADA S/ COSTURA POLIAM.FISL,AGTEX
34850,VEST S/M CANEL MIDI ABERTO NAS COSTAS POLIAMIDA.FJSL,AGTEX
34851,BL BABY LOOK M/M RIBANA LISA.FJSL,COTTON STAR
34852,REGATA CROPPED RIBANA LISA.FJSL,COTTON STAR
34853,REGATA LONGA RIBANA LISA.FCSL,COTTON STAR
34854,BLUSA M/M ROMANTIQUE GOLA BOBA. FCSL,ONLLEY
34855,BLUSA M/M GOLA REDONDA COM VIVO. FCSL,ONLLEY
34856,JAQUETA NYLON MASC C/ RETILINEA.MJPR,GELIO
34857,SHORT COM PALA.FPSL,BELA CHICCA
34858,BLUSA M/L CANELADA SEGUNDA PELE.FJSL,MINHA ESTAMPA
34859,MACACAO CAMILA.FPSL,BELA CHICCA
34860,BATA ARIANA PLUS SIZE.FPSL,BELA CHICCA
34861,MACAQUINHO TALITA.FPSL,BELA CHICCA
34862,BLUSA DAGMAR.FPSL,BELA CHICCA
34863,CALCA KEITY.FPSL,BELA CHICCA
34864,CALCA LUZIA PLUS SIZE.FPSL,BELA CHICCA
34865,CALCA SILVIA.FPSL,BELA CHICCA
34866,BLUSA REJANE.FPSL,BELA CHICCA
34867,REGATA MASC MACHAO MJAR,LEASH
34868,REGATA MASC MACHAO PLUS MPAR,LEASH
34869,CAMISETA MASC PLUS PIQUET MPPR,LEASH
34870,SHORT JEANS COS ELAST 1/2 FAIXA.INFASL,TRAJADINHO
34871,SHORT JEANS COS ELAST 1/2 FAIXA.INFAPR,TRAJADINHO
34872,SHORT JEANS COS ELAST BOLSO FRONTAL.INFAPR,TRAJADINHO
34873,SHORT JEANS COS ELAST BORD FLOR.INFAPR,TRAJADINHO
34874,SHORT JEANS COS ELASTICO.INFAPR,TRAJADINHO
34875,JARDINEIRA SARJA BOTOES.INFAPR,TRAJADINHO
34876,CAMISETA MASC GOLA PORTUGUESA MCPR,LEASH
34877,BOLSA TERMICA P/ MARMITAS. AASF,FELIPE
34878,JARDINEIRA SARJA BOTOES.INFAPR,TRAJADINHO
34879,SHORT JEANS COS ELAST. 1/2 FAIXA.JUVAPR,TRAJADINHO
34880,SHORT JEANS COS ELASTICO BOLSO FRONTAL.JUVAPR,TRAJADINHO
34881,SHORT SAIA JEANS.JUVAPR,TRAJADINHO
34882,CALCA PANTALONA VISCOSE LISA PLUS SIZE.FPSL,STYLLO ÚNICO
34883,CAMISA MASC MC GOLA PORTUGUESA MCPR,ANJUU
34884,BERMUDA MASC SARJA MEPR,BUSY
34885,BERMUDA MASC JEANS MEPR,BUSY
34886,BERMUDA MASC JEANS MEPR,BUSY
34887,BERMUDA MASC JEANS MEPR,BUSY
34888,CALCA FEM PANTAL ANA RUGA COS ELAST.FJSL,MENTA E MELLOW
34889,BLUSA FEM DUNA ABOTOA NO PESCOCO.FCPR,STYLE BOX
34890,SHORT SAIA PREGA 2 BOTOES.FJSL,STYLE BOX
34891,COLETE BOTOES TIPO MADEIRA.FJPR,STYLE BOX
34892,BERMUDA MASC MOLETINHO BASICA MJAR,LEVI IMPORTADOS / OUMENGKAI
34893,VEST LONGO DUNA S/ MANGA C/ BOLSO.FCPR,STYLE BOX
34894,BERMUDA MASC MOLETINHO RECORTE FRONTAL MJAR,LEVI IMPORTADOS / OUMENGKAI
34895,VEST MIDI DUNA ALCINHA BABADO ABAIXO BUSTO.FJPR,STYLE BOX
34896,VEST CURTO ALCINHA CHIFON C/ FORRO.FJPR,STYLE BOX
34897,CAMISA FEM MG CURTA LISTRA.FCPR,STYLE BOX
34898,BL S/ MG MALHA FRIA DEC QUADRADO.FCPR,STYLE BOX
34899,SAIA MIDI MALHA FRIA FRANZ E FENDA LAT.FCPR,STYLE BOX
34900,BL S/ MG MALHA FRIA GOLA ALTA.FCPR,STYLE BOX
34901,BL S/ MG MALHA FRIA DEC DEGAGE.FCPR,STYLE BOX
34902,VEST. MIDI MALHA FRIA ALCINHA FDA LAT.FJPR,STYLE BOX
34903,BLUSA MG CURTA ANA RUGA DEC V FRANZ.FJSL,STYLE BOX
34904,CALCA FEM RETA ANA RUGA C/ BOLSO E COS ELAST.FJSL,STYLE BOX
34905,SHORT JEANS ELASTICO CAD. NERVURA.INFAMS,VG
34906,SHORT JEANS ELASTICO CAD. NERVURA .JUVAMS,VG
34907,SHORT DUNA PLUS SIZE.FPSL,ONLLEY
34908,MEIA SOQUETE FIO 40 NUDE. AASF,SELENE
34909,CALCA PANTALONA COM PREGAS E BOTAO.FCPR,BELA CHICCA
34910,MACAQUINHO COM BOLSO E BOTOES.FCPR,BELA CHICCA
34911,CALCA PANTAL LISTRADO BARRADA.FJPR,STYLE BOX
34912,SAIA LONGA 3 MARIAS ANA RUGA.FCPR,STYLE BOX
34913,SHORT VISCOLINHO COM BOLSO.FCSL,BELA CHICCA
34914,SAIA MID ESTAMPADA COM BOTAO.FCPR,BELA CHICCA
34915,BERMUDA MASC CARGO JEANS MARMORIZADA MEPR,ECXO JEANS
34916,BLUSA S/ MG ANA RUGA C/ FRANZIDO LATERAL.FCSL,STYLE BOX
34917,VESTIDO CURTO ALCINHA BABY DOLL.FJPR,STYLE BOX
34918,BERMUDA MASC JEANS MEPR,ECXO JEANS
34919,BERMUDA MASC JEANS MEPR,ECXO JEANS
34920,BLUSA SOCIAL ALCA FINA .FCPR,COM ESTYLLO
34921,CALCA SOCIAL RETA COM BOLSO.FCPR,COM ESTYLLO
34922,CALCA MASC JOGGER ELASTANO MJSL,ROTA DA ONDA
34923,BERMUDA MASC CARGO SARJA MCPR,ROTA DA ONDA
34924,VESTIDO ALCA FINA COM FENDA.FCPR,COM ESTYLLO
34925,SHORT SOCIAL COM BOTOES. FCPR,COM ESTYLLO
34926,BERMUDA SOCIAL JORTS COM BOLSO. FCPR,COM ESTYLLO
34927,SAIA MID SOCIAL COM PREGAS. FCPR,COM ESTYLLO
34928,COLETE CROPPED DET NA BARRA. FCPR,COM ESTYLLO
34929,KIT C/3 MEIAS CANO CURTO MASC. AASF,BAIYI
34930,BLUSA RENDA.FPPR,EVELINE
34931,CALCA ALADIN.FPPR,EVELINE
34932,VESTIDO LONGO POA.FPPR,EVELINE
34933,CROPPED RENDA.FPPR,EVELINE
34934,SHORT SAIA RENDA.FPPR,EVELINE
34935,CROPPED.FPPR,EVELINE
34936,SHORT.FPPR,EVELINE
34937,VESTIDO COM BOLSO.FPPR,EVELINE
34938,KIT C/3 MEIAS FEM CANO CURTO. AASF,BAIYI
34939,VESTIDO CURTO ALCA.FPPR,EVELINE
34940,CROPPED COM DETALHES.FPPR,EVELINE
34941,CALCA BOLSO.FPPR,EVELINE
34942,CROPPED ALCA LARGA.FPPR,EVELINE
34943,SAIA LONGA.FPPR,EVELINE
34944,SAIA MID MOUSSELINE LISA COM FORRO. FCPR,LILÁS CHIQUE
34945,CAMISA MASC ML POLIAMIDA MCPR,SEA SURF
34947,COLETE ALCA FINA COM BOTOES. FCSL,LILÁS CHIQUE
34948,BERMUDA JORTS COM PREGA. FCPR,LILÁS CHIQUE
34949,SUTIA POLIAMIDA.JUVASL,SEA SURF
34950,VESTIDO LONGO COM AMARRACAO. FCPR,LILÁS CHIQUE
34951,CALCA MASC POLIEST/ELASTANO MJPR,SEA SURF
34952,CALCINHA POLIAMIDA.JUVASL,SEA SURF
34953,MACACAO JOGGUER COM RENDA. FCPR,LILÁS CHIQUE
34954,BERMUDA SOCIAL JORTS. FCPR,LILÁS CHIQUE
34955,SAIA MID SEREIA DET NA BARRA.FCPR,LILÁS CHIQUE
34956,CAMISA MASC POLO POLIAMIDA C/ELASTANO E ZIPER MCPR,SEA SURF
34957,SHORT VISCOLYCRA ESTMP C/ AMARRACAO.FCSL,ONLLEY
34958,SHORT VISCOSE C/ BOLSO ESTAMP SORT.FJSL,ART LIMA
34959,BLUSA M/C BASICA VISCOLYCRA. FCSL,ONLLEY
34960,BLUSA CANELADA MANGA DOBRADA.FCSL,ONLLEY
34961,CROPPED ALCA FINA VISCOLINHO ELAST COSTA.FJSL,BELA CHICCA
34962,SAIA LONGA VISCOLINHO C/ BOLSO E PASSANTE.FJSL,BELA CHICCA
34963,VEST MID VISCOLINHO BABADO FTE UNICA CRUZ FTE.FJPR,BELA CHICCA
34964,BLUSA SEGUNDA PELE FAKE SUEDE GOLA CARECA.FCSL,MINHA ESTAMPA
34965,VESTIDO LONGUETE LISO CINT CORPETE.FCPR,LILÁS CHIQUE
34966,SAIA MID COM RENDA NA BARRA. FCPR,LILÁS CHIQUE
34967,SAIA POA COM RENDA NA BARRA.FCPR,LILÁS CHIQUE
34968,CALCA CARGO VISCOLINHO C/ ELAST NAS COSTAS.FJPR,BELA CHICCA
34969,TANGAO LISO.FIBC,INNOCENCE
34970,TANGA ESTAMPADO.FIBC,INNOCENCE
34971,SHORT BICOLOR COM AMARRACAO. FCPR,ESTILO A
34973,SHORT BASICO MOLETINHO BOLSOS CAD. INFASL,RIPWAY
34974,SHORT BASICO MOLETINHO BOLSOS CAD.JUVASL,RIPWAY
34975,BERM. BASICO MOLETINHO BOLSOS CAD.JUVOSL,RIPWAY
34976,VESTIDO CURTO LISO TRANSP COM BOTAO.FCSL,ESTILO A
34977,SHORT LISO COM BOTOES NO COS.FCSL,ESTILO A
34978,CROPPED ALCA FINA LINHO.FCPR,ESTILO A
34979,CALCA PANTALONA LINHO.FCPR,ESTILO A
34980,VESTIDO LINHO ALCA FINA COM FENDA.FCPR,ESTILO A
34981,BERMUDA MASC CARGO LINHO MJAR,AR JEANS
34982,BLUSA POA COM RENDA.FCPR,LILÁS CHIQUE
34983,VESTIDO LONGO ALCA FINA POA C/ RENDA.FCPR,LILÁS CHIQUE
34984,VESTIDO MID COM RENDA.FCPR,LILÁS CHIQUE
34985,BLUSA ALCA FINA BABADO.FCPR,LILÁS CHIQUE
34986,CROPPED REGATA COM FENDA.FCPR,LILÁS CHIQUE
34987,CALCA ESTAMPADA MOUSSELINE COM FORRO.FCPR,LILÁS CHIQUE
34988,SHORT DOLL LIGANETE ESTAMPADO.FIPR,KAFA
34989,BLUSA LINHO M/M LISA. FCPR,AGTEX
34990,VESTIDO LINHO MID C/FENDA ESTAMP.FCPR,AGTEX
34991,CALCA RETA LINHA LATERAL.FCPR,AGTEX
34992,BLUSA LINHO M/M COM BOTOES.FCPR,AGTEX
34993,VESTIDO LINHO LISO C/ FENDA. FCPR,AGTEX
34994,CAMISETA MC COTTON LISA APL. STRASS.INFAMS,BY GUIGA
34995,REGATA ALCA DUPLA NADADOR RIB. LISA APL. STRASS.INFASL,BY GUIGA
34996,CAMISETA MC RIB. CANELADA BASICA.INFAMS,BY GUIGA
34997,REGATA ALCA DUPLA NADADOR RIB. CANELADA BASICA.INFASL,BY GUIGA
34998,REGATA ALCA DUPLA NADADOR RIB. CANELADA BASICA.JUVASL,BY GUIGA
34999,REGATA ALCA RIBANA.FPSL,SEMINAS
35000,REGATA CANELADA COM FRISO.FPSL,ONLLEY
35001,SHORT FEM CARGO.FJSL,JEZZIAN
35002,BLUSA M/M MORCEGO ESTAMPADA.FCPR,ESTILO A
35003,SHORT ESTAMPADO C/ DETALHE NO COS.FCPR,ESTILO A
35004,VESTIDO CURTO ESTAMP AMARR NO BUSTO.FCPR,ESTILO A
35005,BLUSA TRANSPASSADA COM BOTAO.FCPR,ESTILO A
35006,SAIA MID TRANSPASSADA ESTAMP.FCPR,ESTILO A
35007,BERMUDA MASC MOLETOM C/ BOLSO MJSL,SEMINAS
35008,REGATA MASC CANELADA MJSL,SEMINAS
35009,CAMISETA MASC GOLA V CANELADA MJSL,SEMINAS
35010,CAMISETA MASC GOLA REDONDA VISCOLYCRA MJSL,SEMINAS
35011,BLUSA REGATA GOLA V COM BOTAO.FCPR,ESTILO A
35012,SHORT COS ALTO ESTAMPADO.FCPR,ESTILO A
35013,BLUSA REGATA COM BORDADO.FCPR,ESTILO A
35014,CALCA PANTALONA COM BORDADO NAS LATERAIS.FCPR,ESTILO A
35015,VESTIDO ALCA FINA COM BORDADO BARRADO.FCPR,ESTILO A
35016,SHORT ALFAITARIA COM FRIZO.FCSL,FFK
35017,SHORT ALFAITARIA COM BOTAO.FCSL,DC TEXTIL
35018,REGATA POLIAMIDA C/ ELASTANO ALCA LARGA.FCSL,ALTERAÇÃO
35019,SHORT COM BOLSO COS LARGO SENSORIAL.FCSL,FFK
35020,SHORT DUNALINHO LISO.FCSL,FFK
35021,BLUSA ALCINHA BATA FRANZIDA ABAIXO DO BUSTO.FJPR,STYLE BOX
35022,T-SHIRT MEIA MANGA ALGODAO ESTAMP.FCSL,DC TEXTIL
35023,T-SHIRT MEIA MANGA ALGODAO ESTAMP.FCSL,DC TEXTIL
35024,T-SHIRT MEIA MANGA ALGODAO ESTAMP.FCSL,DC TEXTIL
35025,T-SHIRT MEIA MANGA ALGODAO ESTAMP.FCSL,DC TEXTIL
35026,T-SHIRT MEIA MANGA ALGODAO ESTAMP.FCSL,DC TEXTIL
35027,T-SHIRT MEIA MANGA ALGODAO ESTAMP.FCSL,DC TEXTIL
35028,T-SHIRT MEIA MANGA ALGODAO LISA.FCSL,DC TEXTIL
35029,CALCA BALLON RECORTE. FEPR,PLAY DENIM
35030,CALCA JEANS FEM BALLON SARJA CATION. FEPR,PLAY DENIM
35031,CALCA FEM JEANS WIDE BL FACA LISTRADA. FEPR,PLAY DENIM
35032,SHORT FEM JEANS SARJA LISTRA C/ PREGA. FEPR,PLAY DENIM
35033,SHORT FEM JEANS C/PREGA. FEPR,PLAY DENIM
35034,CALCA FEM JEANS BAGGY RECORTE C/ BOLSO. FEPR,PLAY DENIM
35035,CALCA FEM JEANS WIDE LEG SARJA. FEPR,PLAY DENIM
35036,BATA ALCA FINA LISTRADA C/ AMARRACAO.FPPR,EVELINE
35037,CALCA LISTRADA.FPPR,EVELINE
35038,CROPPED ALCA LARGA.FPPR,EVELINE
35039,SHORT SAIA LISTRADO.FPPR,EVELINE
35040,BATA ALCA FINA LISTRADA.FPPR,EVELINE
35041,SHORT COM BOLSO LISTRO.FPPR,EVELINE
35042,SHORT ALFAIATARIA C/ BOTAO. FPPR,OULUSHA
35043,CONJUNTO LINHO CROPPED E SHORT. FJPR,OULUSHA
35044,BLUSA M/M GOLA CARECA. FJPR,OULUSHA
35045,BLUSA M/M CANELADA GOLA CARECA. FJPR,OULUSHA
35046,CONJUNTO ALFAIATARIA COLETE E CALCA. FCPR,OULUSHA
35047,SHORT C/ PREGA. FCPR,OULUSHA
35048,SHORT FEM PLUS SARJA. FPPR,OULUSHA
35049,CAMISA SOCIAL C/ BOTOES. FCPR,OULUSHA
35050,CONJUNTO LINHO CAMISA E CALCA. FCPR,OULUSHA
35051,CONJUNTO LINHO FEM PLUS CAMISA M/L E SHORT. FPPR,OULUSHA
35052,SHORT FEM PLUS ALFAIATARIA. FPPR,OULUSHA
35053,CALCA ALFAIATARIA C/ FIVELA. FCPR,OULUSHA
35054,BLUSA FEM M/M CANELADA . FCPR,OULUSHA
35055,CONJUNTO FEM PLUS EST CAMISA M/M E SHORT. FPPR,OULUSHA
35056,BLUSA ALCA LARGA DETALHE RENDA. FJPR,OLUSHA
35057,CONJUNTO FEM PLUS LISO CAMISA M/M E SHORT. FPPR,OULUSHA
35058,REGATA GOLA CARECA.FJPR,YUNEE
35059,REGATA LISTRA NA LATERAL.FJPR,YUNEE
35060,CONJUNTO DE LINHO CAMISA M/L E SHORT C/ ELASTICO. FCPR,OULUSHA
35061,CALCA FEM ALFAIATARIA C/PREGA. FCPR,AIDI
35062,BLUSA FEM GOLA V S/M. FCPR,FOUR SEASONS
35063,BLUSA DRAPEADA C/ FIVELA ORGANICA.FCPR,FOUR SEASONS
35064,CONJUNTO FITNESS DETALHE VIVO BLUSA / CALCA C/BOLSO.FFPR,3RD
35065,MACACAO FEM FITNESS C/DETALHE VIVO. FFPR,3RD
35066,CONJUNTO FEM FITNESS TOP E CALCA FLARE DETALHE VIVO. FFPR,3RD
35067,CONJUNTO FEM FITNESS TOP E CALCA FAIXA LATERAL. FFPR,3RD
35068,CONJUNTO FEM FITNESS CANELADO PREMIUM TOP E CALCA. FFPR,3RD
35069,CONJUNTO FEM FITNESS SHORT SAIA E TOP.FFPR,3RD
35070,CALCA FEM JEANS BARREL.FEPR,OPTIMIST JEANS
35071,CALCA FEM JEANS PANTACOURT. FEPR,OPTIMIST JEANS
35072,CALC FEM JEANS PANTACOURT PLUS. FEPR,OPTIMIST JEANS
35073,SHORT FEM JEANS CARGO.FEPR,OPTIMIST JEANS
35074,CALCA FEM JEANS WIDE LEG PLUS. FEPR,OPTIMIST JEANS
35075,SHORT FEM JEANS CLASSICO. FEPR,OPTIMIST JEANS
35076,CALCA FEM JEANS PANTACOUR PLUS.FEPR,OPTIMIST JEANS
35077,CALCA FEM JEANS PANTACOUR.FEPR,OPTIMIST JEANS
35078,SHORT FEM JEANS LYC PLUS. FEPR,OPTIMIST JEANS
35079,SHORT FEM JEANS LYC PLUS,OPTIMIST JEANS
35080,SHORT FEM JEANS CARGO. FEPR,OPTIMIST JEANS
35081,CALCA C/ FRISO COS ELASTICO . FJPR,3RD
35082,VESTIDO HELLO KITTY COTTON SAIA TULE GLITTER.INFAPR,MINI CLOSET
35083,BLUSA HELLO KITTY AND FRIENDS MM.INFAPR,MINI CLOSET
35084,REGATA HELLO KITTY AND FRIENDS RIBANA.INFAPR,MINI CLOSET
35085,BLUSA HELLO KITTY AND FRIENDS MM.INFAPR,MINI CLOSET
35086,SHORTS SAIA HELLO KITTY MOLETINHO.INFAPR,MINI CLOSET
35087,SAIA TULE MM ELAST. HELLO KITTY.INFAPR,MINI CLOSET
35088,REGATA HELLO KITTY BORDADO RIBANA.JUVAPR,MINI CLOSET
35089,BLUSA HELLO KITTY RAGLAN.JUVAPR,MINI CLOSET
35090,BLUSA CROPPED HELLO KITTY MM.JUVAPR,MINI CLOSET
35091,BLUSA OVER HELLO KITTY MM.JUVPR,MINI CLOSET
35093,REGATA MASC DRY C/ SILK MJSL,SS
35094,BERMUDA MALHA SPORT GALAO DUPLO.INFOSL,KALELA
35095,REGATA MASC DRY LISA PLUS MPSL,SS
35096,BERMUDA HIDRONATYC LISO C/ CAD.INFOSL,KALELA
35097,BERMUDA MALHA SPORT GALAO DUPLO.JUVOSL,KALELA
35098,BERMUDA HIODRONATYC LISO C/ CAD.JUVOSL,KALELA
35099,CAMISETA MASC DRY C/ SILK MJSL,SS
35100,CAMISETA MASC DRY LISA PLUS MPSL,SS
35101,PREGADEIRA CLASSICA. AASF,GABRIEL CAMP
35102,BLUSA GOLA BOBA.FPSL,ONLLEY
35103,KIT CARTEIRA + CANECA,JULIA
35104,BOLSA PARA PRESENTE KRAFT,LILI
35105,SHORT MOLETINHO PLUS.FPSL,ONLLEY
35106,SHORT SAIA LINHO C/ FENDA.FJSL,ONLLEY
35107,VESTIDO INDIANO SEDA,LANY
35108,VESTIDO LINHO CURTO FTE UNICA.FJPR,STYLE BOX
35109,BERMUDA LINHO COM ELASTICO E AMARRACAO.FCPR,STYLE BOX
35110,VESTIDO MIDI ALCINHO LINHO ESTAMP.FJPR,INVENTA MODA
35111,CROPPED ONCINHA ABOTOA NAS COSTAS.FJPR,INVENTA MODA
35112,MACACAO ALCINHA ONCINHA ZIPER LAT.FJPR,INVENTA MODA
35113,BERM LINHO ESTAMP C/ BOLSO.FJPR,INVENTA MODA
35114,CROPPED LINHO ESTAMP TORCAO FTE.FJPR,INVENTA MODA
35115,CROPPED PEPLUM ALCINHA LASTEX COSTAS.FJPR,INVENTA MODA
35116,BERMUDA MASC MOLETINHO C/ BOLSO COS FUNCIONAL.MJAR,MINHA ESTAMPA
35117,REGATA MASC DRY.MJAR,MINHA ESTAMPA
35118,T-SHIRT MASC DRY.MJAR,MINHA ESTAMPA
35119,CALCA JOGGER MASC DRY C/ BOLSO.MJAR,MINHA ESTAMPA
35120,CAMISA MASC DRY ML.MJAR,MINHA ESTAMPA
35124,CARTEIRA MASC PREMIUM. AASF,FELIPE
35125,NECESSAIRE MASC LISTRADA. AASF,FELIPE
35126,KIT CALCINHA FIO 2 CORES .FIAR,J COLOUR
35127,REGATA CANELADA VIVO.FCSL,ONLLEY
35128,BLUSA REGATA GOLA V ESTAMPADA.FCPR,ESTILO A
35129,SHORT ESTAMPADO COM AMARRACAO.FCPR,ESTILO A
35130,VESTIDO LONGO ESTAMPADO.FCPR,ESTILO A
35131,SHORT DOLL BL. MC ESTAMPADO SUED.INFASL,MINHA ESTAMPA
35132,BLUSA OMBRO A OMBRO MANGA BARRADA.FCPR,ESTILO A
35133,SHORT DOLL BL. MC ESTAMPADO SUED.JUVASL,MINHA ESTAMPA
35134,SAIA LISTRADA COS ALTO COM BARRADO.FCPR,ESTILO A
35135,BLUSA TWILL ALCA FINA LISA.FCPR,ESTILO A
35136,SAIA 1 MARIA CHIFFON COM FORRO.FCPR,ESTILO A
35137,VESTIDO CHIFFON 1 MARIA ALCA FINA.FCPR,ESTILO A
35138,VESTIDO CURTO TOSCANA LISO COM FENDA.FCPR,ESTILO A
35139,SHORT DOLL REGATA ESTAMPADO SUED.INFASL,MINHA ESTAMPA
35140,SHORT DOLL REGATA ESTAMPADO SUED.JUVASL,MINHA ESTAMPA
35141,BLUSA DECOTE RETO VISCOFLAIR.FCPR,ESTILO A
35142,SAIA MID VISCOFLAIR COM AMARRACAO.FCPR,ESTILO A
35143,BLUSA UM OMBRO SO TOSCANA.FCPR,ESTILO A
35144,CALCA PANTALONA LISA TOSCANA.FCPR,ESTILO A
35145,BLUSA DECOTE U C/ RENDA E BOTOES. FJPR,ADD
35146,CONJUNTO COLETE C/ BOTOES E CALCA . FCPR,ADD